Supply Point Identifier,Interval Start,Interval End,Value,Units,Device ID,Register ID,Quality
,2026-04-01 00:00:00+13:00,2026-04-01 00:30:00+13:00,0.369,KWH,,1,actual
,2026-04-01 00:00:00+13:00,2026-04-01 00:30:00+13:00,0,KWH,,2,actual
,2026-04-01 00:30:00+13:00,2026-04-01 01:00:00+13:00,0.354,KWH,,1,actual
,2026-04-01 00:30:00+13:00,2026-04-01 01:00:00+13:00,0,KWH,,2,actual
,2026-04-01 01:00:00+13:00,2026-04-01 01:30:00+13:00,0,KWH,,2,actual
,2026-04-01 01:00:00+13:00,2026-04-01 01:30:00+13:00,0.361,KWH,,1,actual
,2026-04-01 01:30:00+13:00,2026-04-01 02:00:00+13:00,0.395,KWH,,1,actual
,2026-04-01 01:30:00+13:00,2026-04-01 02:00:00+13:00,0,KWH,,2,actual
,2026-04-01 02:00:00+13:00,2026-04-01 02:30:00+13:00,0,KWH,,2,actual
,2026-04-01 02:00:00+13:00,2026-04-01 02:30:00+13:00,0.368,KWH,,1,actual
,2026-04-01 02:30:00+13:00,2026-04-01 03:00:00+13:00,0.407,KWH,,1,actual
,2026-04-01 02:30:00+13:00,2026-04-01 03:00:00+13:00,0,KWH,,2,actual
,2026-04-01 03:00:00+13:00,2026-04-01 03:30:00+13:00,0,KWH,,2,actual
,2026-04-01 03:00:00+13:00,2026-04-01 03:30:00+13:00,0.386,KWH,,1,actual
,2026-04-01 03:30:00+13:00,2026-04-01 04:00:00+13:00,0.48,KWH,,1,actual
,2026-04-01 03:30:00+13:00,2026-04-01 04:00:00+13:00,0,KWH,,2,actual
,2026-04-01 04:00:00+13:00,2026-04-01 04:30:00+13:00,0,KWH,,2,actual
,2026-04-01 04:00:00+13:00,2026-04-01 04:30:00+13:00,0.427,KWH,,1,actual
,2026-04-01 04:30:00+13:00,2026-04-01 05:00:00+13:00,0.445,KWH,,1,actual
,2026-04-01 04:30:00+13:00,2026-04-01 05:00:00+13:00,0,KWH,,2,actual
,2026-04-01 05:00:00+13:00,2026-04-01 05:30:00+13:00,0,KWH,,2,actual
,2026-04-01 05:00:00+13:00,2026-04-01 05:30:00+13:00,0.533,KWH,,1,actual
,2026-04-01 05:30:00+13:00,2026-04-01 06:00:00+13:00,0,KWH,,2,actual
,2026-04-01 05:30:00+13:00,2026-04-01 06:00:00+13:00,0.58,KWH,,1,actual
,2026-04-01 06:00:00+13:00,2026-04-01 06:30:00+13:00,1.102,KWH,,1,actual
,2026-04-01 06:00:00+13:00,2026-04-01 06:30:00+13:00,0,KWH,,2,actual
,2026-04-01 06:30:00+13:00,2026-04-01 07:00:00+13:00,0,KWH,,2,actual
,2026-04-01 06:30:00+13:00,2026-04-01 07:00:00+13:00,0.979,KWH,,1,actual
,2026-04-01 07:00:00+13:00,2026-04-01 07:30:00+13:00,0.949,KWH,,1,actual
,2026-04-01 07:00:00+13:00,2026-04-01 07:30:00+13:00,0,KWH,,2,actual
,2026-04-01 07:30:00+13:00,2026-04-01 08:00:00+13:00,0,KWH,,2,actual
,2026-04-01 07:30:00+13:00,2026-04-01 08:00:00+13:00,0.984,KWH,,1,actual
,2026-04-01 08:00:00+13:00,2026-04-01 08:30:00+13:00,1.473,KWH,,1,actual
,2026-04-01 08:00:00+13:00,2026-04-01 08:30:00+13:00,1.254,KWH,,2,actual
,2026-04-01 08:30:00+13:00,2026-04-01 09:00:00+13:00,0.734,KWH,,2,actual
,2026-04-01 08:30:00+13:00,2026-04-01 09:00:00+13:00,1.485,KWH,,1,actual
,2026-04-01 09:00:00+13:00,2026-04-01 09:30:00+13:00,1.156,KWH,,1,actual
,2026-04-01 09:00:00+13:00,2026-04-01 09:30:00+13:00,0,KWH,,2,actual
,2026-04-01 09:30:00+13:00,2026-04-01 10:00:00+13:00,0,KWH,,2,actual
,2026-04-01 09:30:00+13:00,2026-04-01 10:00:00+13:00,0.871,KWH,,1,actual
,2026-04-01 10:00:00+13:00,2026-04-01 10:30:00+13:00,0,KWH,,2,actual
,2026-04-01 10:00:00+13:00,2026-04-01 10:30:00+13:00,0.827,KWH,,1,actual
,2026-04-01 10:30:00+13:00,2026-04-01 11:00:00+13:00,0.834,KWH,,1,actual
,2026-04-01 10:30:00+13:00,2026-04-01 11:00:00+13:00,0,KWH,,2,actual
,2026-04-01 11:00:00+13:00,2026-04-01 11:30:00+13:00,0,KWH,,2,actual
,2026-04-01 11:00:00+13:00,2026-04-01 11:30:00+13:00,0.889,KWH,,1,actual
,2026-04-01 11:30:00+13:00,2026-04-01 12:00:00+13:00,0.681,KWH,,1,actual
,2026-04-01 11:30:00+13:00,2026-04-01 12:00:00+13:00,0,KWH,,2,actual
,2026-04-01 12:00:00+13:00,2026-04-01 12:30:00+13:00,0,KWH,,2,actual
,2026-04-01 12:00:00+13:00,2026-04-01 12:30:00+13:00,0.704,KWH,,1,actual
,2026-04-01 12:30:00+13:00,2026-04-01 13:00:00+13:00,0,KWH,,2,actual
,2026-04-01 12:30:00+13:00,2026-04-01 13:00:00+13:00,0.732,KWH,,1,actual
,2026-04-01 13:00:00+13:00,2026-04-01 13:30:00+13:00,0,KWH,,2,actual
,2026-04-01 13:00:00+13:00,2026-04-01 13:30:00+13:00,0.568,KWH,,1,actual
,2026-04-01 13:30:00+13:00,2026-04-01 14:00:00+13:00,0.563,KWH,,1,actual
,2026-04-01 13:30:00+13:00,2026-04-01 14:00:00+13:00,0,KWH,,2,actual
,2026-04-01 14:00:00+13:00,2026-04-01 14:30:00+13:00,0,KWH,,2,actual
,2026-04-01 14:00:00+13:00,2026-04-01 14:30:00+13:00,0.752,KWH,,1,actual
,2026-04-01 14:30:00+13:00,2026-04-01 15:00:00+13:00,0,KWH,,2,actual
,2026-04-01 14:30:00+13:00,2026-04-01 15:00:00+13:00,0.591,KWH,,1,actual
,2026-04-01 15:00:00+13:00,2026-04-01 15:30:00+13:00,0.543,KWH,,1,actual
,2026-04-01 15:00:00+13:00,2026-04-01 15:30:00+13:00,0,KWH,,2,actual
,2026-04-01 15:30:00+13:00,2026-04-01 16:00:00+13:00,0,KWH,,2,actual
,2026-04-01 15:30:00+13:00,2026-04-01 16:00:00+13:00,0.54,KWH,,1,actual
,2026-04-01 16:00:00+13:00,2026-04-01 16:30:00+13:00,0.518,KWH,,1,actual
,2026-04-01 16:00:00+13:00,2026-04-01 16:30:00+13:00,0,KWH,,2,actual
,2026-04-01 16:30:00+13:00,2026-04-01 17:00:00+13:00,0.482,KWH,,1,actual
,2026-04-01 16:30:00+13:00,2026-04-01 17:00:00+13:00,0.78,KWH,,2,actual
,2026-04-01 17:00:00+13:00,2026-04-01 17:30:00+13:00,0.73,KWH,,2,actual
,2026-04-01 17:00:00+13:00,2026-04-01 17:30:00+13:00,1.017,KWH,,1,actual
,2026-04-01 17:30:00+13:00,2026-04-01 18:00:00+13:00,0,KWH,,2,actual
,2026-04-01 17:30:00+13:00,2026-04-01 18:00:00+13:00,0.525,KWH,,1,actual
,2026-04-01 18:00:00+13:00,2026-04-01 18:30:00+13:00,0.311,KWH,,1,actual
,2026-04-01 18:00:00+13:00,2026-04-01 18:30:00+13:00,0,KWH,,2,actual
,2026-04-01 18:30:00+13:00,2026-04-01 19:00:00+13:00,0.852,KWH,,2,actual
,2026-04-01 18:30:00+13:00,2026-04-01 19:00:00+13:00,0.267,KWH,,1,actual
,2026-04-01 19:00:00+13:00,2026-04-01 19:30:00+13:00,1.557,KWH,,2,actual
,2026-04-01 19:00:00+13:00,2026-04-01 19:30:00+13:00,0.236,KWH,,1,actual
,2026-04-01 19:30:00+13:00,2026-04-01 20:00:00+13:00,0.295,KWH,,1,actual
,2026-04-01 19:30:00+13:00,2026-04-01 20:00:00+13:00,1.519,KWH,,2,actual
,2026-04-01 20:00:00+13:00,2026-04-01 20:30:00+13:00,0.55,KWH,,1,actual
,2026-04-01 20:00:00+13:00,2026-04-01 20:30:00+13:00,0,KWH,,2,actual
,2026-04-01 20:30:00+13:00,2026-04-01 21:00:00+13:00,1.13,KWH,,1,actual
,2026-04-01 20:30:00+13:00,2026-04-01 21:00:00+13:00,0,KWH,,2,actual
,2026-04-01 21:00:00+13:00,2026-04-01 21:30:00+13:00,2.358,KWH,,1,actual
,2026-04-01 21:00:00+13:00,2026-04-01 21:30:00+13:00,0,KWH,,2,actual
,2026-04-01 21:30:00+13:00,2026-04-01 22:00:00+13:00,2.494,KWH,,1,actual
,2026-04-01 21:30:00+13:00,2026-04-01 22:00:00+13:00,0.069,KWH,,2,actual
,2026-04-01 22:00:00+13:00,2026-04-01 22:30:00+13:00,3.321,KWH,,1,actual
,2026-04-01 22:00:00+13:00,2026-04-01 22:30:00+13:00,1.478,KWH,,2,actual
,2026-04-01 22:30:00+13:00,2026-04-01 23:00:00+13:00,1.501,KWH,,2,actual
,2026-04-01 22:30:00+13:00,2026-04-01 23:00:00+13:00,2.544,KWH,,1,actual
,2026-04-01 23:00:00+13:00,2026-04-01 23:30:00+13:00,1.506,KWH,,2,actual
,2026-04-01 23:00:00+13:00,2026-04-01 23:30:00+13:00,2.55,KWH,,1,actual
,2026-04-01 23:30:00+13:00,2026-04-02 00:00:00+13:00,1.486,KWH,,2,actual
,2026-04-01 23:30:00+13:00,2026-04-02 00:00:00+13:00,2.986,KWH,,1,actual
,2026-04-02 00:00:00+13:00,2026-04-02 00:30:00+13:00,1.474,KWH,,2,actual
,2026-04-02 00:00:00+13:00,2026-04-02 00:30:00+13:00,2.362,KWH,,1,actual
,2026-04-02 00:30:00+13:00,2026-04-02 01:00:00+13:00,2.437,KWH,,1,actual
,2026-04-02 00:30:00+13:00,2026-04-02 01:00:00+13:00,0.089,KWH,,2,actual
,2026-04-02 01:00:00+13:00,2026-04-02 01:30:00+13:00,2.488,KWH,,1,actual
,2026-04-02 01:00:00+13:00,2026-04-02 01:30:00+13:00,0,KWH,,2,actual
,2026-04-02 01:30:00+13:00,2026-04-02 02:00:00+13:00,0,KWH,,2,actual
,2026-04-02 01:30:00+13:00,2026-04-02 02:00:00+13:00,2.479,KWH,,1,actual
,2026-04-02 02:00:00+13:00,2026-04-02 02:30:00+13:00,0,KWH,,2,actual
,2026-04-02 02:00:00+13:00,2026-04-02 02:30:00+13:00,2.502,KWH,,1,actual
,2026-04-02 02:30:00+13:00,2026-04-02 03:00:00+13:00,2.594,KWH,,1,actual
,2026-04-02 02:30:00+13:00,2026-04-02 03:00:00+13:00,0,KWH,,2,actual
,2026-04-02 03:00:00+13:00,2026-04-02 03:30:00+13:00,0,KWH,,2,actual
,2026-04-02 03:00:00+13:00,2026-04-02 03:30:00+13:00,2.598,KWH,,1,actual
,2026-04-02 03:30:00+13:00,2026-04-02 04:00:00+13:00,2.615,KWH,,1,actual
,2026-04-02 03:30:00+13:00,2026-04-02 04:00:00+13:00,0,KWH,,2,actual
,2026-04-02 04:00:00+13:00,2026-04-02 04:30:00+13:00,2.712,KWH,,1,actual
,2026-04-02 04:00:00+13:00,2026-04-02 04:30:00+13:00,0,KWH,,2,actual
,2026-04-02 04:30:00+13:00,2026-04-02 05:00:00+13:00,0,KWH,,2,actual
,2026-04-02 04:30:00+13:00,2026-04-02 05:00:00+13:00,2.634,KWH,,1,actual
,2026-04-02 05:00:00+13:00,2026-04-02 05:30:00+13:00,2.25,KWH,,1,actual
,2026-04-02 05:00:00+13:00,2026-04-02 05:30:00+13:00,0,KWH,,2,actual
,2026-04-02 05:30:00+13:00,2026-04-02 06:00:00+13:00,0,KWH,,2,actual
,2026-04-02 05:30:00+13:00,2026-04-02 06:00:00+13:00,1.38,KWH,,1,actual
,2026-04-02 06:00:00+13:00,2026-04-02 06:30:00+13:00,0,KWH,,2,actual
,2026-04-02 06:00:00+13:00,2026-04-02 06:30:00+13:00,1.375,KWH,,1,actual
,2026-04-02 06:30:00+13:00,2026-04-02 07:00:00+13:00,1.254,KWH,,1,actual
,2026-04-02 06:30:00+13:00,2026-04-02 07:00:00+13:00,0,KWH,,2,actual
,2026-04-02 07:00:00+13:00,2026-04-02 07:30:00+13:00,1.151,KWH,,1,actual
,2026-04-02 07:00:00+13:00,2026-04-02 07:30:00+13:00,0,KWH,,2,actual
,2026-04-02 07:30:00+13:00,2026-04-02 08:00:00+13:00,1.359,KWH,,1,actual
,2026-04-02 07:30:00+13:00,2026-04-02 08:00:00+13:00,0,KWH,,2,actual
,2026-04-02 08:00:00+13:00,2026-04-02 08:30:00+13:00,1.32,KWH,,2,actual
,2026-04-02 08:00:00+13:00,2026-04-02 08:30:00+13:00,1.122,KWH,,1,actual
,2026-04-02 08:30:00+13:00,2026-04-02 09:00:00+13:00,0.501,KWH,,2,actual
,2026-04-02 08:30:00+13:00,2026-04-02 09:00:00+13:00,1.105,KWH,,1,actual
,2026-04-02 09:00:00+13:00,2026-04-02 09:30:00+13:00,0,KWH,,2,actual
,2026-04-02 09:00:00+13:00,2026-04-02 09:30:00+13:00,0.573,KWH,,1,actual
,2026-04-02 09:30:00+13:00,2026-04-02 10:00:00+13:00,0.565,KWH,,1,actual
,2026-04-02 09:30:00+13:00,2026-04-02 10:00:00+13:00,0,KWH,,2,actual
,2026-04-02 10:00:00+13:00,2026-04-02 10:30:00+13:00,0.355,KWH,,1,actual
,2026-04-02 10:00:00+13:00,2026-04-02 10:30:00+13:00,0,KWH,,2,actual
,2026-04-02 10:30:00+13:00,2026-04-02 11:00:00+13:00,0.124,KWH,,1,actual
,2026-04-02 10:30:00+13:00,2026-04-02 11:00:00+13:00,0,KWH,,2,actual
,2026-04-02 11:00:00+13:00,2026-04-02 11:30:00+13:00,0,KWH,,2,actual
,2026-04-02 11:00:00+13:00,2026-04-02 11:30:00+13:00,0.106,KWH,,1,actual
,2026-04-02 11:30:00+13:00,2026-04-02 12:00:00+13:00,0.117,KWH,,1,actual
,2026-04-02 11:30:00+13:00,2026-04-02 12:00:00+13:00,0,KWH,,2,actual
,2026-04-02 12:00:00+13:00,2026-04-02 12:30:00+13:00,0,KWH,,2,actual
,2026-04-02 12:00:00+13:00,2026-04-02 12:30:00+13:00,0.107,KWH,,1,actual
,2026-04-02 12:30:00+13:00,2026-04-02 13:00:00+13:00,0,KWH,,2,actual
,2026-04-02 12:30:00+13:00,2026-04-02 13:00:00+13:00,0.107,KWH,,1,actual
,2026-04-02 13:00:00+13:00,2026-04-02 13:30:00+13:00,0,KWH,,2,actual
,2026-04-02 13:00:00+13:00,2026-04-02 13:30:00+13:00,0.112,KWH,,1,actual
,2026-04-02 13:30:00+13:00,2026-04-02 14:00:00+13:00,0.102,KWH,,1,actual
,2026-04-02 13:30:00+13:00,2026-04-02 14:00:00+13:00,0,KWH,,2,actual
,2026-04-02 14:00:00+13:00,2026-04-02 14:30:00+13:00,0,KWH,,2,actual
,2026-04-02 14:00:00+13:00,2026-04-02 14:30:00+13:00,0.115,KWH,,1,actual
,2026-04-02 14:30:00+13:00,2026-04-02 15:00:00+13:00,1.052,KWH,,2,actual
,2026-04-02 14:30:00+13:00,2026-04-02 15:00:00+13:00,0.521,KWH,,1,actual
,2026-04-02 15:00:00+13:00,2026-04-02 15:30:00+13:00,0.29,KWH,,1,actual
,2026-04-02 15:00:00+13:00,2026-04-02 15:30:00+13:00,0.371,KWH,,2,actual
,2026-04-02 15:30:00+13:00,2026-04-02 16:00:00+13:00,0,KWH,,2,actual
,2026-04-02 15:30:00+13:00,2026-04-02 16:00:00+13:00,0.655,KWH,,1,actual
,2026-04-02 16:00:00+13:00,2026-04-02 16:30:00+13:00,0.934,KWH,,1,actual
,2026-04-02 16:00:00+13:00,2026-04-02 16:30:00+13:00,0,KWH,,2,actual
,2026-04-02 16:30:00+13:00,2026-04-02 17:00:00+13:00,0.824,KWH,,1,actual
,2026-04-02 16:30:00+13:00,2026-04-02 17:00:00+13:00,0,KWH,,2,actual
,2026-04-02 17:00:00+13:00,2026-04-02 17:30:00+13:00,0,KWH,,2,actual
,2026-04-02 17:00:00+13:00,2026-04-02 17:30:00+13:00,0.692,KWH,,1,actual
,2026-04-02 17:30:00+13:00,2026-04-02 18:00:00+13:00,0,KWH,,2,actual
,2026-04-02 17:30:00+13:00,2026-04-02 18:00:00+13:00,0.186,KWH,,1,actual
,2026-04-02 18:00:00+13:00,2026-04-02 18:30:00+13:00,0.276,KWH,,1,actual
,2026-04-02 18:00:00+13:00,2026-04-02 18:30:00+13:00,0,KWH,,2,actual
,2026-04-02 18:30:00+13:00,2026-04-02 19:00:00+13:00,0,KWH,,2,actual
,2026-04-02 18:30:00+13:00,2026-04-02 19:00:00+13:00,0.204,KWH,,1,actual
,2026-04-02 19:00:00+13:00,2026-04-02 19:30:00+13:00,0,KWH,,2,actual
,2026-04-02 19:00:00+13:00,2026-04-02 19:30:00+13:00,0.31,KWH,,1,actual
,2026-04-02 19:30:00+13:00,2026-04-02 20:00:00+13:00,0.597,KWH,,1,actual
,2026-04-02 19:30:00+13:00,2026-04-02 20:00:00+13:00,0.922,KWH,,2,actual
,2026-04-02 20:00:00+13:00,2026-04-02 20:30:00+13:00,0.623,KWH,,1,actual
,2026-04-02 20:00:00+13:00,2026-04-02 20:30:00+13:00,0.925,KWH,,2,actual
,2026-04-02 20:30:00+13:00,2026-04-02 21:00:00+13:00,1.323,KWH,,1,actual
,2026-04-02 20:30:00+13:00,2026-04-02 21:00:00+13:00,0,KWH,,2,actual
,2026-04-02 21:00:00+13:00,2026-04-02 21:30:00+13:00,1.154,KWH,,1,actual
,2026-04-02 21:00:00+13:00,2026-04-02 21:30:00+13:00,0.557,KWH,,2,actual
,2026-04-02 21:30:00+13:00,2026-04-02 22:00:00+13:00,1.281,KWH,,1,actual
,2026-04-02 21:30:00+13:00,2026-04-02 22:00:00+13:00,0.968,KWH,,2,actual
,2026-04-02 22:00:00+13:00,2026-04-02 22:30:00+13:00,0.373,KWH,,1,actual
,2026-04-02 22:00:00+13:00,2026-04-02 22:30:00+13:00,0,KWH,,2,actual
,2026-04-02 22:30:00+13:00,2026-04-02 23:00:00+13:00,0,KWH,,2,actual
,2026-04-02 22:30:00+13:00,2026-04-02 23:00:00+13:00,0.439,KWH,,1,actual
,2026-04-02 23:00:00+13:00,2026-04-02 23:30:00+13:00,0,KWH,,2,actual
,2026-04-02 23:00:00+13:00,2026-04-02 23:30:00+13:00,0.488,KWH,,1,actual
,2026-04-02 23:30:00+13:00,2026-04-03 00:00:00+13:00,0,KWH,,2,actual
,2026-04-02 23:30:00+13:00,2026-04-03 00:00:00+13:00,0.62,KWH,,1,actual
,2026-04-03 00:00:00+13:00,2026-04-03 00:30:00+13:00,0,KWH,,2,actual
,2026-04-03 00:00:00+13:00,2026-04-03 00:30:00+13:00,0.244,KWH,,1,actual
,2026-04-03 00:30:00+13:00,2026-04-03 01:00:00+13:00,0.223,KWH,,1,actual
,2026-04-03 00:30:00+13:00,2026-04-03 01:00:00+13:00,0,KWH,,2,actual
,2026-04-03 01:00:00+13:00,2026-04-03 01:30:00+13:00,0.24,KWH,,1,actual
,2026-04-03 01:00:00+13:00,2026-04-03 01:30:00+13:00,0,KWH,,2,actual
,2026-04-03 01:30:00+13:00,2026-04-03 02:00:00+13:00,0,KWH,,2,actual
,2026-04-03 01:30:00+13:00,2026-04-03 02:00:00+13:00,0.238,KWH,,1,actual
,2026-04-03 02:00:00+13:00,2026-04-03 02:30:00+13:00,0,KWH,,2,actual
,2026-04-03 02:00:00+13:00,2026-04-03 02:30:00+13:00,0.215,KWH,,1,actual
,2026-04-03 02:30:00+13:00,2026-04-03 03:00:00+13:00,0.245,KWH,,1,actual
,2026-04-03 02:30:00+13:00,2026-04-03 03:00:00+13:00,0,KWH,,2,actual
,2026-04-03 03:00:00+13:00,2026-04-03 03:30:00+13:00,0,KWH,,2,actual
,2026-04-03 03:00:00+13:00,2026-04-03 03:30:00+13:00,0.298,KWH,,1,actual
,2026-04-03 03:30:00+13:00,2026-04-03 04:00:00+13:00,0.254,KWH,,1,actual
,2026-04-03 03:30:00+13:00,2026-04-03 04:00:00+13:00,0,KWH,,2,actual
,2026-04-03 04:00:00+13:00,2026-04-03 04:30:00+13:00,0.29,KWH,,1,actual
,2026-04-03 04:00:00+13:00,2026-04-03 04:30:00+13:00,0,KWH,,2,actual
,2026-04-03 04:30:00+13:00,2026-04-03 05:00:00+13:00,0,KWH,,2,actual
,2026-04-03 04:30:00+13:00,2026-04-03 05:00:00+13:00,0.255,KWH,,1,actual
,2026-04-03 05:00:00+13:00,2026-04-03 05:30:00+13:00,0.238,KWH,,1,actual
,2026-04-03 05:00:00+13:00,2026-04-03 05:30:00+13:00,0,KWH,,2,actual
,2026-04-03 05:30:00+13:00,2026-04-03 06:00:00+13:00,0,KWH,,2,actual
,2026-04-03 05:30:00+13:00,2026-04-03 06:00:00+13:00,0.279,KWH,,1,actual
,2026-04-03 06:00:00+13:00,2026-04-03 06:30:00+13:00,0,KWH,,2,actual
,2026-04-03 06:00:00+13:00,2026-04-03 06:30:00+13:00,0.665,KWH,,1,actual
,2026-04-03 06:30:00+13:00,2026-04-03 07:00:00+13:00,0.565,KWH,,1,actual
,2026-04-03 06:30:00+13:00,2026-04-03 07:00:00+13:00,0,KWH,,2,actual
,2026-04-03 07:00:00+13:00,2026-04-03 07:30:00+13:00,0.474,KWH,,1,actual
,2026-04-03 07:00:00+13:00,2026-04-03 07:30:00+13:00,0,KWH,,2,actual
,2026-04-03 07:30:00+13:00,2026-04-03 08:00:00+13:00,0.477,KWH,,1,actual
,2026-04-03 07:30:00+13:00,2026-04-03 08:00:00+13:00,1.053,KWH,,2,actual
,2026-04-03 08:00:00+13:00,2026-04-03 08:30:00+13:00,0.442,KWH,,2,actual
,2026-04-03 08:00:00+13:00,2026-04-03 08:30:00+13:00,0.437,KWH,,1,actual
,2026-04-03 08:30:00+13:00,2026-04-03 09:00:00+13:00,0,KWH,,2,actual
,2026-04-03 08:30:00+13:00,2026-04-03 09:00:00+13:00,1.26,KWH,,1,actual
,2026-04-03 09:00:00+13:00,2026-04-03 09:30:00+13:00,0.205,KWH,,2,actual
,2026-04-03 09:00:00+13:00,2026-04-03 09:30:00+13:00,2.147,KWH,,1,actual
,2026-04-03 09:30:00+13:00,2026-04-03 10:00:00+13:00,1.284,KWH,,1,actual
,2026-04-03 09:30:00+13:00,2026-04-03 10:00:00+13:00,1.49,KWH,,2,actual
,2026-04-03 10:00:00+13:00,2026-04-03 10:30:00+13:00,1.15,KWH,,1,actual
,2026-04-03 10:00:00+13:00,2026-04-03 10:30:00+13:00,1.497,KWH,,2,actual
,2026-04-03 10:30:00+13:00,2026-04-03 11:00:00+13:00,0.868,KWH,,1,actual
,2026-04-03 10:30:00+13:00,2026-04-03 11:00:00+13:00,1.5,KWH,,2,actual
,2026-04-03 11:00:00+13:00,2026-04-03 11:30:00+13:00,0.425,KWH,,2,actual
,2026-04-03 11:00:00+13:00,2026-04-03 11:30:00+13:00,0.967,KWH,,1,actual
,2026-04-03 11:30:00+13:00,2026-04-03 12:00:00+13:00,0.274,KWH,,1,actual
,2026-04-03 11:30:00+13:00,2026-04-03 12:00:00+13:00,0,KWH,,2,actual
,2026-04-03 12:00:00+13:00,2026-04-03 12:30:00+13:00,0,KWH,,2,actual
,2026-04-03 12:00:00+13:00,2026-04-03 12:30:00+13:00,0.16,KWH,,1,actual
,2026-04-03 12:30:00+13:00,2026-04-03 13:00:00+13:00,0,KWH,,2,actual
,2026-04-03 12:30:00+13:00,2026-04-03 13:00:00+13:00,0.163,KWH,,1,actual
,2026-04-03 13:00:00+13:00,2026-04-03 13:30:00+13:00,0.158,KWH,,1,actual
,2026-04-03 13:00:00+13:00,2026-04-03 13:30:00+13:00,0,KWH,,2,actual
,2026-04-03 13:30:00+13:00,2026-04-03 14:00:00+13:00,0,KWH,,2,actual
,2026-04-03 13:30:00+13:00,2026-04-03 14:00:00+13:00,0.237,KWH,,1,actual
,2026-04-03 14:00:00+13:00,2026-04-03 14:30:00+13:00,0.181,KWH,,1,actual
,2026-04-03 14:00:00+13:00,2026-04-03 14:30:00+13:00,0,KWH,,2,actual
,2026-04-03 14:30:00+13:00,2026-04-03 15:00:00+13:00,0.182,KWH,,1,actual
,2026-04-03 14:30:00+13:00,2026-04-03 15:00:00+13:00,0,KWH,,2,actual
,2026-04-03 15:00:00+13:00,2026-04-03 15:30:00+13:00,0,KWH,,2,actual
,2026-04-03 15:00:00+13:00,2026-04-03 15:30:00+13:00,0.17,KWH,,1,actual
,2026-04-03 15:30:00+13:00,2026-04-03 16:00:00+13:00,0.15,KWH,,1,actual
,2026-04-03 15:30:00+13:00,2026-04-03 16:00:00+13:00,0,KWH,,2,actual
,2026-04-03 16:00:00+13:00,2026-04-03 16:30:00+13:00,0,KWH,,2,actual
,2026-04-03 16:00:00+13:00,2026-04-03 16:30:00+13:00,0.175,KWH,,1,actual
,2026-04-03 16:30:00+13:00,2026-04-03 17:00:00+13:00,0,KWH,,2,actual
,2026-04-03 16:30:00+13:00,2026-04-03 17:00:00+13:00,0.152,KWH,,1,actual
,2026-04-03 17:00:00+13:00,2026-04-03 17:30:00+13:00,0.169,KWH,,1,actual
,2026-04-03 17:00:00+13:00,2026-04-03 17:30:00+13:00,0,KWH,,2,actual
,2026-04-03 17:30:00+13:00,2026-04-03 18:00:00+13:00,0.161,KWH,,1,actual
,2026-04-03 17:30:00+13:00,2026-04-03 18:00:00+13:00,0,KWH,,2,actual
,2026-04-03 18:00:00+13:00,2026-04-03 18:30:00+13:00,0,KWH,,2,actual
,2026-04-03 18:00:00+13:00,2026-04-03 18:30:00+13:00,0.209,KWH,,1,actual
,2026-04-03 18:30:00+13:00,2026-04-03 19:00:00+13:00,0.19,KWH,,1,actual
,2026-04-03 18:30:00+13:00,2026-04-03 19:00:00+13:00,1.348,KWH,,2,actual
,2026-04-03 19:00:00+13:00,2026-04-03 19:30:00+13:00,0.191,KWH,,1,actual
,2026-04-03 19:00:00+13:00,2026-04-03 19:30:00+13:00,0,KWH,,2,actual
,2026-04-03 19:30:00+13:00,2026-04-03 20:00:00+13:00,0,KWH,,2,actual
,2026-04-03 19:30:00+13:00,2026-04-03 20:00:00+13:00,0.133,KWH,,1,actual
,2026-04-03 20:00:00+13:00,2026-04-03 20:30:00+13:00,0,KWH,,2,actual
,2026-04-03 20:00:00+13:00,2026-04-03 20:30:00+13:00,0.12,KWH,,1,actual
,2026-04-03 20:30:00+13:00,2026-04-03 21:00:00+13:00,0,KWH,,2,actual
,2026-04-03 20:30:00+13:00,2026-04-03 21:00:00+13:00,0.168,KWH,,1,actual
,2026-04-03 21:00:00+13:00,2026-04-03 21:30:00+13:00,0,KWH,,2,actual
,2026-04-03 21:00:00+13:00,2026-04-03 21:30:00+13:00,0.133,KWH,,1,actual
,2026-04-03 21:30:00+13:00,2026-04-03 22:00:00+13:00,0,KWH,,2,actual
,2026-04-03 21:30:00+13:00,2026-04-03 22:00:00+13:00,0.193,KWH,,1,actual
,2026-04-03 22:00:00+13:00,2026-04-03 22:30:00+13:00,0,KWH,,2,actual
,2026-04-03 22:00:00+13:00,2026-04-03 22:30:00+13:00,0.096,KWH,,1,actual
,2026-04-03 22:30:00+13:00,2026-04-03 23:00:00+13:00,0.085,KWH,,1,actual
,2026-04-03 22:30:00+13:00,2026-04-03 23:00:00+13:00,0,KWH,,2,actual
,2026-04-03 23:00:00+13:00,2026-04-03 23:30:00+13:00,0.192,KWH,,1,actual
,2026-04-03 23:00:00+13:00,2026-04-03 23:30:00+13:00,0,KWH,,2,actual
,2026-04-03 23:30:00+13:00,2026-04-04 00:00:00+13:00,0.158,KWH,,1,actual
,2026-04-03 23:30:00+13:00,2026-04-04 00:00:00+13:00,0,KWH,,2,actual
,2026-04-04 00:00:00+13:00,2026-04-04 00:30:00+13:00,0.182,KWH,,1,actual
,2026-04-04 00:00:00+13:00,2026-04-04 00:30:00+13:00,0,KWH,,2,actual
,2026-04-04 00:30:00+13:00,2026-04-04 01:00:00+13:00,0,KWH,,2,actual
,2026-04-04 00:30:00+13:00,2026-04-04 01:00:00+13:00,0.187,KWH,,1,actual
,2026-04-04 01:00:00+13:00,2026-04-04 01:30:00+13:00,0,KWH,,2,actual
,2026-04-04 01:00:00+13:00,2026-04-04 01:30:00+13:00,0.18,KWH,,1,actual
,2026-04-04 01:30:00+13:00,2026-04-04 02:00:00+13:00,0.216,KWH,,1,actual
,2026-04-04 01:30:00+13:00,2026-04-04 02:00:00+13:00,0,KWH,,2,actual
,2026-04-04 02:00:00+13:00,2026-04-04 02:30:00+13:00,0.218,KWH,,1,actual
,2026-04-04 02:00:00+13:00,2026-04-04 02:30:00+13:00,0,KWH,,2,actual
,2026-04-04 02:30:00+13:00,2026-04-04 03:00:00+13:00,0,KWH,,2,actual
,2026-04-04 02:30:00+13:00,2026-04-04 03:00:00+13:00,0.239,KWH,,1,actual
,2026-04-04 03:00:00+13:00,2026-04-04 03:30:00+13:00,0.229,KWH,,1,actual
,2026-04-04 03:00:00+13:00,2026-04-04 03:30:00+13:00,0,KWH,,2,actual
,2026-04-04 03:30:00+13:00,2026-04-04 04:00:00+13:00,0,KWH,,2,actual
,2026-04-04 03:30:00+13:00,2026-04-04 04:00:00+13:00,0.232,KWH,,1,actual
,2026-04-04 04:00:00+13:00,2026-04-04 04:30:00+13:00,0,KWH,,2,actual
,2026-04-04 04:00:00+13:00,2026-04-04 04:30:00+13:00,0.247,KWH,,1,actual
,2026-04-04 04:30:00+13:00,2026-04-04 05:00:00+13:00,0.219,KWH,,1,actual
,2026-04-04 04:30:00+13:00,2026-04-04 05:00:00+13:00,0,KWH,,2,actual
,2026-04-04 05:00:00+13:00,2026-04-04 05:30:00+13:00,0,KWH,,2,actual
,2026-04-04 05:00:00+13:00,2026-04-04 05:30:00+13:00,0.252,KWH,,1,actual
,2026-04-04 05:30:00+13:00,2026-04-04 06:00:00+13:00,0.225,KWH,,1,actual
,2026-04-04 05:30:00+13:00,2026-04-04 06:00:00+13:00,0,KWH,,2,actual
,2026-04-04 06:00:00+13:00,2026-04-04 06:30:00+13:00,0.513,KWH,,1,actual
,2026-04-04 06:00:00+13:00,2026-04-04 06:30:00+13:00,0,KWH,,2,actual
,2026-04-04 06:30:00+13:00,2026-04-04 07:00:00+13:00,0,KWH,,2,actual
,2026-04-04 06:30:00+13:00,2026-04-04 07:00:00+13:00,0.487,KWH,,1,actual
,2026-04-04 07:00:00+13:00,2026-04-04 07:30:00+13:00,1.079,KWH,,2,actual
,2026-04-04 07:00:00+13:00,2026-04-04 07:30:00+13:00,0.315,KWH,,1,actual
,2026-04-04 07:30:00+13:00,2026-04-04 08:00:00+13:00,0.481,KWH,,2,actual
,2026-04-04 07:30:00+13:00,2026-04-04 08:00:00+13:00,0.364,KWH,,1,actual
,2026-04-04 08:00:00+13:00,2026-04-04 08:30:00+13:00,0.33,KWH,,1,actual
,2026-04-04 08:00:00+13:00,2026-04-04 08:30:00+13:00,0,KWH,,2,actual
,2026-04-04 08:30:00+13:00,2026-04-04 09:00:00+13:00,0.301,KWH,,1,actual
,2026-04-04 08:30:00+13:00,2026-04-04 09:00:00+13:00,0,KWH,,2,actual
,2026-04-04 09:00:00+13:00,2026-04-04 09:30:00+13:00,0.098,KWH,,1,actual
,2026-04-04 09:00:00+13:00,2026-04-04 09:30:00+13:00,0,KWH,,2,actual
,2026-04-04 09:30:00+13:00,2026-04-04 10:00:00+13:00,0,KWH,,2,actual
,2026-04-04 09:30:00+13:00,2026-04-04 10:00:00+13:00,0.078,KWH,,1,actual
,2026-04-04 10:00:00+13:00,2026-04-04 10:30:00+13:00,0,KWH,,2,actual
,2026-04-04 10:00:00+13:00,2026-04-04 10:30:00+13:00,0.11,KWH,,1,actual
,2026-04-04 10:30:00+13:00,2026-04-04 11:00:00+13:00,0,KWH,,2,actual
,2026-04-04 10:30:00+13:00,2026-04-04 11:00:00+13:00,0.082,KWH,,1,actual
,2026-04-04 11:00:00+13:00,2026-04-04 11:30:00+13:00,0.102,KWH,,1,actual
,2026-04-04 11:00:00+13:00,2026-04-04 11:30:00+13:00,0,KWH,,2,actual
,2026-04-04 11:30:00+13:00,2026-04-04 12:00:00+13:00,0,KWH,,2,actual
,2026-04-04 11:30:00+13:00,2026-04-04 12:00:00+13:00,0.095,KWH,,1,actual
,2026-04-04 12:00:00+13:00,2026-04-04 12:30:00+13:00,0.082,KWH,,1,actual
,2026-04-04 12:00:00+13:00,2026-04-04 12:30:00+13:00,0,KWH,,2,actual
,2026-04-04 12:30:00+13:00,2026-04-04 13:00:00+13:00,0.103,KWH,,1,actual
,2026-04-04 12:30:00+13:00,2026-04-04 13:00:00+13:00,0,KWH,,2,actual
,2026-04-04 13:00:00+13:00,2026-04-04 13:30:00+13:00,0.083,KWH,,1,actual
,2026-04-04 13:00:00+13:00,2026-04-04 13:30:00+13:00,0,KWH,,2,actual
,2026-04-04 13:30:00+13:00,2026-04-04 14:00:00+13:00,0,KWH,,2,actual
,2026-04-04 13:30:00+13:00,2026-04-04 14:00:00+13:00,0.107,KWH,,1,actual
,2026-04-04 14:00:00+13:00,2026-04-04 14:30:00+13:00,0.093,KWH,,1,actual
,2026-04-04 14:00:00+13:00,2026-04-04 14:30:00+13:00,0,KWH,,2,actual
,2026-04-04 14:30:00+13:00,2026-04-04 15:00:00+13:00,0.09,KWH,,1,actual
,2026-04-04 14:30:00+13:00,2026-04-04 15:00:00+13:00,0,KWH,,2,actual
,2026-04-04 15:00:00+13:00,2026-04-04 15:30:00+13:00,0,KWH,,2,actual
,2026-04-04 15:00:00+13:00,2026-04-04 15:30:00+13:00,0.17,KWH,,1,actual
,2026-04-04 15:30:00+13:00,2026-04-04 16:00:00+13:00,0.161,KWH,,1,actual
,2026-04-04 15:30:00+13:00,2026-04-04 16:00:00+13:00,0,KWH,,2,actual
,2026-04-04 16:00:00+13:00,2026-04-04 16:30:00+13:00,0,KWH,,2,actual
,2026-04-04 16:00:00+13:00,2026-04-04 16:30:00+13:00,0.164,KWH,,1,actual
,2026-04-04 16:30:00+13:00,2026-04-04 17:00:00+13:00,0,KWH,,2,actual
,2026-04-04 16:30:00+13:00,2026-04-04 17:00:00+13:00,0.158,KWH,,1,actual
,2026-04-04 17:00:00+13:00,2026-04-04 17:30:00+13:00,0.172,KWH,,1,actual
,2026-04-04 17:00:00+13:00,2026-04-04 17:30:00+13:00,0,KWH,,2,actual
,2026-04-04 17:30:00+13:00,2026-04-04 18:00:00+13:00,0.154,KWH,,1,actual
,2026-04-04 17:30:00+13:00,2026-04-04 18:00:00+13:00,0,KWH,,2,actual
,2026-04-04 18:00:00+13:00,2026-04-04 18:30:00+13:00,0,KWH,,2,actual
,2026-04-04 18:00:00+13:00,2026-04-04 18:30:00+13:00,0.169,KWH,,1,actual
,2026-04-04 18:30:00+13:00,2026-04-04 19:00:00+13:00,0.16,KWH,,1,actual
,2026-04-04 18:30:00+13:00,2026-04-04 19:00:00+13:00,0,KWH,,2,actual
,2026-04-04 19:00:00+13:00,2026-04-04 19:30:00+13:00,0.155,KWH,,1,actual
,2026-04-04 19:00:00+13:00,2026-04-04 19:30:00+13:00,0,KWH,,2,actual
,2026-04-04 19:30:00+13:00,2026-04-04 20:00:00+13:00,0,KWH,,2,actual
,2026-04-04 19:30:00+13:00,2026-04-04 20:00:00+13:00,0.112,KWH,,1,actual
,2026-04-04 20:00:00+13:00,2026-04-04 20:30:00+13:00,0,KWH,,2,actual
,2026-04-04 20:00:00+13:00,2026-04-04 20:30:00+13:00,0.075,KWH,,1,actual
,2026-04-04 20:30:00+13:00,2026-04-04 21:00:00+13:00,1.17,KWH,,2,actual
,2026-04-04 20:30:00+13:00,2026-04-04 21:00:00+13:00,0.101,KWH,,1,actual
,2026-04-04 21:00:00+13:00,2026-04-04 21:30:00+13:00,0.437,KWH,,2,actual
,2026-04-04 21:00:00+13:00,2026-04-04 21:30:00+13:00,0.096,KWH,,1,actual
,2026-04-04 21:30:00+13:00,2026-04-04 22:00:00+13:00,0,KWH,,2,actual
,2026-04-04 21:30:00+13:00,2026-04-04 22:00:00+13:00,0.079,KWH,,1,actual
,2026-04-04 22:00:00+13:00,2026-04-04 22:30:00+13:00,0,KWH,,2,actual
,2026-04-04 22:00:00+13:00,2026-04-04 22:30:00+13:00,0.111,KWH,,1,actual
,2026-04-04 22:30:00+13:00,2026-04-04 23:00:00+13:00,0.083,KWH,,1,actual
,2026-04-04 22:30:00+13:00,2026-04-04 23:00:00+13:00,0,KWH,,2,actual
,2026-04-04 23:00:00+13:00,2026-04-04 23:30:00+13:00,0.168,KWH,,1,actual
,2026-04-04 23:00:00+13:00,2026-04-04 23:30:00+13:00,0,KWH,,2,actual
,2026-04-04 23:30:00+13:00,2026-04-05 00:00:00+13:00,0.164,KWH,,1,actual
,2026-04-04 23:30:00+13:00,2026-04-05 00:00:00+13:00,0,KWH,,2,actual
,2026-04-05 00:00:00+13:00,2026-04-05 00:30:00+13:00,0.148,KWH,,1,actual
,2026-04-05 00:00:00+13:00,2026-04-05 00:30:00+13:00,0,KWH,,2,actual
,2026-04-05 00:30:00+13:00,2026-04-05 01:00:00+13:00,0,KWH,,2,actual
,2026-04-05 00:30:00+13:00,2026-04-05 01:00:00+13:00,0.169,KWH,,1,actual
,2026-04-05 01:00:00+13:00,2026-04-05 01:30:00+13:00,0,KWH,,2,actual
,2026-04-05 01:00:00+13:00,2026-04-05 01:30:00+13:00,0.154,KWH,,1,actual
,2026-04-05 01:30:00+13:00,2026-04-05 02:00:00+13:00,0.163,KWH,,1,actual
,2026-04-05 01:30:00+13:00,2026-04-05 02:00:00+13:00,0,KWH,,2,actual
,2026-04-05 02:00:00+13:00,2026-04-05 02:30:00+13:00,0.159,KWH,,1,actual
,2026-04-05 02:00:00+13:00,2026-04-05 02:30:00+13:00,0,KWH,,2,actual
,2026-04-05 02:30:00+13:00,2026-04-05 02:00:00+12:00,0,KWH,,2,actual
,2026-04-05 02:30:00+13:00,2026-04-05 02:00:00+12:00,0.156,KWH,,1,actual
,2026-04-05 02:00:00+12:00,2026-04-05 02:30:00+12:00,0.162,KWH,,1,actual
,2026-04-05 02:00:00+12:00,2026-04-05 02:30:00+12:00,0,KWH,,2,actual
,2026-04-05 02:30:00+12:00,2026-04-05 03:00:00+12:00,0,KWH,,2,actual
,2026-04-05 02:30:00+12:00,2026-04-05 03:00:00+12:00,0.157,KWH,,1,actual
,2026-04-05 03:00:00+12:00,2026-04-05 03:30:00+12:00,0,KWH,,2,actual
,2026-04-05 03:00:00+12:00,2026-04-05 03:30:00+12:00,0.16,KWH,,1,actual
,2026-04-05 03:30:00+12:00,2026-04-05 04:00:00+12:00,0.159,KWH,,1,actual
,2026-04-05 03:30:00+12:00,2026-04-05 04:00:00+12:00,0,KWH,,2,actual
,2026-04-05 04:00:00+12:00,2026-04-05 04:30:00+12:00,0,KWH,,2,actual
,2026-04-05 04:00:00+12:00,2026-04-05 04:30:00+12:00,0.161,KWH,,1,actual
,2026-04-05 04:30:00+12:00,2026-04-05 05:00:00+12:00,0.157,KWH,,1,actual
,2026-04-05 04:30:00+12:00,2026-04-05 05:00:00+12:00,0,KWH,,2,actual
,2026-04-05 05:00:00+12:00,2026-04-05 05:30:00+12:00,0.16,KWH,,1,actual
,2026-04-05 05:00:00+12:00,2026-04-05 05:30:00+12:00,0,KWH,,2,actual
,2026-04-05 05:30:00+12:00,2026-04-05 06:00:00+12:00,0,KWH,,2,actual
,2026-04-05 05:30:00+12:00,2026-04-05 06:00:00+12:00,0.156,KWH,,1,actual
,2026-04-05 06:00:00+12:00,2026-04-05 06:30:00+12:00,0,KWH,,2,actual
,2026-04-05 06:00:00+12:00,2026-04-05 06:30:00+12:00,0.158,KWH,,1,actual
,2026-04-05 06:30:00+12:00,2026-04-05 07:00:00+12:00,0,KWH,,2,actual
,2026-04-05 06:30:00+12:00,2026-04-05 07:00:00+12:00,0.162,KWH,,1,actual
,2026-04-05 07:00:00+12:00,2026-04-05 07:30:00+12:00,0.087,KWH,,1,actual
,2026-04-05 07:00:00+12:00,2026-04-05 07:30:00+12:00,0,KWH,,2,actual
,2026-04-05 07:30:00+12:00,2026-04-05 08:00:00+12:00,0.092,KWH,,1,actual
,2026-04-05 07:30:00+12:00,2026-04-05 08:00:00+12:00,0,KWH,,2,actual
,2026-04-05 08:00:00+12:00,2026-04-05 08:30:00+12:00,0.088,KWH,,1,actual
,2026-04-05 08:00:00+12:00,2026-04-05 08:30:00+12:00,0,KWH,,2,actual
,2026-04-05 08:30:00+12:00,2026-04-05 09:00:00+12:00,0,KWH,,2,actual
,2026-04-05 08:30:00+12:00,2026-04-05 09:00:00+12:00,0.091,KWH,,1,actual
,2026-04-05 09:00:00+12:00,2026-04-05 09:30:00+12:00,1.254,KWH,,2,actual
,2026-04-05 09:00:00+12:00,2026-04-05 09:30:00+12:00,0.11,KWH,,1,actual
,2026-04-05 09:30:00+12:00,2026-04-05 10:00:00+12:00,0.4,KWH,,2,actual
,2026-04-05 09:30:00+12:00,2026-04-05 10:00:00+12:00,0.106,KWH,,1,actual
,2026-04-05 10:00:00+12:00,2026-04-05 10:30:00+12:00,0.102,KWH,,1,actual
,2026-04-05 10:00:00+12:00,2026-04-05 10:30:00+12:00,0,KWH,,2,actual
,2026-04-05 10:30:00+12:00,2026-04-05 11:00:00+12:00,0,KWH,,2,actual
,2026-04-05 10:30:00+12:00,2026-04-05 11:00:00+12:00,0.091,KWH,,1,actual
,2026-04-05 11:00:00+12:00,2026-04-05 11:30:00+12:00,0.111,KWH,,1,actual
,2026-04-05 11:00:00+12:00,2026-04-05 11:30:00+12:00,0,KWH,,2,actual
,2026-04-05 11:30:00+12:00,2026-04-05 12:00:00+12:00,0.113,KWH,,1,actual
,2026-04-05 11:30:00+12:00,2026-04-05 12:00:00+12:00,0,KWH,,2,actual
,2026-04-05 12:00:00+12:00,2026-04-05 12:30:00+12:00,0.104,KWH,,1,actual
,2026-04-05 12:00:00+12:00,2026-04-05 12:30:00+12:00,0,KWH,,2,actual
,2026-04-05 12:30:00+12:00,2026-04-05 13:00:00+12:00,0,KWH,,2,actual
,2026-04-05 12:30:00+12:00,2026-04-05 13:00:00+12:00,0.1,KWH,,1,actual
,2026-04-05 13:00:00+12:00,2026-04-05 13:30:00+12:00,0.087,KWH,,1,actual
,2026-04-05 13:00:00+12:00,2026-04-05 13:30:00+12:00,0,KWH,,2,actual
,2026-04-05 13:30:00+12:00,2026-04-05 14:00:00+12:00,0.101,KWH,,1,actual
,2026-04-05 13:30:00+12:00,2026-04-05 14:00:00+12:00,0,KWH,,2,actual
,2026-04-05 14:00:00+12:00,2026-04-05 14:30:00+12:00,0,KWH,,2,actual
,2026-04-05 14:00:00+12:00,2026-04-05 14:30:00+12:00,0.089,KWH,,1,actual
,2026-04-05 14:30:00+12:00,2026-04-05 15:00:00+12:00,0.095,KWH,,1,actual
,2026-04-05 14:30:00+12:00,2026-04-05 15:00:00+12:00,0,KWH,,2,actual
,2026-04-05 15:00:00+12:00,2026-04-05 15:30:00+12:00,0,KWH,,2,actual
,2026-04-05 15:00:00+12:00,2026-04-05 15:30:00+12:00,0.171,KWH,,1,actual
,2026-04-05 15:30:00+12:00,2026-04-05 16:00:00+12:00,0,KWH,,2,actual
,2026-04-05 15:30:00+12:00,2026-04-05 16:00:00+12:00,0.154,KWH,,1,actual
,2026-04-05 16:00:00+12:00,2026-04-05 16:30:00+12:00,0.169,KWH,,1,actual
,2026-04-05 16:00:00+12:00,2026-04-05 16:30:00+12:00,0,KWH,,2,actual
,2026-04-05 16:30:00+12:00,2026-04-05 17:00:00+12:00,0.149,KWH,,1,actual
,2026-04-05 16:30:00+12:00,2026-04-05 17:00:00+12:00,0,KWH,,2,actual
,2026-04-05 17:00:00+12:00,2026-04-05 17:30:00+12:00,0,KWH,,2,actual
,2026-04-05 17:00:00+12:00,2026-04-05 17:30:00+12:00,0.158,KWH,,1,actual
,2026-04-05 17:30:00+12:00,2026-04-05 18:00:00+12:00,0.169,KWH,,1,actual
,2026-04-05 17:30:00+12:00,2026-04-05 18:00:00+12:00,0,KWH,,2,actual
,2026-04-05 18:00:00+12:00,2026-04-05 18:30:00+12:00,0.152,KWH,,1,actual
,2026-04-05 18:00:00+12:00,2026-04-05 18:30:00+12:00,0,KWH,,2,actual
,2026-04-05 18:30:00+12:00,2026-04-05 19:00:00+12:00,0,KWH,,2,actual
,2026-04-05 18:30:00+12:00,2026-04-05 19:00:00+12:00,0.174,KWH,,1,actual
,2026-04-05 19:00:00+12:00,2026-04-05 19:30:00+12:00,0,KWH,,2,actual
,2026-04-05 19:00:00+12:00,2026-04-05 19:30:00+12:00,0.152,KWH,,1,actual
,2026-04-05 19:30:00+12:00,2026-04-05 20:00:00+12:00,0,KWH,,2,actual
,2026-04-05 19:30:00+12:00,2026-04-05 20:00:00+12:00,0.094,KWH,,1,actual
,2026-04-05 20:00:00+12:00,2026-04-05 20:30:00+12:00,0,KWH,,2,actual
,2026-04-05 20:00:00+12:00,2026-04-05 20:30:00+12:00,0.1,KWH,,1,actual
,2026-04-05 20:30:00+12:00,2026-04-05 21:00:00+12:00,0,KWH,,2,actual
,2026-04-05 20:30:00+12:00,2026-04-05 21:00:00+12:00,0.083,KWH,,1,actual
,2026-04-05 21:00:00+12:00,2026-04-05 21:30:00+12:00,0,KWH,,2,actual
,2026-04-05 21:00:00+12:00,2026-04-05 21:30:00+12:00,0.105,KWH,,1,actual
,2026-04-05 21:30:00+12:00,2026-04-05 22:00:00+12:00,0.083,KWH,,1,actual
,2026-04-05 21:30:00+12:00,2026-04-05 22:00:00+12:00,0.672,KWH,,2,actual
,2026-04-05 22:00:00+12:00,2026-04-05 22:30:00+12:00,0.098,KWH,,1,actual
,2026-04-05 22:00:00+12:00,2026-04-05 22:30:00+12:00,0.98,KWH,,2,actual
,2026-04-05 22:30:00+12:00,2026-04-05 23:00:00+12:00,0.095,KWH,,1,actual
,2026-04-05 22:30:00+12:00,2026-04-05 23:00:00+12:00,0,KWH,,2,actual
,2026-04-05 23:00:00+12:00,2026-04-05 23:30:00+12:00,0.15,KWH,,1,actual
,2026-04-05 23:00:00+12:00,2026-04-05 23:30:00+12:00,0,KWH,,2,actual
,2026-04-05 23:30:00+12:00,2026-04-06 00:00:00+12:00,0,KWH,,2,actual
,2026-04-05 23:30:00+12:00,2026-04-06 00:00:00+12:00,0.171,KWH,,1,actual
,2026-04-06 00:00:00+12:00,2026-04-06 00:30:00+12:00,0,KWH,,2,actual
,2026-04-06 00:00:00+12:00,2026-04-06 00:30:00+12:00,0.156,KWH,,1,actual
,2026-04-06 00:30:00+12:00,2026-04-06 01:00:00+12:00,0.16,KWH,,1,actual
,2026-04-06 00:30:00+12:00,2026-04-06 01:00:00+12:00,0,KWH,,2,actual
,2026-04-06 01:00:00+12:00,2026-04-06 01:30:00+12:00,0.172,KWH,,1,actual
,2026-04-06 01:00:00+12:00,2026-04-06 01:30:00+12:00,0,KWH,,2,actual
,2026-04-06 01:30:00+12:00,2026-04-06 02:00:00+12:00,0,KWH,,2,actual
,2026-04-06 01:30:00+12:00,2026-04-06 02:00:00+12:00,0.152,KWH,,1,actual
,2026-04-06 02:00:00+12:00,2026-04-06 02:30:00+12:00,0.168,KWH,,1,actual
,2026-04-06 02:00:00+12:00,2026-04-06 02:30:00+12:00,0,KWH,,2,actual
,2026-04-06 02:30:00+12:00,2026-04-06 03:00:00+12:00,0,KWH,,2,actual
,2026-04-06 02:30:00+12:00,2026-04-06 03:00:00+12:00,0.151,KWH,,1,actual
,2026-04-06 03:00:00+12:00,2026-04-06 03:30:00+12:00,0,KWH,,2,actual
,2026-04-06 03:00:00+12:00,2026-04-06 03:30:00+12:00,0.159,KWH,,1,actual
,2026-04-06 03:30:00+12:00,2026-04-06 04:00:00+12:00,0.246,KWH,,1,actual
,2026-04-06 03:30:00+12:00,2026-04-06 04:00:00+12:00,0,KWH,,2,actual
,2026-04-06 04:00:00+12:00,2026-04-06 04:30:00+12:00,0,KWH,,2,actual
,2026-04-06 04:00:00+12:00,2026-04-06 04:30:00+12:00,0.165,KWH,,1,actual
,2026-04-06 04:30:00+12:00,2026-04-06 05:00:00+12:00,0.183,KWH,,1,actual
,2026-04-06 04:30:00+12:00,2026-04-06 05:00:00+12:00,0,KWH,,2,actual
,2026-04-06 05:00:00+12:00,2026-04-06 05:30:00+12:00,0.151,KWH,,1,actual
,2026-04-06 05:00:00+12:00,2026-04-06 05:30:00+12:00,0,KWH,,2,actual
,2026-04-06 05:30:00+12:00,2026-04-06 06:00:00+12:00,0,KWH,,2,actual
,2026-04-06 05:30:00+12:00,2026-04-06 06:00:00+12:00,0.157,KWH,,1,actual
,2026-04-06 06:00:00+12:00,2026-04-06 06:30:00+12:00,0,KWH,,2,actual
,2026-04-06 06:00:00+12:00,2026-04-06 06:30:00+12:00,0.096,KWH,,1,actual
,2026-04-06 06:30:00+12:00,2026-04-06 07:00:00+12:00,0,KWH,,2,actual
,2026-04-06 06:30:00+12:00,2026-04-06 07:00:00+12:00,0.079,KWH,,1,actual
,2026-04-06 07:00:00+12:00,2026-04-06 07:30:00+12:00,0.109,KWH,,1,actual
,2026-04-06 07:00:00+12:00,2026-04-06 07:30:00+12:00,0,KWH,,2,actual
,2026-04-06 07:30:00+12:00,2026-04-06 08:00:00+12:00,0.077,KWH,,1,actual
,2026-04-06 07:30:00+12:00,2026-04-06 08:00:00+12:00,0,KWH,,2,actual
,2026-04-06 08:00:00+12:00,2026-04-06 08:30:00+12:00,0.103,KWH,,1,actual
,2026-04-06 08:00:00+12:00,2026-04-06 08:30:00+12:00,0,KWH,,2,actual
,2026-04-06 08:30:00+12:00,2026-04-06 09:00:00+12:00,0,KWH,,2,actual
,2026-04-06 08:30:00+12:00,2026-04-06 09:00:00+12:00,0.083,KWH,,1,actual
,2026-04-06 09:00:00+12:00,2026-04-06 09:30:00+12:00,0,KWH,,2,actual
,2026-04-06 09:00:00+12:00,2026-04-06 09:30:00+12:00,0.094,KWH,,1,actual
,2026-04-06 09:30:00+12:00,2026-04-06 10:00:00+12:00,0,KWH,,2,actual
,2026-04-06 09:30:00+12:00,2026-04-06 10:00:00+12:00,0.102,KWH,,1,actual
,2026-04-06 10:00:00+12:00,2026-04-06 10:30:00+12:00,0.084,KWH,,1,actual
,2026-04-06 10:00:00+12:00,2026-04-06 10:30:00+12:00,0.446,KWH,,2,actual
,2026-04-06 10:30:00+12:00,2026-04-06 11:00:00+12:00,1,KWH,,2,actual
,2026-04-06 10:30:00+12:00,2026-04-06 11:00:00+12:00,0.113,KWH,,1,actual
,2026-04-06 11:00:00+12:00,2026-04-06 11:30:00+12:00,0.078,KWH,,1,actual
,2026-04-06 11:00:00+12:00,2026-04-06 11:30:00+12:00,0,KWH,,2,actual
,2026-04-06 11:30:00+12:00,2026-04-06 12:00:00+12:00,0.101,KWH,,1,actual
,2026-04-06 11:30:00+12:00,2026-04-06 12:00:00+12:00,0,KWH,,2,actual
,2026-04-06 12:00:00+12:00,2026-04-06 12:30:00+12:00,0.1,KWH,,1,actual
,2026-04-06 12:00:00+12:00,2026-04-06 12:30:00+12:00,0,KWH,,2,actual
,2026-04-06 12:30:00+12:00,2026-04-06 13:00:00+12:00,0,KWH,,2,actual
,2026-04-06 12:30:00+12:00,2026-04-06 13:00:00+12:00,0.082,KWH,,1,actual
,2026-04-06 13:00:00+12:00,2026-04-06 13:30:00+12:00,0.118,KWH,,1,actual
,2026-04-06 13:00:00+12:00,2026-04-06 13:30:00+12:00,0,KWH,,2,actual
,2026-04-06 13:30:00+12:00,2026-04-06 14:00:00+12:00,0.077,KWH,,1,actual
,2026-04-06 13:30:00+12:00,2026-04-06 14:00:00+12:00,0,KWH,,2,actual
,2026-04-06 14:00:00+12:00,2026-04-06 14:30:00+12:00,0,KWH,,2,actual
,2026-04-06 14:00:00+12:00,2026-04-06 14:30:00+12:00,0.175,KWH,,1,actual
,2026-04-06 14:30:00+12:00,2026-04-06 15:00:00+12:00,0.171,KWH,,1,actual
,2026-04-06 14:30:00+12:00,2026-04-06 15:00:00+12:00,0,KWH,,2,actual
,2026-04-06 15:00:00+12:00,2026-04-06 15:30:00+12:00,0,KWH,,2,actual
,2026-04-06 15:00:00+12:00,2026-04-06 15:30:00+12:00,0.144,KWH,,1,actual
,2026-04-06 15:30:00+12:00,2026-04-06 16:00:00+12:00,0,KWH,,2,actual
,2026-04-06 15:30:00+12:00,2026-04-06 16:00:00+12:00,0.186,KWH,,1,actual
,2026-04-06 16:00:00+12:00,2026-04-06 16:30:00+12:00,0.154,KWH,,1,actual
,2026-04-06 16:00:00+12:00,2026-04-06 16:30:00+12:00,0,KWH,,2,actual
,2026-04-06 16:30:00+12:00,2026-04-06 17:00:00+12:00,0.169,KWH,,1,actual
,2026-04-06 16:30:00+12:00,2026-04-06 17:00:00+12:00,0,KWH,,2,actual
,2026-04-06 17:00:00+12:00,2026-04-06 17:30:00+12:00,0,KWH,,2,actual
,2026-04-06 17:00:00+12:00,2026-04-06 17:30:00+12:00,0.167,KWH,,1,actual
,2026-04-06 17:30:00+12:00,2026-04-06 18:00:00+12:00,0.153,KWH,,1,actual
,2026-04-06 17:30:00+12:00,2026-04-06 18:00:00+12:00,0,KWH,,2,actual
,2026-04-06 18:00:00+12:00,2026-04-06 18:30:00+12:00,0.17,KWH,,1,actual
,2026-04-06 18:00:00+12:00,2026-04-06 18:30:00+12:00,0,KWH,,2,actual
,2026-04-06 18:30:00+12:00,2026-04-06 19:00:00+12:00,0,KWH,,2,actual
,2026-04-06 18:30:00+12:00,2026-04-06 19:00:00+12:00,0.092,KWH,,1,actual
,2026-04-06 19:00:00+12:00,2026-04-06 19:30:00+12:00,0,KWH,,2,actual
,2026-04-06 19:00:00+12:00,2026-04-06 19:30:00+12:00,0.096,KWH,,1,actual
,2026-04-06 19:30:00+12:00,2026-04-06 20:00:00+12:00,0,KWH,,2,actual
,2026-04-06 19:30:00+12:00,2026-04-06 20:00:00+12:00,0.095,KWH,,1,actual
,2026-04-06 20:00:00+12:00,2026-04-06 20:30:00+12:00,0,KWH,,2,actual
,2026-04-06 20:00:00+12:00,2026-04-06 20:30:00+12:00,0.094,KWH,,1,actual
,2026-04-06 20:30:00+12:00,2026-04-06 21:00:00+12:00,0,KWH,,2,actual
,2026-04-06 20:30:00+12:00,2026-04-06 21:00:00+12:00,0.096,KWH,,1,actual
,2026-04-06 21:00:00+12:00,2026-04-06 21:30:00+12:00,0,KWH,,2,actual
,2026-04-06 21:00:00+12:00,2026-04-06 21:30:00+12:00,0.092,KWH,,1,actual
,2026-04-06 21:30:00+12:00,2026-04-06 22:00:00+12:00,0.104,KWH,,1,actual
,2026-04-06 21:30:00+12:00,2026-04-06 22:00:00+12:00,0,KWH,,2,actual
,2026-04-06 22:00:00+12:00,2026-04-06 22:30:00+12:00,0.155,KWH,,1,actual
,2026-04-06 22:00:00+12:00,2026-04-06 22:30:00+12:00,0,KWH,,2,actual
,2026-04-06 22:30:00+12:00,2026-04-06 23:00:00+12:00,0.172,KWH,,1,actual
,2026-04-06 22:30:00+12:00,2026-04-06 23:00:00+12:00,0,KWH,,2,actual
,2026-04-06 23:00:00+12:00,2026-04-06 23:30:00+12:00,0.155,KWH,,1,actual
,2026-04-06 23:00:00+12:00,2026-04-06 23:30:00+12:00,0,KWH,,2,actual
,2026-04-06 23:30:00+12:00,2026-04-07 00:00:00+12:00,0,KWH,,2,actual
,2026-04-06 23:30:00+12:00,2026-04-07 00:00:00+12:00,0.161,KWH,,1,actual
,2026-04-07 00:00:00+12:00,2026-04-07 00:30:00+12:00,0.083,KWH,,2,actual
,2026-04-07 00:00:00+12:00,2026-04-07 00:30:00+12:00,0.173,KWH,,1,actual
,2026-04-07 00:30:00+12:00,2026-04-07 01:00:00+12:00,0.15,KWH,,1,actual
,2026-04-07 00:30:00+12:00,2026-04-07 01:00:00+12:00,1.536,KWH,,2,actual
,2026-04-07 01:00:00+12:00,2026-04-07 01:30:00+12:00,0.177,KWH,,1,actual
,2026-04-07 01:00:00+12:00,2026-04-07 01:30:00+12:00,0.067,KWH,,2,actual
,2026-04-07 01:30:00+12:00,2026-04-07 02:00:00+12:00,0,KWH,,2,actual
,2026-04-07 01:30:00+12:00,2026-04-07 02:00:00+12:00,0.149,KWH,,1,actual
,2026-04-07 02:00:00+12:00,2026-04-07 02:30:00+12:00,0.164,KWH,,1,actual
,2026-04-07 02:00:00+12:00,2026-04-07 02:30:00+12:00,0,KWH,,2,actual
,2026-04-07 02:30:00+12:00,2026-04-07 03:00:00+12:00,0,KWH,,2,actual
,2026-04-07 02:30:00+12:00,2026-04-07 03:00:00+12:00,0.17,KWH,,1,actual
,2026-04-07 03:00:00+12:00,2026-04-07 03:30:00+12:00,0,KWH,,2,actual
,2026-04-07 03:00:00+12:00,2026-04-07 03:30:00+12:00,0.151,KWH,,1,actual
,2026-04-07 03:30:00+12:00,2026-04-07 04:00:00+12:00,0.179,KWH,,1,actual
,2026-04-07 03:30:00+12:00,2026-04-07 04:00:00+12:00,0,KWH,,2,actual
,2026-04-07 04:00:00+12:00,2026-04-07 04:30:00+12:00,0,KWH,,2,actual
,2026-04-07 04:00:00+12:00,2026-04-07 04:30:00+12:00,0.142,KWH,,1,actual
,2026-04-07 04:30:00+12:00,2026-04-07 05:00:00+12:00,0.165,KWH,,1,actual
,2026-04-07 04:30:00+12:00,2026-04-07 05:00:00+12:00,0,KWH,,2,actual
,2026-04-07 05:00:00+12:00,2026-04-07 05:30:00+12:00,0.161,KWH,,1,actual
,2026-04-07 05:00:00+12:00,2026-04-07 05:30:00+12:00,0,KWH,,2,actual
,2026-04-07 05:30:00+12:00,2026-04-07 06:00:00+12:00,0,KWH,,2,actual
,2026-04-07 05:30:00+12:00,2026-04-07 06:00:00+12:00,0.153,KWH,,1,actual
,2026-04-07 06:00:00+12:00,2026-04-07 06:30:00+12:00,0,KWH,,2,actual
,2026-04-07 06:00:00+12:00,2026-04-07 06:30:00+12:00,0.11,KWH,,1,actual
,2026-04-07 06:30:00+12:00,2026-04-07 07:00:00+12:00,0,KWH,,2,actual
,2026-04-07 06:30:00+12:00,2026-04-07 07:00:00+12:00,0.079,KWH,,1,actual
,2026-04-07 07:00:00+12:00,2026-04-07 07:30:00+12:00,0.105,KWH,,1,actual
,2026-04-07 07:00:00+12:00,2026-04-07 07:30:00+12:00,0,KWH,,2,actual
,2026-04-07 07:30:00+12:00,2026-04-07 08:00:00+12:00,0.086,KWH,,1,actual
,2026-04-07 07:30:00+12:00,2026-04-07 08:00:00+12:00,0,KWH,,2,actual
,2026-04-07 08:00:00+12:00,2026-04-07 08:30:00+12:00,0.09,KWH,,1,actual
,2026-04-07 08:00:00+12:00,2026-04-07 08:30:00+12:00,0,KWH,,2,actual
,2026-04-07 08:30:00+12:00,2026-04-07 09:00:00+12:00,0,KWH,,2,actual
,2026-04-07 08:30:00+12:00,2026-04-07 09:00:00+12:00,0.105,KWH,,1,actual
,2026-04-07 09:00:00+12:00,2026-04-07 09:30:00+12:00,0,KWH,,2,actual
,2026-04-07 09:00:00+12:00,2026-04-07 09:30:00+12:00,0.081,KWH,,1,actual
,2026-04-07 09:30:00+12:00,2026-04-07 10:00:00+12:00,0,KWH,,2,actual
,2026-04-07 09:30:00+12:00,2026-04-07 10:00:00+12:00,0.113,KWH,,1,actual
,2026-04-07 10:00:00+12:00,2026-04-07 10:30:00+12:00,0.078,KWH,,1,actual
,2026-04-07 10:00:00+12:00,2026-04-07 10:30:00+12:00,0,KWH,,2,actual
,2026-04-07 10:30:00+12:00,2026-04-07 11:00:00+12:00,0,KWH,,2,actual
,2026-04-07 10:30:00+12:00,2026-04-07 11:00:00+12:00,0.101,KWH,,1,actual
,2026-04-07 11:00:00+12:00,2026-04-07 11:30:00+12:00,0.1,KWH,,1,actual
,2026-04-07 11:00:00+12:00,2026-04-07 11:30:00+12:00,0,KWH,,2,actual
,2026-04-07 11:30:00+12:00,2026-04-07 12:00:00+12:00,0.083,KWH,,1,actual
,2026-04-07 11:30:00+12:00,2026-04-07 12:00:00+12:00,0,KWH,,2,actual
,2026-04-07 12:00:00+12:00,2026-04-07 12:30:00+12:00,0,KWH,,2,actual
,2026-04-07 12:00:00+12:00,2026-04-07 12:30:00+12:00,0.117,KWH,,1,actual
,2026-04-07 12:30:00+12:00,2026-04-07 13:00:00+12:00,0,KWH,,2,actual
,2026-04-07 12:30:00+12:00,2026-04-07 13:00:00+12:00,0.075,KWH,,1,actual
,2026-04-07 13:00:00+12:00,2026-04-07 13:30:00+12:00,0,KWH,,2,actual
,2026-04-07 13:00:00+12:00,2026-04-07 13:30:00+12:00,0.104,KWH,,1,actual
,2026-04-07 13:30:00+12:00,2026-04-07 14:00:00+12:00,0.095,KWH,,1,actual
,2026-04-07 13:30:00+12:00,2026-04-07 14:00:00+12:00,0,KWH,,2,actual
,2026-04-07 14:00:00+12:00,2026-04-07 14:30:00+12:00,0.153,KWH,,1,actual
,2026-04-07 14:00:00+12:00,2026-04-07 14:30:00+12:00,0.314,KWH,,2,actual
,2026-04-07 14:30:00+12:00,2026-04-07 15:00:00+12:00,1.285,KWH,,2,actual
,2026-04-07 14:30:00+12:00,2026-04-07 15:00:00+12:00,0.182,KWH,,1,actual
,2026-04-07 15:00:00+12:00,2026-04-07 15:30:00+12:00,0.144,KWH,,1,actual
,2026-04-07 15:00:00+12:00,2026-04-07 15:30:00+12:00,0,KWH,,2,actual
,2026-04-07 15:30:00+12:00,2026-04-07 16:00:00+12:00,0.178,KWH,,1,actual
,2026-04-07 15:30:00+12:00,2026-04-07 16:00:00+12:00,0,KWH,,2,actual
,2026-04-07 16:00:00+12:00,2026-04-07 16:30:00+12:00,0.168,KWH,,1,actual
,2026-04-07 16:00:00+12:00,2026-04-07 16:30:00+12:00,0,KWH,,2,actual
,2026-04-07 16:30:00+12:00,2026-04-07 17:00:00+12:00,0,KWH,,2,actual
,2026-04-07 16:30:00+12:00,2026-04-07 17:00:00+12:00,0.261,KWH,,1,actual
,2026-04-07 17:00:00+12:00,2026-04-07 17:30:00+12:00,0,KWH,,2,actual
,2026-04-07 17:00:00+12:00,2026-04-07 17:30:00+12:00,0.35,KWH,,1,actual
,2026-04-07 17:30:00+12:00,2026-04-07 18:00:00+12:00,0.525,KWH,,1,actual
,2026-04-07 17:30:00+12:00,2026-04-07 18:00:00+12:00,0,KWH,,2,actual
,2026-04-07 18:00:00+12:00,2026-04-07 18:30:00+12:00,0.282,KWH,,1,actual
,2026-04-07 18:00:00+12:00,2026-04-07 18:30:00+12:00,1.274,KWH,,2,actual
,2026-04-07 18:30:00+12:00,2026-04-07 19:00:00+12:00,0.177,KWH,,1,actual
,2026-04-07 18:30:00+12:00,2026-04-07 19:00:00+12:00,0.355,KWH,,2,actual
,2026-04-07 19:00:00+12:00,2026-04-07 19:30:00+12:00,0.179,KWH,,1,actual
,2026-04-07 19:00:00+12:00,2026-04-07 19:30:00+12:00,0,KWH,,2,actual
,2026-04-07 19:30:00+12:00,2026-04-07 20:00:00+12:00,0.184,KWH,,1,actual
,2026-04-07 19:30:00+12:00,2026-04-07 20:00:00+12:00,0,KWH,,2,actual
,2026-04-07 20:00:00+12:00,2026-04-07 20:30:00+12:00,0,KWH,,2,actual
,2026-04-07 20:00:00+12:00,2026-04-07 20:30:00+12:00,0.167,KWH,,1,actual
,2026-04-07 20:30:00+12:00,2026-04-07 21:00:00+12:00,0.184,KWH,,2,actual
,2026-04-07 20:30:00+12:00,2026-04-07 21:00:00+12:00,0.214,KWH,,1,actual
,2026-04-07 21:00:00+12:00,2026-04-07 21:30:00+12:00,0.184,KWH,,1,actual
,2026-04-07 21:00:00+12:00,2026-04-07 21:30:00+12:00,1.531,KWH,,2,actual
,2026-04-07 21:30:00+12:00,2026-04-07 22:00:00+12:00,0.166,KWH,,1,actual
,2026-04-07 21:30:00+12:00,2026-04-07 22:00:00+12:00,0.604,KWH,,2,actual
,2026-04-07 22:00:00+12:00,2026-04-07 22:30:00+12:00,0,KWH,,2,actual
,2026-04-07 22:00:00+12:00,2026-04-07 22:30:00+12:00,0.253,KWH,,1,actual
,2026-04-07 22:30:00+12:00,2026-04-07 23:00:00+12:00,0.288,KWH,,1,actual
,2026-04-07 22:30:00+12:00,2026-04-07 23:00:00+12:00,0,KWH,,2,actual
,2026-04-08 00:00:00+12:00,2026-04-08 00:30:00+12:00,0.289,KWH,,1,actual
,2026-04-08 00:00:00+12:00,2026-04-08 00:30:00+12:00,0,KWH,,2,actual
,2026-04-08 00:30:00+12:00,2026-04-08 01:00:00+12:00,0.253,KWH,,1,actual
,2026-04-08 00:30:00+12:00,2026-04-08 01:00:00+12:00,0,KWH,,2,actual
,2026-04-08 01:00:00+12:00,2026-04-08 01:30:00+12:00,0,KWH,,2,actual
,2026-04-08 01:00:00+12:00,2026-04-08 01:30:00+12:00,0.321,KWH,,1,actual
,2026-04-08 01:30:00+12:00,2026-04-08 02:00:00+12:00,0,KWH,,2,actual
,2026-04-08 01:30:00+12:00,2026-04-08 02:00:00+12:00,0.285,KWH,,1,actual
,2026-04-08 02:00:00+12:00,2026-04-08 02:30:00+12:00,0.28,KWH,,1,actual
,2026-04-08 02:00:00+12:00,2026-04-08 02:30:00+12:00,0,KWH,,2,actual
,2026-04-08 02:30:00+12:00,2026-04-08 03:00:00+12:00,0.351,KWH,,1,actual
,2026-04-08 02:30:00+12:00,2026-04-08 03:00:00+12:00,0,KWH,,2,actual
,2026-04-08 03:00:00+12:00,2026-04-08 03:30:00+12:00,0.255,KWH,,1,actual
,2026-04-08 03:00:00+12:00,2026-04-08 03:30:00+12:00,0,KWH,,2,actual
,2026-04-08 03:30:00+12:00,2026-04-08 04:00:00+12:00,0,KWH,,2,actual
,2026-04-08 03:30:00+12:00,2026-04-08 04:00:00+12:00,0.376,KWH,,1,actual
,2026-04-08 04:00:00+12:00,2026-04-08 04:30:00+12:00,0.294,KWH,,1,actual
,2026-04-08 04:00:00+12:00,2026-04-08 04:30:00+12:00,0,KWH,,2,actual
,2026-04-08 04:30:00+12:00,2026-04-08 05:00:00+12:00,0.351,KWH,,1,actual
,2026-04-08 04:30:00+12:00,2026-04-08 05:00:00+12:00,0,KWH,,2,actual
,2026-04-08 05:00:00+12:00,2026-04-08 05:30:00+12:00,0.332,KWH,,1,actual
,2026-04-08 05:00:00+12:00,2026-04-08 05:30:00+12:00,0,KWH,,2,actual
,2026-04-08 05:30:00+12:00,2026-04-08 06:00:00+12:00,0,KWH,,2,actual
,2026-04-08 05:30:00+12:00,2026-04-08 06:00:00+12:00,0.307,KWH,,1,actual
,2026-04-08 06:00:00+12:00,2026-04-08 06:30:00+12:00,0,KWH,,2,actual
,2026-04-08 06:00:00+12:00,2026-04-08 06:30:00+12:00,0.352,KWH,,1,actual
,2026-04-08 06:30:00+12:00,2026-04-08 07:00:00+12:00,0.918,KWH,,2,actual
,2026-04-08 06:30:00+12:00,2026-04-08 07:00:00+12:00,0.31,KWH,,1,actual
,2026-04-08 07:00:00+12:00,2026-04-08 07:30:00+12:00,0.252,KWH,,1,actual
,2026-04-08 07:00:00+12:00,2026-04-08 07:30:00+12:00,1.494,KWH,,2,actual
,2026-04-08 07:30:00+12:00,2026-04-08 08:00:00+12:00,1.524,KWH,,2,actual
,2026-04-08 07:30:00+12:00,2026-04-08 08:00:00+12:00,0.244,KWH,,1,actual
,2026-04-08 08:00:00+12:00,2026-04-08 08:30:00+12:00,0.255,KWH,,1,actual
,2026-04-08 08:00:00+12:00,2026-04-08 08:30:00+12:00,1.537,KWH,,2,actual
,2026-04-08 08:30:00+12:00,2026-04-08 09:00:00+12:00,1.511,KWH,,2,actual
,2026-04-08 08:30:00+12:00,2026-04-08 09:00:00+12:00,0.893,KWH,,1,actual
,2026-04-08 09:00:00+12:00,2026-04-08 09:30:00+12:00,1.488,KWH,,2,actual
,2026-04-08 09:00:00+12:00,2026-04-08 09:30:00+12:00,0.854,KWH,,1,actual
,2026-04-08 09:30:00+12:00,2026-04-08 10:00:00+12:00,0.892,KWH,,1,actual
,2026-04-08 09:30:00+12:00,2026-04-08 10:00:00+12:00,1.505,KWH,,2,actual
,2026-04-08 10:00:00+12:00,2026-04-08 10:30:00+12:00,0.585,KWH,,1,actual
,2026-04-08 10:00:00+12:00,2026-04-08 10:30:00+12:00,1.526,KWH,,2,actual
,2026-04-08 10:30:00+12:00,2026-04-08 11:00:00+12:00,1.53,KWH,,2,actual
,2026-04-08 10:30:00+12:00,2026-04-08 11:00:00+12:00,0.628,KWH,,1,actual
,2026-04-08 11:00:00+12:00,2026-04-08 11:30:00+12:00,0.572,KWH,,1,actual
,2026-04-08 11:00:00+12:00,2026-04-08 11:30:00+12:00,1.53,KWH,,2,actual
,2026-04-08 11:30:00+12:00,2026-04-08 12:00:00+12:00,1.525,KWH,,2,actual
,2026-04-08 11:30:00+12:00,2026-04-08 12:00:00+12:00,0.456,KWH,,1,actual
,2026-04-08 12:00:00+12:00,2026-04-08 12:30:00+12:00,0.657,KWH,,2,actual
,2026-04-08 12:00:00+12:00,2026-04-08 12:30:00+12:00,1.613,KWH,,1,actual
,2026-04-08 12:30:00+12:00,2026-04-08 13:00:00+12:00,0.918,KWH,,1,actual
,2026-04-08 12:30:00+12:00,2026-04-08 13:00:00+12:00,0,KWH,,2,actual
,2026-04-08 13:00:00+12:00,2026-04-08 13:30:00+12:00,0,KWH,,2,actual
,2026-04-08 13:00:00+12:00,2026-04-08 13:30:00+12:00,0.7,KWH,,1,actual
,2026-04-08 13:30:00+12:00,2026-04-08 14:00:00+12:00,0,KWH,,2,actual
,2026-04-08 13:30:00+12:00,2026-04-08 14:00:00+12:00,0.212,KWH,,1,actual
,2026-04-08 14:00:00+12:00,2026-04-08 14:30:00+12:00,0.188,KWH,,1,actual
,2026-04-08 14:00:00+12:00,2026-04-08 14:30:00+12:00,0,KWH,,2,actual
,2026-04-08 14:30:00+12:00,2026-04-08 15:00:00+12:00,0,KWH,,2,actual
,2026-04-08 14:30:00+12:00,2026-04-08 15:00:00+12:00,0.234,KWH,,1,actual
,2026-04-08 15:00:00+12:00,2026-04-08 15:30:00+12:00,0.463,KWH,,1,actual
,2026-04-08 15:00:00+12:00,2026-04-08 15:30:00+12:00,0,KWH,,2,actual
,2026-04-08 15:30:00+12:00,2026-04-08 16:00:00+12:00,0.278,KWH,,1,actual
,2026-04-08 15:30:00+12:00,2026-04-08 16:00:00+12:00,0,KWH,,2,actual
,2026-04-08 16:00:00+12:00,2026-04-08 16:30:00+12:00,0,KWH,,2,actual
,2026-04-08 16:00:00+12:00,2026-04-08 16:30:00+12:00,0.341,KWH,,1,actual
,2026-04-08 16:30:00+12:00,2026-04-08 17:00:00+12:00,0,KWH,,2,actual
,2026-04-08 16:30:00+12:00,2026-04-08 17:00:00+12:00,0.354,KWH,,1,actual
,2026-04-08 17:00:00+12:00,2026-04-08 17:30:00+12:00,1.118,KWH,,1,actual
,2026-04-08 17:00:00+12:00,2026-04-08 17:30:00+12:00,0,KWH,,2,actual
,2026-04-08 17:30:00+12:00,2026-04-08 18:00:00+12:00,0,KWH,,2,actual
,2026-04-08 17:30:00+12:00,2026-04-08 18:00:00+12:00,0.472,KWH,,1,actual
,2026-04-08 18:00:00+12:00,2026-04-08 18:30:00+12:00,0.321,KWH,,2,actual
,2026-04-08 18:00:00+12:00,2026-04-08 18:30:00+12:00,0.27,KWH,,1,actual
,2026-04-08 18:30:00+12:00,2026-04-08 19:00:00+12:00,0.607,KWH,,1,actual
,2026-04-08 18:30:00+12:00,2026-04-08 19:00:00+12:00,1.481,KWH,,2,actual
,2026-04-08 19:00:00+12:00,2026-04-08 19:30:00+12:00,0.258,KWH,,1,actual
,2026-04-08 19:00:00+12:00,2026-04-08 19:30:00+12:00,0.226,KWH,,2,actual
,2026-04-08 19:30:00+12:00,2026-04-08 20:00:00+12:00,0.967,KWH,,1,actual
,2026-04-08 19:30:00+12:00,2026-04-08 20:00:00+12:00,0,KWH,,2,actual
,2026-04-08 20:00:00+12:00,2026-04-08 20:30:00+12:00,0.551,KWH,,1,actual
,2026-04-08 20:00:00+12:00,2026-04-08 20:30:00+12:00,0,KWH,,2,actual
,2026-04-08 20:30:00+12:00,2026-04-08 21:00:00+12:00,0.508,KWH,,1,actual
,2026-04-08 20:30:00+12:00,2026-04-08 21:00:00+12:00,0,KWH,,2,actual
,2026-04-08 21:00:00+12:00,2026-04-08 21:30:00+12:00,0.505,KWH,,1,actual
,2026-04-08 21:00:00+12:00,2026-04-08 21:30:00+12:00,0,KWH,,2,actual
,2026-04-08 21:30:00+12:00,2026-04-08 22:00:00+12:00,0,KWH,,2,actual
,2026-04-08 21:30:00+12:00,2026-04-08 22:00:00+12:00,0.496,KWH,,1,actual
,2026-04-08 22:00:00+12:00,2026-04-08 22:30:00+12:00,0,KWH,,2,actual
,2026-04-08 22:00:00+12:00,2026-04-08 22:30:00+12:00,0.483,KWH,,1,actual
,2026-04-08 22:30:00+12:00,2026-04-08 23:00:00+12:00,0,KWH,,2,actual
,2026-04-08 22:30:00+12:00,2026-04-08 23:00:00+12:00,0.906,KWH,,1,actual
,2026-04-08 23:00:00+12:00,2026-04-08 23:30:00+12:00,0,KWH,,2,actual
,2026-04-08 23:00:00+12:00,2026-04-08 23:30:00+12:00,0.565,KWH,,1,actual
,2026-04-08 23:30:00+12:00,2026-04-09 00:00:00+12:00,1.288,KWH,,1,actual
,2026-04-08 23:30:00+12:00,2026-04-09 00:00:00+12:00,0,KWH,,2,actual
,2026-04-09 00:00:00+12:00,2026-04-09 00:30:00+12:00,0.26,KWH,,1,actual
,2026-04-09 00:00:00+12:00,2026-04-09 00:30:00+12:00,0,KWH,,2,actual
,2026-04-09 00:30:00+12:00,2026-04-09 01:00:00+12:00,1.031,KWH,,2,actual
,2026-04-09 00:30:00+12:00,2026-04-09 01:00:00+12:00,0.204,KWH,,1,actual
,2026-04-09 01:00:00+12:00,2026-04-09 01:30:00+12:00,0.293,KWH,,2,actual
,2026-04-09 01:00:00+12:00,2026-04-09 01:30:00+12:00,0.2,KWH,,1,actual
,2026-04-09 01:30:00+12:00,2026-04-09 02:00:00+12:00,0.191,KWH,,1,actual
,2026-04-09 01:30:00+12:00,2026-04-09 02:00:00+12:00,0,KWH,,2,actual
,2026-04-09 02:00:00+12:00,2026-04-09 02:30:00+12:00,0,KWH,,2,actual
,2026-04-09 02:00:00+12:00,2026-04-09 02:30:00+12:00,0.216,KWH,,1,actual
,2026-04-09 02:30:00+12:00,2026-04-09 03:00:00+12:00,0.177,KWH,,1,actual
,2026-04-09 02:30:00+12:00,2026-04-09 03:00:00+12:00,0,KWH,,2,actual
,2026-04-09 03:00:00+12:00,2026-04-09 03:30:00+12:00,0.204,KWH,,1,actual
,2026-04-09 03:00:00+12:00,2026-04-09 03:30:00+12:00,0,KWH,,2,actual
,2026-04-09 03:30:00+12:00,2026-04-09 04:00:00+12:00,0,KWH,,2,actual
,2026-04-09 03:30:00+12:00,2026-04-09 04:00:00+12:00,0.209,KWH,,1,actual
,2026-04-09 04:00:00+12:00,2026-04-09 04:30:00+12:00,0.184,KWH,,1,actual
,2026-04-09 04:00:00+12:00,2026-04-09 04:30:00+12:00,0,KWH,,2,actual
,2026-04-09 04:30:00+12:00,2026-04-09 05:00:00+12:00,0,KWH,,2,actual
,2026-04-09 04:30:00+12:00,2026-04-09 05:00:00+12:00,0.238,KWH,,1,actual
,2026-04-09 05:00:00+12:00,2026-04-09 05:30:00+12:00,0,KWH,,2,actual
,2026-04-09 05:00:00+12:00,2026-04-09 05:30:00+12:00,0.209,KWH,,1,actual
,2026-04-09 05:30:00+12:00,2026-04-09 06:00:00+12:00,0.206,KWH,,1,actual
,2026-04-09 05:30:00+12:00,2026-04-09 06:00:00+12:00,0,KWH,,2,actual
,2026-04-09 06:00:00+12:00,2026-04-09 06:30:00+12:00,0.241,KWH,,1,actual
,2026-04-09 06:00:00+12:00,2026-04-09 06:30:00+12:00,0,KWH,,2,actual
,2026-04-09 06:30:00+12:00,2026-04-09 07:00:00+12:00,0.2,KWH,,1,actual
,2026-04-09 06:30:00+12:00,2026-04-09 07:00:00+12:00,0,KWH,,2,actual
,2026-04-09 07:00:00+12:00,2026-04-09 07:30:00+12:00,0,KWH,,2,actual
,2026-04-09 07:00:00+12:00,2026-04-09 07:30:00+12:00,0.139,KWH,,1,actual
,2026-04-09 07:30:00+12:00,2026-04-09 08:00:00+12:00,0,KWH,,2,actual
,2026-04-09 07:30:00+12:00,2026-04-09 08:00:00+12:00,0.211,KWH,,1,actual
,2026-04-09 08:00:00+12:00,2026-04-09 08:30:00+12:00,0.611,KWH,,2,actual
,2026-04-09 08:00:00+12:00,2026-04-09 08:30:00+12:00,0.208,KWH,,1,actual
,2026-04-09 08:30:00+12:00,2026-04-09 09:00:00+12:00,0.422,KWH,,1,actual
,2026-04-09 08:30:00+12:00,2026-04-09 09:00:00+12:00,1.518,KWH,,2,actual
,2026-04-09 09:00:00+12:00,2026-04-09 09:30:00+12:00,0.284,KWH,,1,actual
,2026-04-09 09:00:00+12:00,2026-04-09 09:30:00+12:00,1.515,KWH,,2,actual
,2026-04-09 09:30:00+12:00,2026-04-09 10:00:00+12:00,0.219,KWH,,1,actual
,2026-04-09 09:30:00+12:00,2026-04-09 10:00:00+12:00,1.509,KWH,,2,actual
,2026-04-09 10:00:00+12:00,2026-04-09 10:30:00+12:00,1.517,KWH,,2,actual
,2026-04-09 10:00:00+12:00,2026-04-09 10:30:00+12:00,0.203,KWH,,1,actual
,2026-04-09 10:30:00+12:00,2026-04-09 11:00:00+12:00,0.192,KWH,,1,actual
,2026-04-09 10:30:00+12:00,2026-04-09 11:00:00+12:00,0.27,KWH,,2,actual
,2026-04-09 11:00:00+12:00,2026-04-09 11:30:00+12:00,0,KWH,,2,actual
,2026-04-09 11:00:00+12:00,2026-04-09 11:30:00+12:00,0.23,KWH,,1,actual
,2026-04-09 11:30:00+12:00,2026-04-09 12:00:00+12:00,0,KWH,,2,actual
,2026-04-09 11:30:00+12:00,2026-04-09 12:00:00+12:00,0.196,KWH,,1,actual
,2026-04-09 12:00:00+12:00,2026-04-09 12:30:00+12:00,0.199,KWH,,1,actual
,2026-04-09 12:00:00+12:00,2026-04-09 12:30:00+12:00,0,KWH,,2,actual
,2026-04-09 12:30:00+12:00,2026-04-09 13:00:00+12:00,0,KWH,,2,actual
,2026-04-09 12:30:00+12:00,2026-04-09 13:00:00+12:00,0.566,KWH,,1,actual
,2026-04-09 13:00:00+12:00,2026-04-09 13:30:00+12:00,0.25,KWH,,1,actual
,2026-04-09 13:00:00+12:00,2026-04-09 13:30:00+12:00,0,KWH,,2,actual
,2026-04-09 13:30:00+12:00,2026-04-09 14:00:00+12:00,0.205,KWH,,1,actual
,2026-04-09 13:30:00+12:00,2026-04-09 14:00:00+12:00,0,KWH,,2,actual
,2026-04-09 14:00:00+12:00,2026-04-09 14:30:00+12:00,0,KWH,,2,actual
,2026-04-09 14:00:00+12:00,2026-04-09 14:30:00+12:00,0.238,KWH,,1,actual
,2026-04-09 14:30:00+12:00,2026-04-09 15:00:00+12:00,0.247,KWH,,1,actual
,2026-04-09 14:30:00+12:00,2026-04-09 15:00:00+12:00,0,KWH,,2,actual
,2026-04-09 15:00:00+12:00,2026-04-09 15:30:00+12:00,0,KWH,,2,actual
,2026-04-09 15:00:00+12:00,2026-04-09 15:30:00+12:00,0.32,KWH,,1,actual
,2026-04-09 15:30:00+12:00,2026-04-09 16:00:00+12:00,0,KWH,,2,actual
,2026-04-09 15:30:00+12:00,2026-04-09 16:00:00+12:00,0.37,KWH,,1,actual
,2026-04-09 16:00:00+12:00,2026-04-09 16:30:00+12:00,0.507,KWH,,1,actual
,2026-04-09 16:00:00+12:00,2026-04-09 16:30:00+12:00,0,KWH,,2,actual
,2026-04-09 16:30:00+12:00,2026-04-09 17:00:00+12:00,0.977,KWH,,1,actual
,2026-04-09 16:30:00+12:00,2026-04-09 17:00:00+12:00,0.084,KWH,,2,actual
,2026-04-09 17:00:00+12:00,2026-04-09 17:30:00+12:00,1.353,KWH,,2,actual
,2026-04-09 17:00:00+12:00,2026-04-09 17:30:00+12:00,1.073,KWH,,1,actual
,2026-04-09 17:30:00+12:00,2026-04-09 18:00:00+12:00,1.007,KWH,,1,actual
,2026-04-09 17:30:00+12:00,2026-04-09 18:00:00+12:00,0,KWH,,2,actual
,2026-04-09 18:00:00+12:00,2026-04-09 18:30:00+12:00,0.257,KWH,,1,actual
,2026-04-09 18:00:00+12:00,2026-04-09 18:30:00+12:00,0,KWH,,2,actual
,2026-04-09 18:30:00+12:00,2026-04-09 19:00:00+12:00,0.287,KWH,,2,actual
,2026-04-09 18:30:00+12:00,2026-04-09 19:00:00+12:00,0.322,KWH,,1,actual
,2026-04-09 19:00:00+12:00,2026-04-09 19:30:00+12:00,1.527,KWH,,2,actual
,2026-04-09 19:00:00+12:00,2026-04-09 19:30:00+12:00,0.586,KWH,,1,actual
,2026-04-09 19:30:00+12:00,2026-04-09 20:00:00+12:00,1.529,KWH,,2,actual
,2026-04-09 19:30:00+12:00,2026-04-09 20:00:00+12:00,0.276,KWH,,1,actual
,2026-04-09 20:00:00+12:00,2026-04-09 20:30:00+12:00,1.16,KWH,,2,actual
,2026-04-09 20:00:00+12:00,2026-04-09 20:30:00+12:00,0.57,KWH,,1,actual
,2026-04-09 20:30:00+12:00,2026-04-09 21:00:00+12:00,0,KWH,,2,actual
,2026-04-09 20:30:00+12:00,2026-04-09 21:00:00+12:00,1.521,KWH,,1,actual
,2026-04-09 21:00:00+12:00,2026-04-09 21:30:00+12:00,0,KWH,,2,actual
,2026-04-09 21:00:00+12:00,2026-04-09 21:30:00+12:00,0.238,KWH,,1,actual
,2026-04-09 21:30:00+12:00,2026-04-09 22:00:00+12:00,0.239,KWH,,1,actual
,2026-04-09 21:30:00+12:00,2026-04-09 22:00:00+12:00,0,KWH,,2,actual
,2026-04-09 22:00:00+12:00,2026-04-09 22:30:00+12:00,0.164,KWH,,1,actual
,2026-04-09 22:00:00+12:00,2026-04-09 22:30:00+12:00,0,KWH,,2,actual
,2026-04-09 22:30:00+12:00,2026-04-09 23:00:00+12:00,0.203,KWH,,1,actual
,2026-04-09 22:30:00+12:00,2026-04-09 23:00:00+12:00,0,KWH,,2,actual
,2026-04-09 23:00:00+12:00,2026-04-09 23:30:00+12:00,0.245,KWH,,1,actual
,2026-04-09 23:00:00+12:00,2026-04-09 23:30:00+12:00,0,KWH,,2,actual
,2026-04-09 23:30:00+12:00,2026-04-10 00:00:00+12:00,0,KWH,,2,actual
,2026-04-09 23:30:00+12:00,2026-04-10 00:00:00+12:00,0.319,KWH,,1,actual
,2026-04-10 00:00:00+12:00,2026-04-10 00:30:00+12:00,0,KWH,,2,actual
,2026-04-10 00:00:00+12:00,2026-04-10 00:30:00+12:00,0.277,KWH,,1,actual
,2026-04-10 00:30:00+12:00,2026-04-10 01:00:00+12:00,0.298,KWH,,1,actual
,2026-04-10 00:30:00+12:00,2026-04-10 01:00:00+12:00,0,KWH,,2,actual
,2026-04-10 01:00:00+12:00,2026-04-10 01:30:00+12:00,0.328,KWH,,1,actual
,2026-04-10 01:00:00+12:00,2026-04-10 01:30:00+12:00,0,KWH,,2,actual
,2026-04-10 01:30:00+12:00,2026-04-10 02:00:00+12:00,0,KWH,,2,actual
,2026-04-10 01:30:00+12:00,2026-04-10 02:00:00+12:00,0.321,KWH,,1,actual
,2026-04-10 02:00:00+12:00,2026-04-10 02:30:00+12:00,0.412,KWH,,1,actual
,2026-04-10 02:00:00+12:00,2026-04-10 02:30:00+12:00,0,KWH,,2,actual
,2026-04-10 02:30:00+12:00,2026-04-10 03:00:00+12:00,0,KWH,,2,actual
,2026-04-10 02:30:00+12:00,2026-04-10 03:00:00+12:00,0.329,KWH,,1,actual
,2026-04-10 03:00:00+12:00,2026-04-10 03:30:00+12:00,0,KWH,,2,actual
,2026-04-10 03:00:00+12:00,2026-04-10 03:30:00+12:00,0.424,KWH,,1,actual
,2026-04-10 03:30:00+12:00,2026-04-10 04:00:00+12:00,0.454,KWH,,1,actual
,2026-04-10 03:30:00+12:00,2026-04-10 04:00:00+12:00,0,KWH,,2,actual
,2026-04-10 04:00:00+12:00,2026-04-10 04:30:00+12:00,0.457,KWH,,2,actual
,2026-04-10 04:00:00+12:00,2026-04-10 04:30:00+12:00,0.454,KWH,,1,actual
,2026-04-10 04:30:00+12:00,2026-04-10 05:00:00+12:00,0.491,KWH,,1,actual
,2026-04-10 04:30:00+12:00,2026-04-10 05:00:00+12:00,1.007,KWH,,2,actual
,2026-04-10 05:00:00+12:00,2026-04-10 05:30:00+12:00,0.549,KWH,,1,actual
,2026-04-10 05:00:00+12:00,2026-04-10 05:30:00+12:00,0,KWH,,2,actual
,2026-04-10 05:30:00+12:00,2026-04-10 06:00:00+12:00,0,KWH,,2,actual
,2026-04-10 05:30:00+12:00,2026-04-10 06:00:00+12:00,0.513,KWH,,1,actual
,2026-04-10 06:00:00+12:00,2026-04-10 06:30:00+12:00,0,KWH,,2,actual
,2026-04-10 06:00:00+12:00,2026-04-10 06:30:00+12:00,0.597,KWH,,1,actual
,2026-04-10 06:30:00+12:00,2026-04-10 07:00:00+12:00,0,KWH,,2,actual
,2026-04-10 06:30:00+12:00,2026-04-10 07:00:00+12:00,0.558,KWH,,1,actual
,2026-04-10 07:00:00+12:00,2026-04-10 07:30:00+12:00,0.442,KWH,,1,actual
,2026-04-10 07:00:00+12:00,2026-04-10 07:30:00+12:00,0,KWH,,2,actual
,2026-04-10 07:30:00+12:00,2026-04-10 08:00:00+12:00,0.446,KWH,,1,actual
,2026-04-10 07:30:00+12:00,2026-04-10 08:00:00+12:00,0,KWH,,2,actual
,2026-04-10 08:00:00+12:00,2026-04-10 08:30:00+12:00,0.434,KWH,,1,actual
,2026-04-10 08:00:00+12:00,2026-04-10 08:30:00+12:00,0,KWH,,2,actual
,2026-04-10 08:30:00+12:00,2026-04-10 09:00:00+12:00,1.131,KWH,,2,actual
,2026-04-10 08:30:00+12:00,2026-04-10 09:00:00+12:00,1.014,KWH,,1,actual
,2026-04-10 09:00:00+12:00,2026-04-10 09:30:00+12:00,1.49,KWH,,2,actual
,2026-04-10 09:00:00+12:00,2026-04-10 09:30:00+12:00,1.211,KWH,,1,actual
,2026-04-10 09:30:00+12:00,2026-04-10 10:00:00+12:00,1.49,KWH,,2,actual
,2026-04-10 09:30:00+12:00,2026-04-10 10:00:00+12:00,0.559,KWH,,1,actual
,2026-04-10 10:00:00+12:00,2026-04-10 10:30:00+12:00,0.569,KWH,,1,actual
,2026-04-10 10:00:00+12:00,2026-04-10 10:30:00+12:00,1.497,KWH,,2,actual
,2026-04-10 10:30:00+12:00,2026-04-10 11:00:00+12:00,1.505,KWH,,2,actual
,2026-04-10 10:30:00+12:00,2026-04-10 11:00:00+12:00,0.505,KWH,,1,actual
,2026-04-10 11:00:00+12:00,2026-04-10 11:30:00+12:00,0.403,KWH,,1,actual
,2026-04-10 11:00:00+12:00,2026-04-10 11:30:00+12:00,1.517,KWH,,2,actual
,2026-04-10 11:30:00+12:00,2026-04-10 12:00:00+12:00,0.385,KWH,,1,actual
,2026-04-10 11:30:00+12:00,2026-04-10 12:00:00+12:00,0.524,KWH,,2,actual
,2026-04-10 12:00:00+12:00,2026-04-10 12:30:00+12:00,0,KWH,,2,actual
,2026-04-10 12:00:00+12:00,2026-04-10 12:30:00+12:00,0.361,KWH,,1,actual
,2026-04-10 12:30:00+12:00,2026-04-10 13:00:00+12:00,0.419,KWH,,1,actual
,2026-04-10 12:30:00+12:00,2026-04-10 13:00:00+12:00,0,KWH,,2,actual
,2026-04-10 13:00:00+12:00,2026-04-10 13:30:00+12:00,0,KWH,,2,actual
,2026-04-10 13:00:00+12:00,2026-04-10 13:30:00+12:00,0.393,KWH,,1,actual
,2026-04-10 13:30:00+12:00,2026-04-10 14:00:00+12:00,0,KWH,,2,actual
,2026-04-10 13:30:00+12:00,2026-04-10 14:00:00+12:00,0.367,KWH,,1,actual
,2026-04-10 14:00:00+12:00,2026-04-10 14:30:00+12:00,0.366,KWH,,1,actual
,2026-04-10 14:00:00+12:00,2026-04-10 14:30:00+12:00,0,KWH,,2,actual
,2026-04-10 14:30:00+12:00,2026-04-10 15:00:00+12:00,0,KWH,,2,actual
,2026-04-10 14:30:00+12:00,2026-04-10 15:00:00+12:00,0.235,KWH,,1,actual
,2026-04-10 15:00:00+12:00,2026-04-10 15:30:00+12:00,0.322,KWH,,1,actual
,2026-04-10 15:00:00+12:00,2026-04-10 15:30:00+12:00,0,KWH,,2,actual
,2026-04-10 15:30:00+12:00,2026-04-10 16:00:00+12:00,0.267,KWH,,1,actual
,2026-04-10 15:30:00+12:00,2026-04-10 16:00:00+12:00,0,KWH,,2,actual
,2026-04-10 16:00:00+12:00,2026-04-10 16:30:00+12:00,0,KWH,,2,actual
,2026-04-10 16:00:00+12:00,2026-04-10 16:30:00+12:00,0.42,KWH,,1,actual
,2026-04-10 16:30:00+12:00,2026-04-10 17:00:00+12:00,0,KWH,,2,actual
,2026-04-10 16:30:00+12:00,2026-04-10 17:00:00+12:00,0.759,KWH,,1,actual
,2026-04-10 17:00:00+12:00,2026-04-10 17:30:00+12:00,1.701,KWH,,1,actual
,2026-04-10 17:00:00+12:00,2026-04-10 17:30:00+12:00,0,KWH,,2,actual
,2026-04-10 17:30:00+12:00,2026-04-10 18:00:00+12:00,0,KWH,,2,actual
,2026-04-10 17:30:00+12:00,2026-04-10 18:00:00+12:00,1.93,KWH,,1,actual
,2026-04-10 18:00:00+12:00,2026-04-10 18:30:00+12:00,0,KWH,,2,actual
,2026-04-10 18:00:00+12:00,2026-04-10 18:30:00+12:00,1.346,KWH,,1,actual
,2026-04-10 18:30:00+12:00,2026-04-10 19:00:00+12:00,1.321,KWH,,1,actual
,2026-04-10 18:30:00+12:00,2026-04-10 19:00:00+12:00,0.932,KWH,,2,actual
,2026-04-10 19:00:00+12:00,2026-04-10 19:30:00+12:00,1.16,KWH,,1,actual
,2026-04-10 19:00:00+12:00,2026-04-10 19:30:00+12:00,0.796,KWH,,2,actual
,2026-04-10 19:30:00+12:00,2026-04-10 20:00:00+12:00,0.663,KWH,,1,actual
,2026-04-10 19:30:00+12:00,2026-04-10 20:00:00+12:00,0,KWH,,2,actual
,2026-04-10 20:00:00+12:00,2026-04-10 20:30:00+12:00,0.605,KWH,,1,actual
,2026-04-10 20:00:00+12:00,2026-04-10 20:30:00+12:00,0,KWH,,2,actual
,2026-04-10 20:30:00+12:00,2026-04-10 21:00:00+12:00,0.691,KWH,,1,actual
,2026-04-10 20:30:00+12:00,2026-04-10 21:00:00+12:00,0,KWH,,2,actual
,2026-04-10 21:00:00+12:00,2026-04-10 21:30:00+12:00,0.673,KWH,,1,actual
,2026-04-10 21:00:00+12:00,2026-04-10 21:30:00+12:00,0,KWH,,2,actual
,2026-04-10 21:30:00+12:00,2026-04-10 22:00:00+12:00,0,KWH,,2,actual
,2026-04-10 21:30:00+12:00,2026-04-10 22:00:00+12:00,0.697,KWH,,1,actual
,2026-04-10 22:00:00+12:00,2026-04-10 22:30:00+12:00,0,KWH,,2,actual
,2026-04-10 22:00:00+12:00,2026-04-10 22:30:00+12:00,0.772,KWH,,1,actual
,2026-04-10 22:30:00+12:00,2026-04-10 23:00:00+12:00,0,KWH,,2,actual
,2026-04-10 22:30:00+12:00,2026-04-10 23:00:00+12:00,0.784,KWH,,1,actual
,2026-04-10 23:00:00+12:00,2026-04-10 23:30:00+12:00,0,KWH,,2,actual
,2026-04-10 23:00:00+12:00,2026-04-10 23:30:00+12:00,0.877,KWH,,1,actual
,2026-04-10 23:30:00+12:00,2026-04-11 00:00:00+12:00,0.59,KWH,,1,actual
,2026-04-10 23:30:00+12:00,2026-04-11 00:00:00+12:00,0,KWH,,2,actual
,2026-04-11 00:00:00+12:00,2026-04-11 00:30:00+12:00,0.492,KWH,,1,actual
,2026-04-11 00:00:00+12:00,2026-04-11 00:30:00+12:00,0,KWH,,2,actual
,2026-04-11 00:30:00+12:00,2026-04-11 01:00:00+12:00,0,KWH,,2,actual
,2026-04-11 00:30:00+12:00,2026-04-11 01:00:00+12:00,0.529,KWH,,1,actual
,2026-04-11 01:00:00+12:00,2026-04-11 01:30:00+12:00,0,KWH,,2,actual
,2026-04-11 01:00:00+12:00,2026-04-11 01:30:00+12:00,0.575,KWH,,1,actual
,2026-04-11 01:30:00+12:00,2026-04-11 02:00:00+12:00,0.589,KWH,,1,actual
,2026-04-11 01:30:00+12:00,2026-04-11 02:00:00+12:00,0,KWH,,2,actual
,2026-04-11 02:00:00+12:00,2026-04-11 02:30:00+12:00,0,KWH,,2,actual
,2026-04-11 02:00:00+12:00,2026-04-11 02:30:00+12:00,0.616,KWH,,1,actual
,2026-04-11 02:30:00+12:00,2026-04-11 03:00:00+12:00,0.631,KWH,,1,actual
,2026-04-11 02:30:00+12:00,2026-04-11 03:00:00+12:00,0,KWH,,2,actual
,2026-04-11 03:00:00+12:00,2026-04-11 03:30:00+12:00,0.63,KWH,,1,actual
,2026-04-11 03:00:00+12:00,2026-04-11 03:30:00+12:00,0,KWH,,2,actual
,2026-04-11 03:30:00+12:00,2026-04-11 04:00:00+12:00,0,KWH,,2,actual
,2026-04-11 03:30:00+12:00,2026-04-11 04:00:00+12:00,0.618,KWH,,1,actual
,2026-04-11 04:00:00+12:00,2026-04-11 04:30:00+12:00,0.632,KWH,,1,actual
,2026-04-11 04:00:00+12:00,2026-04-11 04:30:00+12:00,0,KWH,,2,actual
,2026-04-11 04:30:00+12:00,2026-04-11 05:00:00+12:00,0,KWH,,2,actual
,2026-04-11 04:30:00+12:00,2026-04-11 05:00:00+12:00,0.675,KWH,,1,actual
,2026-04-11 05:00:00+12:00,2026-04-11 05:30:00+12:00,1.08,KWH,,2,actual
,2026-04-11 05:00:00+12:00,2026-04-11 05:30:00+12:00,0.64,KWH,,1,actual
,2026-04-11 05:30:00+12:00,2026-04-11 06:00:00+12:00,0.666,KWH,,1,actual
,2026-04-11 05:30:00+12:00,2026-04-11 06:00:00+12:00,0.547,KWH,,2,actual
,2026-04-11 06:00:00+12:00,2026-04-11 06:30:00+12:00,0.661,KWH,,1,actual
,2026-04-11 06:00:00+12:00,2026-04-11 06:30:00+12:00,0,KWH,,2,actual
,2026-04-11 06:30:00+12:00,2026-04-11 07:00:00+12:00,0.639,KWH,,1,actual
,2026-04-11 06:30:00+12:00,2026-04-11 07:00:00+12:00,0,KWH,,2,actual
,2026-04-11 07:00:00+12:00,2026-04-11 07:30:00+12:00,0,KWH,,2,actual
,2026-04-11 07:00:00+12:00,2026-04-11 07:30:00+12:00,0.619,KWH,,1,actual
,2026-04-11 07:30:00+12:00,2026-04-11 08:00:00+12:00,0,KWH,,2,actual
,2026-04-11 07:30:00+12:00,2026-04-11 08:00:00+12:00,0.594,KWH,,1,actual
,2026-04-11 08:00:00+12:00,2026-04-11 08:30:00+12:00,0,KWH,,2,actual
,2026-04-11 08:00:00+12:00,2026-04-11 08:30:00+12:00,0.607,KWH,,1,actual
,2026-04-11 08:30:00+12:00,2026-04-11 09:00:00+12:00,0.759,KWH,,1,actual
,2026-04-11 08:30:00+12:00,2026-04-11 09:00:00+12:00,0,KWH,,2,actual
,2026-04-11 09:00:00+12:00,2026-04-11 09:30:00+12:00,0.511,KWH,,1,actual
,2026-04-11 09:00:00+12:00,2026-04-11 09:30:00+12:00,0,KWH,,2,actual
,2026-04-11 09:30:00+12:00,2026-04-11 10:00:00+12:00,0.86,KWH,,1,actual
,2026-04-11 09:30:00+12:00,2026-04-11 10:00:00+12:00,0,KWH,,2,actual
,2026-04-11 10:00:00+12:00,2026-04-11 10:30:00+12:00,0,KWH,,2,actual
,2026-04-11 10:00:00+12:00,2026-04-11 10:30:00+12:00,0.476,KWH,,1,actual
,2026-04-11 10:30:00+12:00,2026-04-11 11:00:00+12:00,1.409,KWH,,1,actual
,2026-04-11 10:30:00+12:00,2026-04-11 11:00:00+12:00,0,KWH,,2,actual
,2026-04-11 11:00:00+12:00,2026-04-11 11:30:00+12:00,0,KWH,,2,actual
,2026-04-11 11:00:00+12:00,2026-04-11 11:30:00+12:00,2.095,KWH,,1,actual
,2026-04-11 11:30:00+12:00,2026-04-11 12:00:00+12:00,0.669,KWH,,2,actual
,2026-04-11 11:30:00+12:00,2026-04-11 12:00:00+12:00,1.932,KWH,,1,actual
,2026-04-11 12:00:00+12:00,2026-04-11 12:30:00+12:00,1.945,KWH,,1,actual
,2026-04-11 12:00:00+12:00,2026-04-11 12:30:00+12:00,0.761,KWH,,2,actual
,2026-04-11 12:30:00+12:00,2026-04-11 13:00:00+12:00,0,KWH,,2,actual
,2026-04-11 12:30:00+12:00,2026-04-11 13:00:00+12:00,1.998,KWH,,1,actual
,2026-04-11 13:00:00+12:00,2026-04-11 13:30:00+12:00,2.946,KWH,,1,actual
,2026-04-11 13:00:00+12:00,2026-04-11 13:30:00+12:00,0,KWH,,2,actual
,2026-04-11 13:30:00+12:00,2026-04-11 14:00:00+12:00,2.485,KWH,,1,actual
,2026-04-11 13:30:00+12:00,2026-04-11 14:00:00+12:00,0,KWH,,2,actual
,2026-04-11 14:00:00+12:00,2026-04-11 14:30:00+12:00,0,KWH,,2,actual
,2026-04-11 14:00:00+12:00,2026-04-11 14:30:00+12:00,1.984,KWH,,1,actual
,2026-04-11 14:30:00+12:00,2026-04-11 15:00:00+12:00,1.909,KWH,,1,actual
,2026-04-11 14:30:00+12:00,2026-04-11 15:00:00+12:00,0,KWH,,2,actual
,2026-04-11 15:00:00+12:00,2026-04-11 15:30:00+12:00,0,KWH,,2,actual
,2026-04-11 15:00:00+12:00,2026-04-11 15:30:00+12:00,1.969,KWH,,1,actual
,2026-04-11 15:30:00+12:00,2026-04-11 16:00:00+12:00,0,KWH,,2,actual
,2026-04-11 15:30:00+12:00,2026-04-11 16:00:00+12:00,1.99,KWH,,1,actual
,2026-04-11 16:00:00+12:00,2026-04-11 16:30:00+12:00,1.964,KWH,,1,actual
,2026-04-11 16:00:00+12:00,2026-04-11 16:30:00+12:00,0,KWH,,2,actual
,2026-04-11 16:30:00+12:00,2026-04-11 17:00:00+12:00,0.938,KWH,,1,actual
,2026-04-11 16:30:00+12:00,2026-04-11 17:00:00+12:00,0,KWH,,2,actual
,2026-04-11 17:00:00+12:00,2026-04-11 17:30:00+12:00,0,KWH,,2,actual
,2026-04-11 17:00:00+12:00,2026-04-11 17:30:00+12:00,0.224,KWH,,1,actual
,2026-04-11 17:30:00+12:00,2026-04-11 18:00:00+12:00,0.2,KWH,,1,actual
,2026-04-11 17:30:00+12:00,2026-04-11 18:00:00+12:00,0,KWH,,2,actual
,2026-04-11 18:00:00+12:00,2026-04-11 18:30:00+12:00,0.211,KWH,,1,actual
,2026-04-11 18:00:00+12:00,2026-04-11 18:30:00+12:00,0,KWH,,2,actual
,2026-04-11 18:30:00+12:00,2026-04-11 19:00:00+12:00,1.004,KWH,,2,actual
,2026-04-11 18:30:00+12:00,2026-04-11 19:00:00+12:00,0.179,KWH,,1,actual
,2026-04-11 19:00:00+12:00,2026-04-11 19:30:00+12:00,0.399,KWH,,2,actual
,2026-04-11 19:00:00+12:00,2026-04-11 19:30:00+12:00,0.22,KWH,,1,actual
,2026-04-11 19:30:00+12:00,2026-04-11 20:00:00+12:00,0,KWH,,2,actual
,2026-04-11 19:30:00+12:00,2026-04-11 20:00:00+12:00,0.148,KWH,,1,actual
,2026-04-11 20:00:00+12:00,2026-04-11 20:30:00+12:00,0.755,KWH,,2,actual
,2026-04-11 20:00:00+12:00,2026-04-11 20:30:00+12:00,0.471,KWH,,1,actual
,2026-04-11 20:30:00+12:00,2026-04-11 21:00:00+12:00,1.522,KWH,,2,actual
,2026-04-11 20:30:00+12:00,2026-04-11 21:00:00+12:00,0.46,KWH,,1,actual
,2026-04-11 21:00:00+12:00,2026-04-11 21:30:00+12:00,1.537,KWH,,2,actual
,2026-04-11 21:00:00+12:00,2026-04-11 21:30:00+12:00,0.24,KWH,,1,actual
,2026-04-11 21:30:00+12:00,2026-04-11 22:00:00+12:00,0.251,KWH,,1,actual
,2026-04-11 21:30:00+12:00,2026-04-11 22:00:00+12:00,1.523,KWH,,2,actual
,2026-04-11 22:00:00+12:00,2026-04-11 22:30:00+12:00,0.924,KWH,,1,actual
,2026-04-11 22:00:00+12:00,2026-04-11 22:30:00+12:00,1.492,KWH,,2,actual
,2026-04-11 22:30:00+12:00,2026-04-11 23:00:00+12:00,1.943,KWH,,1,actual
,2026-04-11 22:30:00+12:00,2026-04-11 23:00:00+12:00,0.243,KWH,,2,actual
,2026-04-11 23:00:00+12:00,2026-04-11 23:30:00+12:00,1.928,KWH,,1,actual
,2026-04-11 23:00:00+12:00,2026-04-11 23:30:00+12:00,0,KWH,,2,actual
,2026-04-11 23:30:00+12:00,2026-04-12 00:00:00+12:00,0,KWH,,2,actual
,2026-04-11 23:30:00+12:00,2026-04-12 00:00:00+12:00,1.937,KWH,,1,actual
,2026-04-12 00:00:00+12:00,2026-04-12 00:30:00+12:00,0,KWH,,2,actual
,2026-04-12 00:00:00+12:00,2026-04-12 00:30:00+12:00,1.945,KWH,,1,actual
,2026-04-12 00:30:00+12:00,2026-04-12 01:00:00+12:00,1.926,KWH,,1,actual
,2026-04-12 00:30:00+12:00,2026-04-12 01:00:00+12:00,0,KWH,,2,actual
,2026-04-12 01:00:00+12:00,2026-04-12 01:30:00+12:00,1.959,KWH,,1,actual
,2026-04-12 01:00:00+12:00,2026-04-12 01:30:00+12:00,0,KWH,,2,actual
,2026-04-12 01:30:00+12:00,2026-04-12 02:00:00+12:00,0,KWH,,2,actual
,2026-04-12 01:30:00+12:00,2026-04-12 02:00:00+12:00,1.91,KWH,,1,actual
,2026-04-12 02:00:00+12:00,2026-04-12 02:30:00+12:00,1.072,KWH,,1,actual
,2026-04-12 02:00:00+12:00,2026-04-12 02:30:00+12:00,0,KWH,,2,actual
,2026-04-12 02:30:00+12:00,2026-04-12 03:00:00+12:00,0,KWH,,2,actual
,2026-04-12 02:30:00+12:00,2026-04-12 03:00:00+12:00,0.422,KWH,,1,actual
,2026-04-12 03:00:00+12:00,2026-04-12 03:30:00+12:00,0,KWH,,2,actual
,2026-04-12 03:00:00+12:00,2026-04-12 03:30:00+12:00,0.246,KWH,,1,actual
,2026-04-12 03:30:00+12:00,2026-04-12 04:00:00+12:00,0.228,KWH,,1,actual
,2026-04-12 03:30:00+12:00,2026-04-12 04:00:00+12:00,0,KWH,,2,actual
,2026-04-12 04:00:00+12:00,2026-04-12 04:30:00+12:00,0,KWH,,2,actual
,2026-04-12 04:00:00+12:00,2026-04-12 04:30:00+12:00,0.228,KWH,,1,actual
,2026-04-12 04:30:00+12:00,2026-04-12 05:00:00+12:00,0.229,KWH,,1,actual
,2026-04-12 04:30:00+12:00,2026-04-12 05:00:00+12:00,0,KWH,,2,actual
,2026-04-12 05:00:00+12:00,2026-04-12 05:30:00+12:00,0.244,KWH,,1,actual
,2026-04-12 05:00:00+12:00,2026-04-12 05:30:00+12:00,0,KWH,,2,actual
,2026-04-12 05:30:00+12:00,2026-04-12 06:00:00+12:00,0,KWH,,2,actual
,2026-04-12 05:30:00+12:00,2026-04-12 06:00:00+12:00,0.234,KWH,,1,actual
,2026-04-12 06:00:00+12:00,2026-04-12 06:30:00+12:00,0,KWH,,2,actual
,2026-04-12 06:00:00+12:00,2026-04-12 06:30:00+12:00,0.261,KWH,,1,actual
,2026-04-12 06:30:00+12:00,2026-04-12 07:00:00+12:00,0,KWH,,2,actual
,2026-04-12 06:30:00+12:00,2026-04-12 07:00:00+12:00,0.203,KWH,,1,actual
,2026-04-12 07:00:00+12:00,2026-04-12 07:30:00+12:00,0.301,KWH,,1,actual
,2026-04-12 07:00:00+12:00,2026-04-12 07:30:00+12:00,0,KWH,,2,actual
,2026-04-12 07:30:00+12:00,2026-04-12 08:00:00+12:00,0.179,KWH,,1,actual
,2026-04-12 07:30:00+12:00,2026-04-12 08:00:00+12:00,0,KWH,,2,actual
,2026-04-12 08:00:00+12:00,2026-04-12 08:30:00+12:00,0.168,KWH,,1,actual
,2026-04-12 08:00:00+12:00,2026-04-12 08:30:00+12:00,1.344,KWH,,2,actual
,2026-04-12 08:30:00+12:00,2026-04-12 09:00:00+12:00,1.523,KWH,,2,actual
,2026-04-12 08:30:00+12:00,2026-04-12 09:00:00+12:00,0.214,KWH,,1,actual
,2026-04-12 09:00:00+12:00,2026-04-12 09:30:00+12:00,0.396,KWH,,2,actual
,2026-04-12 09:00:00+12:00,2026-04-12 09:30:00+12:00,0.422,KWH,,1,actual
,2026-04-12 09:30:00+12:00,2026-04-12 10:00:00+12:00,1.434,KWH,,2,actual
,2026-04-12 09:30:00+12:00,2026-04-12 10:00:00+12:00,0.95,KWH,,1,actual
,2026-04-12 10:00:00+12:00,2026-04-12 10:30:00+12:00,0.447,KWH,,1,actual
,2026-04-12 10:00:00+12:00,2026-04-12 10:30:00+12:00,0.551,KWH,,2,actual
,2026-04-12 10:30:00+12:00,2026-04-12 11:00:00+12:00,0,KWH,,2,actual
,2026-04-12 10:30:00+12:00,2026-04-12 11:00:00+12:00,0.349,KWH,,1,actual
,2026-04-12 11:00:00+12:00,2026-04-12 11:30:00+12:00,0.367,KWH,,1,actual
,2026-04-12 11:00:00+12:00,2026-04-12 11:30:00+12:00,0,KWH,,2,actual
,2026-04-12 11:30:00+12:00,2026-04-12 12:00:00+12:00,0.238,KWH,,1,actual
,2026-04-12 11:30:00+12:00,2026-04-12 12:00:00+12:00,0,KWH,,2,actual
,2026-04-12 12:00:00+12:00,2026-04-12 12:30:00+12:00,0,KWH,,2,actual
,2026-04-12 12:00:00+12:00,2026-04-12 12:30:00+12:00,0.707,KWH,,1,actual
,2026-04-12 12:30:00+12:00,2026-04-12 13:00:00+12:00,2.042,KWH,,1,actual
,2026-04-12 12:30:00+12:00,2026-04-12 13:00:00+12:00,0,KWH,,2,actual
,2026-04-12 13:00:00+12:00,2026-04-12 13:30:00+12:00,0,KWH,,2,actual
,2026-04-12 13:00:00+12:00,2026-04-12 13:30:00+12:00,0.929,KWH,,1,actual
,2026-04-12 13:30:00+12:00,2026-04-12 14:00:00+12:00,0,KWH,,2,actual
,2026-04-12 13:30:00+12:00,2026-04-12 14:00:00+12:00,0.475,KWH,,1,actual
,2026-04-12 14:00:00+12:00,2026-04-12 14:30:00+12:00,0.939,KWH,,1,actual
,2026-04-12 14:00:00+12:00,2026-04-12 14:30:00+12:00,0.924,KWH,,2,actual
,2026-04-12 14:30:00+12:00,2026-04-12 15:00:00+12:00,0.638,KWH,,2,actual
,2026-04-12 14:30:00+12:00,2026-04-12 15:00:00+12:00,0.54,KWH,,1,actual
,2026-04-12 15:00:00+12:00,2026-04-12 15:30:00+12:00,0.303,KWH,,1,actual
,2026-04-12 15:00:00+12:00,2026-04-12 15:30:00+12:00,0,KWH,,2,actual
,2026-04-12 15:30:00+12:00,2026-04-12 16:00:00+12:00,0.268,KWH,,1,actual
,2026-04-12 15:30:00+12:00,2026-04-12 16:00:00+12:00,0,KWH,,2,actual
,2026-04-12 16:00:00+12:00,2026-04-12 16:30:00+12:00,0,KWH,,2,actual
,2026-04-12 16:00:00+12:00,2026-04-12 16:30:00+12:00,0.33,KWH,,1,actual
,2026-04-12 16:30:00+12:00,2026-04-12 17:00:00+12:00,0,KWH,,2,actual
,2026-04-12 16:30:00+12:00,2026-04-12 17:00:00+12:00,0.337,KWH,,1,actual
,2026-04-12 17:00:00+12:00,2026-04-12 17:30:00+12:00,2.575,KWH,,1,actual
,2026-04-12 17:00:00+12:00,2026-04-12 17:30:00+12:00,0,KWH,,2,actual
,2026-04-12 17:30:00+12:00,2026-04-12 18:00:00+12:00,0,KWH,,2,actual
,2026-04-12 17:30:00+12:00,2026-04-12 18:00:00+12:00,1.912,KWH,,1,actual
,2026-04-12 18:00:00+12:00,2026-04-12 18:30:00+12:00,0.265,KWH,,2,actual
,2026-04-12 18:00:00+12:00,2026-04-12 18:30:00+12:00,1.403,KWH,,1,actual
,2026-04-12 18:30:00+12:00,2026-04-12 19:00:00+12:00,0.852,KWH,,1,actual
,2026-04-12 18:30:00+12:00,2026-04-12 19:00:00+12:00,1.516,KWH,,2,actual
,2026-04-12 19:00:00+12:00,2026-04-12 19:30:00+12:00,0.275,KWH,,1,actual
,2026-04-12 19:00:00+12:00,2026-04-12 19:30:00+12:00,1.552,KWH,,2,actual
,2026-04-12 19:30:00+12:00,2026-04-12 20:00:00+12:00,0.248,KWH,,1,actual
,2026-04-12 19:30:00+12:00,2026-04-12 20:00:00+12:00,1.135,KWH,,2,actual
,2026-04-12 20:00:00+12:00,2026-04-12 20:30:00+12:00,0.548,KWH,,1,actual
,2026-04-12 20:00:00+12:00,2026-04-12 20:30:00+12:00,0,KWH,,2,actual
,2026-04-12 20:30:00+12:00,2026-04-12 21:00:00+12:00,1.191,KWH,,1,actual
,2026-04-12 20:30:00+12:00,2026-04-12 21:00:00+12:00,0,KWH,,2,actual
,2026-04-12 21:00:00+12:00,2026-04-12 21:30:00+12:00,1.107,KWH,,1,actual
,2026-04-12 21:00:00+12:00,2026-04-12 21:30:00+12:00,0,KWH,,2,actual
,2026-04-12 21:30:00+12:00,2026-04-12 22:00:00+12:00,0,KWH,,2,actual
,2026-04-12 21:30:00+12:00,2026-04-12 22:00:00+12:00,0.349,KWH,,1,actual
,2026-04-12 22:00:00+12:00,2026-04-12 22:30:00+12:00,0.153,KWH,,2,actual
,2026-04-12 22:00:00+12:00,2026-04-12 22:30:00+12:00,0.55,KWH,,1,actual
,2026-04-12 22:30:00+12:00,2026-04-12 23:00:00+12:00,1.518,KWH,,2,actual
,2026-04-12 22:30:00+12:00,2026-04-12 23:00:00+12:00,0.89,KWH,,1,actual
,2026-04-12 23:00:00+12:00,2026-04-12 23:30:00+12:00,1.54,KWH,,2,actual
,2026-04-12 23:00:00+12:00,2026-04-12 23:30:00+12:00,0.327,KWH,,1,actual
,2026-04-12 23:30:00+12:00,2026-04-13 00:00:00+12:00,0.253,KWH,,1,actual
,2026-04-12 23:30:00+12:00,2026-04-13 00:00:00+12:00,1.551,KWH,,2,actual
,2026-04-13 00:00:00+12:00,2026-04-13 00:30:00+12:00,0.257,KWH,,1,actual
,2026-04-13 00:00:00+12:00,2026-04-13 00:30:00+12:00,1.549,KWH,,2,actual
,2026-04-13 00:30:00+12:00,2026-04-13 01:00:00+12:00,0.142,KWH,,2,actual
,2026-04-13 00:30:00+12:00,2026-04-13 01:00:00+12:00,0.258,KWH,,1,actual
,2026-04-13 01:00:00+12:00,2026-04-13 01:30:00+12:00,0,KWH,,2,actual
,2026-04-13 01:00:00+12:00,2026-04-13 01:30:00+12:00,0.322,KWH,,1,actual
,2026-04-13 01:30:00+12:00,2026-04-13 02:00:00+12:00,0.258,KWH,,1,actual
,2026-04-13 01:30:00+12:00,2026-04-13 02:00:00+12:00,0,KWH,,2,actual
,2026-04-13 02:00:00+12:00,2026-04-13 02:30:00+12:00,0,KWH,,2,actual
,2026-04-13 02:00:00+12:00,2026-04-13 02:30:00+12:00,0.295,KWH,,1,actual
,2026-04-13 02:30:00+12:00,2026-04-13 03:00:00+12:00,0.303,KWH,,1,actual
,2026-04-13 02:30:00+12:00,2026-04-13 03:00:00+12:00,0,KWH,,2,actual
,2026-04-13 03:00:00+12:00,2026-04-13 03:30:00+12:00,0.348,KWH,,1,actual
,2026-04-13 03:00:00+12:00,2026-04-13 03:30:00+12:00,0,KWH,,2,actual
,2026-04-13 03:30:00+12:00,2026-04-13 04:00:00+12:00,0,KWH,,2,actual
,2026-04-13 03:30:00+12:00,2026-04-13 04:00:00+12:00,0.337,KWH,,1,actual
,2026-04-13 04:00:00+12:00,2026-04-13 04:30:00+12:00,0.321,KWH,,1,actual
,2026-04-13 04:00:00+12:00,2026-04-13 04:30:00+12:00,0,KWH,,2,actual
,2026-04-13 04:30:00+12:00,2026-04-13 05:00:00+12:00,0,KWH,,2,actual
,2026-04-13 04:30:00+12:00,2026-04-13 05:00:00+12:00,0.294,KWH,,1,actual
,2026-04-13 05:00:00+12:00,2026-04-13 05:30:00+12:00,0,KWH,,2,actual
,2026-04-13 05:00:00+12:00,2026-04-13 05:30:00+12:00,0.295,KWH,,1,actual
,2026-04-13 05:30:00+12:00,2026-04-13 06:00:00+12:00,0.329,KWH,,1,actual
,2026-04-13 05:30:00+12:00,2026-04-13 06:00:00+12:00,0,KWH,,2,actual
,2026-04-13 06:00:00+12:00,2026-04-13 06:30:00+12:00,0.274,KWH,,1,actual
,2026-04-13 06:00:00+12:00,2026-04-13 06:30:00+12:00,0,KWH,,2,actual
,2026-04-13 06:30:00+12:00,2026-04-13 07:00:00+12:00,0.291,KWH,,1,actual
,2026-04-13 06:30:00+12:00,2026-04-13 07:00:00+12:00,0,KWH,,2,actual
,2026-04-13 07:00:00+12:00,2026-04-13 07:30:00+12:00,0,KWH,,2,actual
,2026-04-13 07:00:00+12:00,2026-04-13 07:30:00+12:00,0.135,KWH,,1,actual
,2026-04-13 07:30:00+12:00,2026-04-13 08:00:00+12:00,0,KWH,,2,actual
,2026-04-13 07:30:00+12:00,2026-04-13 08:00:00+12:00,0.161,KWH,,1,actual
,2026-04-13 08:00:00+12:00,2026-04-13 08:30:00+12:00,0,KWH,,2,actual
,2026-04-13 08:00:00+12:00,2026-04-13 08:30:00+12:00,0.189,KWH,,1,actual
,2026-04-13 08:30:00+12:00,2026-04-13 09:00:00+12:00,0.734,KWH,,1,actual
,2026-04-13 08:30:00+12:00,2026-04-13 09:00:00+12:00,1.217,KWH,,2,actual
,2026-04-13 09:00:00+12:00,2026-04-13 09:30:00+12:00,0.279,KWH,,1,actual
,2026-04-13 09:00:00+12:00,2026-04-13 09:30:00+12:00,0.819,KWH,,2,actual
,2026-04-13 09:30:00+12:00,2026-04-13 10:00:00+12:00,0.449,KWH,,1,actual
,2026-04-13 09:30:00+12:00,2026-04-13 10:00:00+12:00,0,KWH,,2,actual
,2026-04-13 10:00:00+12:00,2026-04-13 10:30:00+12:00,0,KWH,,2,actual
,2026-04-13 10:00:00+12:00,2026-04-13 10:30:00+12:00,0.701,KWH,,1,actual
,2026-04-13 10:30:00+12:00,2026-04-13 11:00:00+12:00,0.202,KWH,,1,actual
,2026-04-13 10:30:00+12:00,2026-04-13 11:00:00+12:00,0,KWH,,2,actual
,2026-04-13 11:00:00+12:00,2026-04-13 11:30:00+12:00,0,KWH,,2,actual
,2026-04-13 11:00:00+12:00,2026-04-13 11:30:00+12:00,0.172,KWH,,1,actual
,2026-04-13 11:30:00+12:00,2026-04-13 12:00:00+12:00,0,KWH,,2,actual
,2026-04-13 11:30:00+12:00,2026-04-13 12:00:00+12:00,0.2,KWH,,1,actual
,2026-04-13 12:00:00+12:00,2026-04-13 12:30:00+12:00,0.197,KWH,,1,actual
,2026-04-13 12:00:00+12:00,2026-04-13 12:30:00+12:00,0,KWH,,2,actual
,2026-04-13 12:30:00+12:00,2026-04-13 13:00:00+12:00,0,KWH,,2,actual
,2026-04-13 12:30:00+12:00,2026-04-13 13:00:00+12:00,0.174,KWH,,1,actual
,2026-04-13 13:00:00+12:00,2026-04-13 13:30:00+12:00,0.211,KWH,,1,actual
,2026-04-13 13:00:00+12:00,2026-04-13 13:30:00+12:00,0,KWH,,2,actual
,2026-04-13 13:30:00+12:00,2026-04-13 14:00:00+12:00,0.178,KWH,,1,actual
,2026-04-13 13:30:00+12:00,2026-04-13 14:00:00+12:00,0,KWH,,2,actual
,2026-04-13 14:00:00+12:00,2026-04-13 14:30:00+12:00,0,KWH,,2,actual
,2026-04-13 14:00:00+12:00,2026-04-13 14:30:00+12:00,0.208,KWH,,1,actual
,2026-04-13 14:30:00+12:00,2026-04-13 15:00:00+12:00,0.755,KWH,,1,actual
,2026-04-13 14:30:00+12:00,2026-04-13 15:00:00+12:00,0,KWH,,2,actual
,2026-04-13 15:00:00+12:00,2026-04-13 15:30:00+12:00,0,KWH,,2,actual
,2026-04-13 15:00:00+12:00,2026-04-13 15:30:00+12:00,0.256,KWH,,1,actual
,2026-04-13 15:30:00+12:00,2026-04-13 16:00:00+12:00,0,KWH,,2,actual
,2026-04-13 15:30:00+12:00,2026-04-13 16:00:00+12:00,0.617,KWH,,1,actual
,2026-04-13 16:00:00+12:00,2026-04-13 16:30:00+12:00,0.419,KWH,,1,actual
,2026-04-13 16:00:00+12:00,2026-04-13 16:30:00+12:00,0.455,KWH,,2,actual
,2026-04-13 16:30:00+12:00,2026-04-13 17:00:00+12:00,0.281,KWH,,1,actual
,2026-04-13 16:30:00+12:00,2026-04-13 17:00:00+12:00,1.237,KWH,,2,actual
,2026-04-13 17:00:00+12:00,2026-04-13 17:30:00+12:00,0,KWH,,2,actual
,2026-04-13 17:00:00+12:00,2026-04-13 17:30:00+12:00,0.355,KWH,,1,actual
,2026-04-13 17:30:00+12:00,2026-04-13 18:00:00+12:00,0.71,KWH,,1,actual
,2026-04-13 17:30:00+12:00,2026-04-13 18:00:00+12:00,0,KWH,,2,actual
,2026-04-13 18:00:00+12:00,2026-04-13 18:30:00+12:00,0.728,KWH,,1,actual
,2026-04-13 18:00:00+12:00,2026-04-13 18:30:00+12:00,0,KWH,,2,actual
,2026-04-13 18:30:00+12:00,2026-04-13 19:00:00+12:00,0,KWH,,2,actual
,2026-04-13 18:30:00+12:00,2026-04-13 19:00:00+12:00,0.256,KWH,,1,actual
,2026-04-13 19:00:00+12:00,2026-04-13 19:30:00+12:00,1.143,KWH,,2,actual
,2026-04-13 19:00:00+12:00,2026-04-13 19:30:00+12:00,0.227,KWH,,1,actual
,2026-04-13 19:30:00+12:00,2026-04-13 20:00:00+12:00,0.429,KWH,,2,actual
,2026-04-13 19:30:00+12:00,2026-04-13 20:00:00+12:00,0.168,KWH,,1,actual
,2026-04-13 20:00:00+12:00,2026-04-13 20:30:00+12:00,0,KWH,,2,actual
,2026-04-13 20:00:00+12:00,2026-04-13 20:30:00+12:00,0.18,KWH,,1,actual
,2026-04-13 20:30:00+12:00,2026-04-13 21:00:00+12:00,0,KWH,,2,actual
,2026-04-13 20:30:00+12:00,2026-04-13 21:00:00+12:00,0.248,KWH,,1,actual
,2026-04-13 21:00:00+12:00,2026-04-13 21:30:00+12:00,0,KWH,,2,actual
,2026-04-13 21:00:00+12:00,2026-04-13 21:30:00+12:00,0.678,KWH,,1,actual
,2026-04-13 21:30:00+12:00,2026-04-13 22:00:00+12:00,0.29,KWH,,1,actual
,2026-04-13 21:30:00+12:00,2026-04-13 22:00:00+12:00,0,KWH,,2,actual
,2026-04-13 22:00:00+12:00,2026-04-13 22:30:00+12:00,1.044,KWH,,1,actual
,2026-04-13 22:00:00+12:00,2026-04-13 22:30:00+12:00,0.08,KWH,,2,actual
,2026-04-13 22:30:00+12:00,2026-04-13 23:00:00+12:00,1.003,KWH,,1,actual
,2026-04-13 22:30:00+12:00,2026-04-13 23:00:00+12:00,1.501,KWH,,2,actual
,2026-04-13 23:00:00+12:00,2026-04-13 23:30:00+12:00,0.701,KWH,,1,actual
,2026-04-13 23:00:00+12:00,2026-04-13 23:30:00+12:00,1.52,KWH,,2,actual
,2026-04-13 23:30:00+12:00,2026-04-14 00:00:00+12:00,1.537,KWH,,2,actual
,2026-04-13 23:30:00+12:00,2026-04-14 00:00:00+12:00,0.256,KWH,,1,actual
,2026-04-14 00:00:00+12:00,2026-04-14 00:30:00+12:00,0.951,KWH,,2,actual
,2026-04-14 00:00:00+12:00,2026-04-14 00:30:00+12:00,0.29,KWH,,1,actual
,2026-04-14 00:30:00+12:00,2026-04-14 01:00:00+12:00,0.336,KWH,,1,actual
,2026-04-14 00:30:00+12:00,2026-04-14 01:00:00+12:00,0,KWH,,2,actual
,2026-04-14 01:00:00+12:00,2026-04-14 01:30:00+12:00,0.297,KWH,,1,actual
,2026-04-14 01:00:00+12:00,2026-04-14 01:30:00+12:00,0,KWH,,2,actual
,2026-04-14 01:30:00+12:00,2026-04-14 02:00:00+12:00,0,KWH,,2,actual
,2026-04-14 01:30:00+12:00,2026-04-14 02:00:00+12:00,0.349,KWH,,1,actual
,2026-04-14 02:00:00+12:00,2026-04-14 02:30:00+12:00,0.364,KWH,,1,actual
,2026-04-14 02:00:00+12:00,2026-04-14 02:30:00+12:00,0,KWH,,2,actual
,2026-04-14 02:30:00+12:00,2026-04-14 03:00:00+12:00,0,KWH,,2,actual
,2026-04-14 02:30:00+12:00,2026-04-14 03:00:00+12:00,0.339,KWH,,1,actual
,2026-04-14 03:00:00+12:00,2026-04-14 03:30:00+12:00,0,KWH,,2,actual
,2026-04-14 03:00:00+12:00,2026-04-14 03:30:00+12:00,0.375,KWH,,1,actual
,2026-04-14 03:30:00+12:00,2026-04-14 04:00:00+12:00,0.298,KWH,,1,actual
,2026-04-14 03:30:00+12:00,2026-04-14 04:00:00+12:00,0,KWH,,2,actual
,2026-04-14 04:00:00+12:00,2026-04-14 04:30:00+12:00,0,KWH,,2,actual
,2026-04-14 04:00:00+12:00,2026-04-14 04:30:00+12:00,0.399,KWH,,1,actual
,2026-04-14 04:30:00+12:00,2026-04-14 05:00:00+12:00,0.385,KWH,,1,actual
,2026-04-14 04:30:00+12:00,2026-04-14 05:00:00+12:00,0,KWH,,2,actual
,2026-04-14 05:00:00+12:00,2026-04-14 05:30:00+12:00,0.369,KWH,,1,actual
,2026-04-14 05:00:00+12:00,2026-04-14 05:30:00+12:00,0,KWH,,2,actual
,2026-04-14 05:30:00+12:00,2026-04-14 06:00:00+12:00,0,KWH,,2,actual
,2026-04-14 05:30:00+12:00,2026-04-14 06:00:00+12:00,0.394,KWH,,1,actual
,2026-04-14 06:00:00+12:00,2026-04-14 06:30:00+12:00,0,KWH,,2,actual
,2026-04-14 06:00:00+12:00,2026-04-14 06:30:00+12:00,0.415,KWH,,1,actual
,2026-04-14 06:30:00+12:00,2026-04-14 07:00:00+12:00,0,KWH,,2,actual
,2026-04-14 06:30:00+12:00,2026-04-14 07:00:00+12:00,0.39,KWH,,1,actual
,2026-04-14 07:00:00+12:00,2026-04-14 07:30:00+12:00,0.322,KWH,,1,actual
,2026-04-14 07:00:00+12:00,2026-04-14 07:30:00+12:00,0,KWH,,2,actual
,2026-04-14 07:30:00+12:00,2026-04-14 08:00:00+12:00,0.318,KWH,,1,actual
,2026-04-14 07:30:00+12:00,2026-04-14 08:00:00+12:00,0,KWH,,2,actual
,2026-04-14 08:00:00+12:00,2026-04-14 08:30:00+12:00,0.586,KWH,,1,actual
,2026-04-14 08:00:00+12:00,2026-04-14 08:30:00+12:00,0,KWH,,2,actual
,2026-04-14 08:30:00+12:00,2026-04-14 09:00:00+12:00,1.165,KWH,,2,actual
,2026-04-14 08:30:00+12:00,2026-04-14 09:00:00+12:00,1.02,KWH,,1,actual
,2026-04-14 09:00:00+12:00,2026-04-14 09:30:00+12:00,1.513,KWH,,2,actual
,2026-04-14 09:00:00+12:00,2026-04-14 09:30:00+12:00,0.766,KWH,,1,actual
,2026-04-14 09:30:00+12:00,2026-04-14 10:00:00+12:00,1.513,KWH,,2,actual
,2026-04-14 09:30:00+12:00,2026-04-14 10:00:00+12:00,0.692,KWH,,1,actual
,2026-04-14 10:00:00+12:00,2026-04-14 10:30:00+12:00,0.349,KWH,,1,actual
,2026-04-14 10:00:00+12:00,2026-04-14 10:30:00+12:00,1.327,KWH,,2,actual
,2026-04-14 10:30:00+12:00,2026-04-14 11:00:00+12:00,0,KWH,,2,actual
,2026-04-14 10:30:00+12:00,2026-04-14 11:00:00+12:00,0.438,KWH,,1,actual
,2026-04-14 11:00:00+12:00,2026-04-14 11:30:00+12:00,0.331,KWH,,1,actual
,2026-04-14 11:00:00+12:00,2026-04-14 11:30:00+12:00,0,KWH,,2,actual
,2026-04-14 11:30:00+12:00,2026-04-14 12:00:00+12:00,0.275,KWH,,1,actual
,2026-04-14 11:30:00+12:00,2026-04-14 12:00:00+12:00,0,KWH,,2,actual
,2026-04-14 12:00:00+12:00,2026-04-14 12:30:00+12:00,0,KWH,,2,actual
,2026-04-14 12:00:00+12:00,2026-04-14 12:30:00+12:00,0.245,KWH,,1,actual
,2026-04-14 12:30:00+12:00,2026-04-14 13:00:00+12:00,0.266,KWH,,1,actual
,2026-04-14 12:30:00+12:00,2026-04-14 13:00:00+12:00,0,KWH,,2,actual
,2026-04-14 13:00:00+12:00,2026-04-14 13:30:00+12:00,0,KWH,,2,actual
,2026-04-14 13:00:00+12:00,2026-04-14 13:30:00+12:00,0.261,KWH,,1,actual
,2026-04-14 13:30:00+12:00,2026-04-14 14:00:00+12:00,0,KWH,,2,actual
,2026-04-14 13:30:00+12:00,2026-04-14 14:00:00+12:00,0.435,KWH,,1,actual
,2026-04-14 14:00:00+12:00,2026-04-14 14:30:00+12:00,0.271,KWH,,1,actual
,2026-04-14 14:00:00+12:00,2026-04-14 14:30:00+12:00,0,KWH,,2,actual
,2026-04-14 14:30:00+12:00,2026-04-14 15:00:00+12:00,0,KWH,,2,actual
,2026-04-14 14:30:00+12:00,2026-04-14 15:00:00+12:00,0.267,KWH,,1,actual
,2026-04-14 15:00:00+12:00,2026-04-14 15:30:00+12:00,0.294,KWH,,1,actual
,2026-04-14 15:00:00+12:00,2026-04-14 15:30:00+12:00,0,KWH,,2,actual
,2026-04-14 15:30:00+12:00,2026-04-14 16:00:00+12:00,0.285,KWH,,1,actual
,2026-04-14 15:30:00+12:00,2026-04-14 16:00:00+12:00,0.375,KWH,,2,actual
,2026-04-14 16:00:00+12:00,2026-04-14 16:30:00+12:00,1.166,KWH,,2,actual
,2026-04-14 16:00:00+12:00,2026-04-14 16:30:00+12:00,0.278,KWH,,1,actual
,2026-04-14 16:30:00+12:00,2026-04-14 17:00:00+12:00,0,KWH,,2,actual
,2026-04-14 16:30:00+12:00,2026-04-14 17:00:00+12:00,0.362,KWH,,1,actual
,2026-04-14 17:00:00+12:00,2026-04-14 17:30:00+12:00,0.415,KWH,,1,actual
,2026-04-14 17:00:00+12:00,2026-04-14 17:30:00+12:00,0,KWH,,2,actual
,2026-04-14 17:30:00+12:00,2026-04-14 18:00:00+12:00,0,KWH,,2,actual
,2026-04-14 17:30:00+12:00,2026-04-14 18:00:00+12:00,0.825,KWH,,1,actual
,2026-04-14 18:00:00+12:00,2026-04-14 18:30:00+12:00,0,KWH,,2,actual
,2026-04-14 18:00:00+12:00,2026-04-14 18:30:00+12:00,0.734,KWH,,1,actual
,2026-04-14 18:30:00+12:00,2026-04-14 19:00:00+12:00,0.662,KWH,,1,actual
,2026-04-14 18:30:00+12:00,2026-04-14 19:00:00+12:00,0,KWH,,2,actual
,2026-04-14 19:00:00+12:00,2026-04-14 19:30:00+12:00,0.976,KWH,,1,actual
,2026-04-14 19:00:00+12:00,2026-04-14 19:30:00+12:00,0.271,KWH,,2,actual
,2026-04-14 19:30:00+12:00,2026-04-14 20:00:00+12:00,0.704,KWH,,1,actual
,2026-04-14 19:30:00+12:00,2026-04-14 20:00:00+12:00,1.517,KWH,,2,actual
,2026-04-14 20:00:00+12:00,2026-04-14 20:30:00+12:00,1.088,KWH,,1,actual
,2026-04-14 20:00:00+12:00,2026-04-14 20:30:00+12:00,0.823,KWH,,2,actual
,2026-04-14 20:30:00+12:00,2026-04-14 21:00:00+12:00,2.365,KWH,,1,actual
,2026-04-14 20:30:00+12:00,2026-04-14 21:00:00+12:00,0.553,KWH,,2,actual
,2026-04-14 21:00:00+12:00,2026-04-14 21:30:00+12:00,3.202,KWH,,1,actual
,2026-04-14 21:00:00+12:00,2026-04-14 21:30:00+12:00,1.42,KWH,,2,actual
,2026-04-14 21:30:00+12:00,2026-04-14 22:00:00+12:00,1.146,KWH,,2,actual
,2026-04-14 21:30:00+12:00,2026-04-14 22:00:00+12:00,2.439,KWH,,1,actual
,2026-04-14 22:00:00+12:00,2026-04-14 22:30:00+12:00,0,KWH,,2,actual
,2026-04-14 22:00:00+12:00,2026-04-14 22:30:00+12:00,2.47,KWH,,1,actual
,2026-04-14 22:30:00+12:00,2026-04-14 23:00:00+12:00,0,KWH,,2,actual
,2026-04-14 22:30:00+12:00,2026-04-14 23:00:00+12:00,2.424,KWH,,1,actual
,2026-04-14 23:00:00+12:00,2026-04-14 23:30:00+12:00,0,KWH,,2,actual
,2026-04-14 23:00:00+12:00,2026-04-14 23:30:00+12:00,2.188,KWH,,1,actual
,2026-04-14 23:30:00+12:00,2026-04-15 00:00:00+12:00,2.056,KWH,,1,actual
,2026-04-14 23:30:00+12:00,2026-04-15 00:00:00+12:00,0,KWH,,2,actual
,2026-04-15 00:00:00+12:00,2026-04-15 00:30:00+12:00,1.826,KWH,,1,actual
,2026-04-15 00:00:00+12:00,2026-04-15 00:30:00+12:00,0,KWH,,2,actual
,2026-04-15 00:30:00+12:00,2026-04-15 01:00:00+12:00,0,KWH,,2,actual
,2026-04-15 00:30:00+12:00,2026-04-15 01:00:00+12:00,0.781,KWH,,1,actual
,2026-04-15 01:00:00+12:00,2026-04-15 01:30:00+12:00,0,KWH,,2,actual
,2026-04-15 01:00:00+12:00,2026-04-15 01:30:00+12:00,0.505,KWH,,1,actual
,2026-04-15 01:30:00+12:00,2026-04-15 02:00:00+12:00,0.376,KWH,,1,actual
,2026-04-15 01:30:00+12:00,2026-04-15 02:00:00+12:00,0,KWH,,2,actual
,2026-04-15 02:00:00+12:00,2026-04-15 02:30:00+12:00,0,KWH,,2,actual
,2026-04-15 02:00:00+12:00,2026-04-15 02:30:00+12:00,0.398,KWH,,1,actual
,2026-04-15 02:30:00+12:00,2026-04-15 03:00:00+12:00,0.427,KWH,,1,actual
,2026-04-15 02:30:00+12:00,2026-04-15 03:00:00+12:00,0,KWH,,2,actual
,2026-04-15 03:00:00+12:00,2026-04-15 03:30:00+12:00,0.452,KWH,,1,actual
,2026-04-15 03:00:00+12:00,2026-04-15 03:30:00+12:00,0,KWH,,2,actual
,2026-04-15 03:30:00+12:00,2026-04-15 04:00:00+12:00,0,KWH,,2,actual
,2026-04-15 03:30:00+12:00,2026-04-15 04:00:00+12:00,0.483,KWH,,1,actual
,2026-04-15 04:00:00+12:00,2026-04-15 04:30:00+12:00,0.497,KWH,,1,actual
,2026-04-15 04:00:00+12:00,2026-04-15 04:30:00+12:00,0,KWH,,2,actual
,2026-04-15 04:30:00+12:00,2026-04-15 05:00:00+12:00,0,KWH,,2,actual
,2026-04-15 04:30:00+12:00,2026-04-15 05:00:00+12:00,0.552,KWH,,1,actual
,2026-04-15 05:00:00+12:00,2026-04-15 05:30:00+12:00,0,KWH,,2,actual
,2026-04-15 05:00:00+12:00,2026-04-15 05:30:00+12:00,0.585,KWH,,1,actual
,2026-04-15 05:30:00+12:00,2026-04-15 06:00:00+12:00,0.608,KWH,,1,actual
,2026-04-15 05:30:00+12:00,2026-04-15 06:00:00+12:00,0,KWH,,2,actual
,2026-04-15 06:00:00+12:00,2026-04-15 06:30:00+12:00,0.592,KWH,,1,actual
,2026-04-15 06:00:00+12:00,2026-04-15 06:30:00+12:00,0,KWH,,2,actual
,2026-04-15 06:30:00+12:00,2026-04-15 07:00:00+12:00,0.588,KWH,,1,actual
,2026-04-15 06:30:00+12:00,2026-04-15 07:00:00+12:00,0,KWH,,2,actual
,2026-04-15 07:00:00+12:00,2026-04-15 07:30:00+12:00,1.275,KWH,,2,actual
,2026-04-15 07:00:00+12:00,2026-04-15 07:30:00+12:00,0.531,KWH,,1,actual
,2026-04-15 07:30:00+12:00,2026-04-15 08:00:00+12:00,0.202,KWH,,2,actual
,2026-04-15 07:30:00+12:00,2026-04-15 08:00:00+12:00,1.416,KWH,,1,actual
,2026-04-15 08:00:00+12:00,2026-04-15 08:30:00+12:00,0,KWH,,2,actual
,2026-04-15 08:00:00+12:00,2026-04-15 08:30:00+12:00,1.755,KWH,,1,actual
,2026-04-15 08:30:00+12:00,2026-04-15 09:00:00+12:00,2.191,KWH,,1,actual
,2026-04-15 08:30:00+12:00,2026-04-15 09:00:00+12:00,0,KWH,,2,actual
,2026-04-15 09:00:00+12:00,2026-04-15 09:30:00+12:00,1.685,KWH,,1,actual
,2026-04-15 09:00:00+12:00,2026-04-15 09:30:00+12:00,0,KWH,,2,actual
,2026-04-15 09:30:00+12:00,2026-04-15 10:00:00+12:00,1.599,KWH,,1,actual
,2026-04-15 09:30:00+12:00,2026-04-15 10:00:00+12:00,0,KWH,,2,actual
,2026-04-15 10:00:00+12:00,2026-04-15 10:30:00+12:00,0,KWH,,2,actual
,2026-04-15 10:00:00+12:00,2026-04-15 10:30:00+12:00,0.752,KWH,,1,actual
,2026-04-15 10:30:00+12:00,2026-04-15 11:00:00+12:00,0.338,KWH,,1,actual
,2026-04-15 10:30:00+12:00,2026-04-15 11:00:00+12:00,0,KWH,,2,actual
,2026-04-15 11:00:00+12:00,2026-04-15 11:30:00+12:00,0,KWH,,2,actual
,2026-04-15 11:00:00+12:00,2026-04-15 11:30:00+12:00,0.409,KWH,,1,actual
,2026-04-15 11:30:00+12:00,2026-04-15 12:00:00+12:00,0,KWH,,2,actual
,2026-04-15 11:30:00+12:00,2026-04-15 12:00:00+12:00,0.295,KWH,,1,actual
,2026-04-15 12:00:00+12:00,2026-04-15 12:30:00+12:00,0.229,KWH,,1,actual
,2026-04-15 12:00:00+12:00,2026-04-15 12:30:00+12:00,0,KWH,,2,actual
,2026-04-15 12:30:00+12:00,2026-04-15 13:00:00+12:00,0,KWH,,2,actual
,2026-04-15 12:30:00+12:00,2026-04-15 13:00:00+12:00,0.174,KWH,,1,actual
,2026-04-15 13:00:00+12:00,2026-04-15 13:30:00+12:00,0.222,KWH,,1,actual
,2026-04-15 13:00:00+12:00,2026-04-15 13:30:00+12:00,0,KWH,,2,actual
,2026-04-15 13:30:00+12:00,2026-04-15 14:00:00+12:00,0.146,KWH,,1,actual
,2026-04-15 13:30:00+12:00,2026-04-15 14:00:00+12:00,0,KWH,,2,actual
,2026-04-15 14:00:00+12:00,2026-04-15 14:30:00+12:00,0,KWH,,2,actual
,2026-04-15 14:00:00+12:00,2026-04-15 14:30:00+12:00,0.198,KWH,,1,actual
,2026-04-15 14:30:00+12:00,2026-04-15 15:00:00+12:00,0.171,KWH,,1,actual
,2026-04-15 14:30:00+12:00,2026-04-15 15:00:00+12:00,0,KWH,,2,actual
,2026-04-15 15:00:00+12:00,2026-04-15 15:30:00+12:00,1.419,KWH,,2,actual
,2026-04-15 15:00:00+12:00,2026-04-15 15:30:00+12:00,0.231,KWH,,1,actual
,2026-04-15 15:30:00+12:00,2026-04-15 16:00:00+12:00,0,KWH,,2,actual
,2026-04-15 15:30:00+12:00,2026-04-15 16:00:00+12:00,0.226,KWH,,1,actual
,2026-04-15 16:00:00+12:00,2026-04-15 16:30:00+12:00,0.198,KWH,,1,actual
,2026-04-15 16:00:00+12:00,2026-04-15 16:30:00+12:00,0,KWH,,2,actual
,2026-04-15 16:30:00+12:00,2026-04-15 17:00:00+12:00,0.205,KWH,,1,actual
,2026-04-15 16:30:00+12:00,2026-04-15 17:00:00+12:00,0,KWH,,2,actual
,2026-04-15 17:00:00+12:00,2026-04-15 17:30:00+12:00,0,KWH,,2,actual
,2026-04-15 17:00:00+12:00,2026-04-15 17:30:00+12:00,0.26,KWH,,1,actual
,2026-04-15 17:30:00+12:00,2026-04-15 18:00:00+12:00,0.264,KWH,,1,actual
,2026-04-15 17:30:00+12:00,2026-04-15 18:00:00+12:00,0,KWH,,2,actual
,2026-04-15 18:00:00+12:00,2026-04-15 18:30:00+12:00,0.287,KWH,,1,actual
,2026-04-15 18:00:00+12:00,2026-04-15 18:30:00+12:00,0,KWH,,2,actual
,2026-04-15 18:30:00+12:00,2026-04-15 19:00:00+12:00,0,KWH,,2,actual
,2026-04-15 18:30:00+12:00,2026-04-15 19:00:00+12:00,0.338,KWH,,1,actual
,2026-04-15 19:00:00+12:00,2026-04-15 19:30:00+12:00,0,KWH,,2,actual
,2026-04-15 19:00:00+12:00,2026-04-15 19:30:00+12:00,0.346,KWH,,1,actual
,2026-04-15 19:30:00+12:00,2026-04-15 20:00:00+12:00,0,KWH,,2,actual
,2026-04-15 19:30:00+12:00,2026-04-15 20:00:00+12:00,0.343,KWH,,1,actual
,2026-04-15 20:00:00+12:00,2026-04-15 20:30:00+12:00,0,KWH,,2,actual
,2026-04-15 20:00:00+12:00,2026-04-15 20:30:00+12:00,0.289,KWH,,1,actual
,2026-04-15 20:30:00+12:00,2026-04-15 21:00:00+12:00,0,KWH,,2,actual
,2026-04-15 20:30:00+12:00,2026-04-15 21:00:00+12:00,0.197,KWH,,1,actual
,2026-04-15 21:00:00+12:00,2026-04-15 21:30:00+12:00,1.058,KWH,,2,actual
,2026-04-15 21:00:00+12:00,2026-04-15 21:30:00+12:00,1.864,KWH,,1,actual
,2026-04-15 21:30:00+12:00,2026-04-15 22:00:00+12:00,1.894,KWH,,1,actual
,2026-04-15 21:30:00+12:00,2026-04-15 22:00:00+12:00,0.759,KWH,,2,actual
,2026-04-15 22:00:00+12:00,2026-04-15 22:30:00+12:00,2.076,KWH,,1,actual
,2026-04-15 22:00:00+12:00,2026-04-15 22:30:00+12:00,0,KWH,,2,actual
,2026-04-15 22:30:00+12:00,2026-04-15 23:00:00+12:00,2.257,KWH,,1,actual
,2026-04-15 22:30:00+12:00,2026-04-15 23:00:00+12:00,1.368,KWH,,2,actual
,2026-04-15 23:00:00+12:00,2026-04-15 23:30:00+12:00,1.985,KWH,,1,actual
,2026-04-15 23:00:00+12:00,2026-04-15 23:30:00+12:00,1.48,KWH,,2,actual
,2026-04-15 23:30:00+12:00,2026-04-16 00:00:00+12:00,1.476,KWH,,2,actual
,2026-04-15 23:30:00+12:00,2026-04-16 00:00:00+12:00,2.024,KWH,,1,actual
,2026-04-16 00:00:00+12:00,2026-04-16 00:30:00+12:00,0.156,KWH,,2,actual
,2026-04-16 00:00:00+12:00,2026-04-16 00:30:00+12:00,2.001,KWH,,1,actual
,2026-04-16 00:30:00+12:00,2026-04-16 01:00:00+12:00,1.965,KWH,,1,actual
,2026-04-16 00:30:00+12:00,2026-04-16 01:00:00+12:00,0,KWH,,2,actual
,2026-04-16 01:00:00+12:00,2026-04-16 01:30:00+12:00,1.983,KWH,,1,actual
,2026-04-16 01:00:00+12:00,2026-04-16 01:30:00+12:00,0,KWH,,2,actual
,2026-04-16 01:30:00+12:00,2026-04-16 02:00:00+12:00,0,KWH,,2,actual
,2026-04-16 01:30:00+12:00,2026-04-16 02:00:00+12:00,1.954,KWH,,1,actual
,2026-04-16 02:00:00+12:00,2026-04-16 02:30:00+12:00,1.986,KWH,,1,actual
,2026-04-16 02:00:00+12:00,2026-04-16 02:30:00+12:00,0,KWH,,2,actual
,2026-04-16 02:30:00+12:00,2026-04-16 03:00:00+12:00,0,KWH,,2,actual
,2026-04-16 02:30:00+12:00,2026-04-16 03:00:00+12:00,1.977,KWH,,1,actual
,2026-04-16 03:00:00+12:00,2026-04-16 03:30:00+12:00,0,KWH,,2,actual
,2026-04-16 03:00:00+12:00,2026-04-16 03:30:00+12:00,1.984,KWH,,1,actual
,2026-04-16 03:30:00+12:00,2026-04-16 04:00:00+12:00,1.989,KWH,,1,actual
,2026-04-16 03:30:00+12:00,2026-04-16 04:00:00+12:00,0,KWH,,2,actual
,2026-04-16 04:00:00+12:00,2026-04-16 04:30:00+12:00,0,KWH,,2,actual
,2026-04-16 04:00:00+12:00,2026-04-16 04:30:00+12:00,1.966,KWH,,1,actual
,2026-04-16 04:30:00+12:00,2026-04-16 05:00:00+12:00,2.002,KWH,,1,actual
,2026-04-16 04:30:00+12:00,2026-04-16 05:00:00+12:00,0,KWH,,2,actual
,2026-04-16 05:00:00+12:00,2026-04-16 05:30:00+12:00,1.96,KWH,,1,actual
,2026-04-16 05:00:00+12:00,2026-04-16 05:30:00+12:00,0,KWH,,2,actual
,2026-04-16 05:30:00+12:00,2026-04-16 06:00:00+12:00,0,KWH,,2,actual
,2026-04-16 05:30:00+12:00,2026-04-16 06:00:00+12:00,1.98,KWH,,1,actual
,2026-04-16 06:00:00+12:00,2026-04-16 06:30:00+12:00,0,KWH,,2,actual
,2026-04-16 06:00:00+12:00,2026-04-16 06:30:00+12:00,1.972,KWH,,1,actual
,2026-04-16 06:30:00+12:00,2026-04-16 07:00:00+12:00,0,KWH,,2,actual
,2026-04-16 06:30:00+12:00,2026-04-16 07:00:00+12:00,1.579,KWH,,1,actual
,2026-04-16 07:00:00+12:00,2026-04-16 07:30:00+12:00,0.235,KWH,,1,actual
,2026-04-16 07:00:00+12:00,2026-04-16 07:30:00+12:00,0,KWH,,2,actual
,2026-04-16 07:30:00+12:00,2026-04-16 08:00:00+12:00,0.218,KWH,,1,actual
,2026-04-16 07:30:00+12:00,2026-04-16 08:00:00+12:00,0,KWH,,2,actual
,2026-04-16 08:00:00+12:00,2026-04-16 08:30:00+12:00,0.238,KWH,,1,actual
,2026-04-16 08:00:00+12:00,2026-04-16 08:30:00+12:00,0,KWH,,2,actual
,2026-04-16 08:30:00+12:00,2026-04-16 09:00:00+12:00,0,KWH,,2,actual
,2026-04-16 08:30:00+12:00,2026-04-16 09:00:00+12:00,0.282,KWH,,1,actual
,2026-04-16 09:00:00+12:00,2026-04-16 09:30:00+12:00,0.995,KWH,,2,actual
,2026-04-16 09:00:00+12:00,2026-04-16 09:30:00+12:00,0.221,KWH,,1,actual
,2026-04-16 09:30:00+12:00,2026-04-16 10:00:00+12:00,1.51,KWH,,2,actual
,2026-04-16 09:30:00+12:00,2026-04-16 10:00:00+12:00,0.258,KWH,,1,actual
,2026-04-16 10:00:00+12:00,2026-04-16 10:30:00+12:00,0.191,KWH,,1,actual
,2026-04-16 10:00:00+12:00,2026-04-16 10:30:00+12:00,0,KWH,,2,actual
,2026-04-16 10:30:00+12:00,2026-04-16 11:00:00+12:00,0,KWH,,2,actual
,2026-04-16 10:30:00+12:00,2026-04-16 11:00:00+12:00,0.205,KWH,,1,actual
,2026-04-16 11:00:00+12:00,2026-04-16 11:30:00+12:00,0.196,KWH,,1,actual
,2026-04-16 11:00:00+12:00,2026-04-16 11:30:00+12:00,0.848,KWH,,2,actual
,2026-04-16 11:30:00+12:00,2026-04-16 12:00:00+12:00,0.54,KWH,,1,actual
,2026-04-16 11:30:00+12:00,2026-04-16 12:00:00+12:00,1.519,KWH,,2,actual
,2026-04-16 12:00:00+12:00,2026-04-16 12:30:00+12:00,0.187,KWH,,1,actual
,2026-04-16 12:00:00+12:00,2026-04-16 12:30:00+12:00,1.533,KWH,,2,actual
,2026-04-16 12:30:00+12:00,2026-04-16 13:00:00+12:00,1.534,KWH,,2,actual
,2026-04-16 12:30:00+12:00,2026-04-16 13:00:00+12:00,0.272,KWH,,1,actual
,2026-04-16 13:00:00+12:00,2026-04-16 13:30:00+12:00,0.183,KWH,,1,actual
,2026-04-16 13:00:00+12:00,2026-04-16 13:30:00+12:00,1.547,KWH,,2,actual
,2026-04-16 13:30:00+12:00,2026-04-16 14:00:00+12:00,0.171,KWH,,1,actual
,2026-04-16 13:30:00+12:00,2026-04-16 14:00:00+12:00,0.813,KWH,,2,actual
,2026-04-16 14:00:00+12:00,2026-04-16 14:30:00+12:00,0,KWH,,2,actual
,2026-04-16 14:00:00+12:00,2026-04-16 14:30:00+12:00,0.188,KWH,,1,actual
,2026-04-16 14:30:00+12:00,2026-04-16 15:00:00+12:00,0.17,KWH,,1,actual
,2026-04-16 14:30:00+12:00,2026-04-16 15:00:00+12:00,0,KWH,,2,actual
,2026-04-16 15:00:00+12:00,2026-04-16 15:30:00+12:00,0,KWH,,2,actual
,2026-04-16 15:00:00+12:00,2026-04-16 15:30:00+12:00,0.251,KWH,,1,actual
,2026-04-16 15:30:00+12:00,2026-04-16 16:00:00+12:00,0,KWH,,2,actual
,2026-04-16 15:30:00+12:00,2026-04-16 16:00:00+12:00,0.249,KWH,,1,actual
,2026-04-16 16:00:00+12:00,2026-04-16 16:30:00+12:00,0.255,KWH,,1,actual
,2026-04-16 16:00:00+12:00,2026-04-16 16:30:00+12:00,0,KWH,,2,actual
,2026-04-16 16:30:00+12:00,2026-04-16 17:00:00+12:00,0.25,KWH,,1,actual
,2026-04-16 16:30:00+12:00,2026-04-16 17:00:00+12:00,0,KWH,,2,actual
,2026-04-16 17:00:00+12:00,2026-04-16 17:30:00+12:00,0,KWH,,2,actual
,2026-04-16 17:00:00+12:00,2026-04-16 17:30:00+12:00,0.24,KWH,,1,actual
,2026-04-16 17:30:00+12:00,2026-04-16 18:00:00+12:00,0.234,KWH,,1,actual
,2026-04-16 17:30:00+12:00,2026-04-16 18:00:00+12:00,0,KWH,,2,actual
,2026-04-16 18:00:00+12:00,2026-04-16 18:30:00+12:00,0.274,KWH,,1,actual
,2026-04-16 18:00:00+12:00,2026-04-16 18:30:00+12:00,0,KWH,,2,actual
,2026-04-16 18:30:00+12:00,2026-04-16 19:00:00+12:00,0,KWH,,2,actual
,2026-04-16 18:30:00+12:00,2026-04-16 19:00:00+12:00,0.3,KWH,,1,actual
,2026-04-16 19:00:00+12:00,2026-04-16 19:30:00+12:00,0,KWH,,2,actual
,2026-04-16 19:00:00+12:00,2026-04-16 19:30:00+12:00,0.263,KWH,,1,actual
,2026-04-16 19:30:00+12:00,2026-04-16 20:00:00+12:00,0,KWH,,2,actual
,2026-04-16 19:30:00+12:00,2026-04-16 20:00:00+12:00,0.473,KWH,,1,actual
,2026-04-16 20:00:00+12:00,2026-04-16 20:30:00+12:00,0,KWH,,2,actual
,2026-04-16 20:00:00+12:00,2026-04-16 20:30:00+12:00,0.603,KWH,,1,actual
,2026-04-16 20:30:00+12:00,2026-04-16 21:00:00+12:00,0,KWH,,2,actual
,2026-04-16 20:30:00+12:00,2026-04-16 21:00:00+12:00,0.641,KWH,,1,actual
,2026-04-16 21:00:00+12:00,2026-04-16 21:30:00+12:00,0,KWH,,2,actual
,2026-04-16 21:00:00+12:00,2026-04-16 21:30:00+12:00,0.675,KWH,,1,actual
,2026-04-16 21:30:00+12:00,2026-04-16 22:00:00+12:00,0.973,KWH,,1,actual
,2026-04-16 21:30:00+12:00,2026-04-16 22:00:00+12:00,0.257,KWH,,2,actual
,2026-04-16 22:00:00+12:00,2026-04-16 22:30:00+12:00,1.004,KWH,,1,actual
,2026-04-16 22:00:00+12:00,2026-04-16 22:30:00+12:00,1.405,KWH,,2,actual
,2026-04-16 22:30:00+12:00,2026-04-16 23:00:00+12:00,1.209,KWH,,1,actual
,2026-04-16 22:30:00+12:00,2026-04-16 23:00:00+12:00,0,KWH,,2,actual
,2026-04-16 23:00:00+12:00,2026-04-16 23:30:00+12:00,0.707,KWH,,1,actual
,2026-04-16 23:00:00+12:00,2026-04-16 23:30:00+12:00,0,KWH,,2,actual
,2026-04-16 23:30:00+12:00,2026-04-17 00:00:00+12:00,0,KWH,,2,actual
,2026-04-16 23:30:00+12:00,2026-04-17 00:00:00+12:00,1.019,KWH,,1,actual
,2026-04-17 00:00:00+12:00,2026-04-17 00:30:00+12:00,0,KWH,,2,actual
,2026-04-17 00:00:00+12:00,2026-04-17 00:30:00+12:00,0.296,KWH,,1,actual
,2026-04-17 00:30:00+12:00,2026-04-17 01:00:00+12:00,0.3,KWH,,1,actual
,2026-04-17 00:30:00+12:00,2026-04-17 01:00:00+12:00,0,KWH,,2,actual
,2026-04-17 01:00:00+12:00,2026-04-17 01:30:00+12:00,0.372,KWH,,1,actual
,2026-04-17 01:00:00+12:00,2026-04-17 01:30:00+12:00,0,KWH,,2,actual
,2026-04-17 01:30:00+12:00,2026-04-17 02:00:00+12:00,0,KWH,,2,actual
,2026-04-17 01:30:00+12:00,2026-04-17 02:00:00+12:00,0.404,KWH,,1,actual
,2026-04-17 02:00:00+12:00,2026-04-17 02:30:00+12:00,0.424,KWH,,1,actual
,2026-04-17 02:00:00+12:00,2026-04-17 02:30:00+12:00,0,KWH,,2,actual
,2026-04-17 02:30:00+12:00,2026-04-17 03:00:00+12:00,0,KWH,,2,actual
,2026-04-17 02:30:00+12:00,2026-04-17 03:00:00+12:00,0.448,KWH,,1,actual
,2026-04-17 03:00:00+12:00,2026-04-17 03:30:00+12:00,0,KWH,,2,actual
,2026-04-17 03:00:00+12:00,2026-04-17 03:30:00+12:00,0.46,KWH,,1,actual
,2026-04-17 03:30:00+12:00,2026-04-17 04:00:00+12:00,0.515,KWH,,1,actual
,2026-04-17 03:30:00+12:00,2026-04-17 04:00:00+12:00,0,KWH,,2,actual
,2026-04-17 04:00:00+12:00,2026-04-17 04:30:00+12:00,0,KWH,,2,actual
,2026-04-17 04:00:00+12:00,2026-04-17 04:30:00+12:00,0.533,KWH,,1,actual
,2026-04-17 04:30:00+12:00,2026-04-17 05:00:00+12:00,0.532,KWH,,1,actual
,2026-04-17 04:30:00+12:00,2026-04-17 05:00:00+12:00,0,KWH,,2,actual
,2026-04-17 05:00:00+12:00,2026-04-17 05:30:00+12:00,0.593,KWH,,1,actual
,2026-04-17 05:00:00+12:00,2026-04-17 05:30:00+12:00,0,KWH,,2,actual
,2026-04-17 05:30:00+12:00,2026-04-17 06:00:00+12:00,0,KWH,,2,actual
,2026-04-17 05:30:00+12:00,2026-04-17 06:00:00+12:00,0.564,KWH,,1,actual
,2026-04-17 06:00:00+12:00,2026-04-17 06:30:00+12:00,0,KWH,,2,actual
,2026-04-17 06:00:00+12:00,2026-04-17 06:30:00+12:00,0.648,KWH,,1,actual
,2026-04-17 06:30:00+12:00,2026-04-17 07:00:00+12:00,0,KWH,,2,actual
,2026-04-17 06:30:00+12:00,2026-04-17 07:00:00+12:00,0.584,KWH,,1,actual
,2026-04-17 07:00:00+12:00,2026-04-17 07:30:00+12:00,0.55,KWH,,1,actual
,2026-04-17 07:00:00+12:00,2026-04-17 07:30:00+12:00,0,KWH,,2,actual
,2026-04-17 07:30:00+12:00,2026-04-17 08:00:00+12:00,0.489,KWH,,1,actual
,2026-04-17 07:30:00+12:00,2026-04-17 08:00:00+12:00,0,KWH,,2,actual
,2026-04-17 08:00:00+12:00,2026-04-17 08:30:00+12:00,0.524,KWH,,1,actual
,2026-04-17 08:00:00+12:00,2026-04-17 08:30:00+12:00,0,KWH,,2,actual
,2026-04-17 08:30:00+12:00,2026-04-17 09:00:00+12:00,1.051,KWH,,2,actual
,2026-04-17 08:30:00+12:00,2026-04-17 09:00:00+12:00,1.187,KWH,,1,actual
,2026-04-17 09:00:00+12:00,2026-04-17 09:30:00+12:00,0.661,KWH,,2,actual
,2026-04-17 09:00:00+12:00,2026-04-17 09:30:00+12:00,0.797,KWH,,1,actual
,2026-04-17 09:30:00+12:00,2026-04-17 10:00:00+12:00,0,KWH,,2,actual
,2026-04-17 09:30:00+12:00,2026-04-17 10:00:00+12:00,0.726,KWH,,1,actual
,2026-04-17 10:00:00+12:00,2026-04-17 10:30:00+12:00,0.686,KWH,,1,actual
,2026-04-17 10:00:00+12:00,2026-04-17 10:30:00+12:00,0,KWH,,2,actual
,2026-04-17 10:30:00+12:00,2026-04-17 11:00:00+12:00,0,KWH,,2,actual
,2026-04-17 10:30:00+12:00,2026-04-17 11:00:00+12:00,0.372,KWH,,1,actual
,2026-04-17 11:00:00+12:00,2026-04-17 11:30:00+12:00,0.375,KWH,,1,actual
,2026-04-17 11:00:00+12:00,2026-04-17 11:30:00+12:00,0,KWH,,2,actual
,2026-04-17 11:30:00+12:00,2026-04-17 12:00:00+12:00,0.382,KWH,,1,actual
,2026-04-17 11:30:00+12:00,2026-04-17 12:00:00+12:00,0,KWH,,2,actual
,2026-04-17 12:00:00+12:00,2026-04-17 12:30:00+12:00,0.193,KWH,,1,actual
,2026-04-17 12:00:00+12:00,2026-04-17 12:30:00+12:00,0,KWH,,2,actual
,2026-04-17 12:30:00+12:00,2026-04-17 13:00:00+12:00,0,KWH,,2,actual
,2026-04-17 12:30:00+12:00,2026-04-17 13:00:00+12:00,0.319,KWH,,1,actual
,2026-04-17 13:00:00+12:00,2026-04-17 13:30:00+12:00,0.16,KWH,,1,actual
,2026-04-17 13:00:00+12:00,2026-04-17 13:30:00+12:00,0,KWH,,2,actual
,2026-04-17 13:30:00+12:00,2026-04-17 14:00:00+12:00,0.163,KWH,,1,actual
,2026-04-17 13:30:00+12:00,2026-04-17 14:00:00+12:00,0,KWH,,2,actual
,2026-04-17 14:00:00+12:00,2026-04-17 14:30:00+12:00,0,KWH,,2,actual
,2026-04-17 14:00:00+12:00,2026-04-17 14:30:00+12:00,0.167,KWH,,1,actual
,2026-04-17 14:30:00+12:00,2026-04-17 15:00:00+12:00,0.15,KWH,,1,actual
,2026-04-17 14:30:00+12:00,2026-04-17 15:00:00+12:00,0,KWH,,2,actual
,2026-04-17 15:00:00+12:00,2026-04-17 15:30:00+12:00,0,KWH,,2,actual
,2026-04-17 15:00:00+12:00,2026-04-17 15:30:00+12:00,0.25,KWH,,1,actual
,2026-04-17 15:30:00+12:00,2026-04-17 16:00:00+12:00,0,KWH,,2,actual
,2026-04-17 15:30:00+12:00,2026-04-17 16:00:00+12:00,0.788,KWH,,1,actual
,2026-04-17 16:00:00+12:00,2026-04-17 16:30:00+12:00,0.678,KWH,,1,actual
,2026-04-17 16:00:00+12:00,2026-04-17 16:30:00+12:00,0,KWH,,2,actual
,2026-04-17 16:30:00+12:00,2026-04-17 17:00:00+12:00,0.631,KWH,,1,actual
,2026-04-17 16:30:00+12:00,2026-04-17 17:00:00+12:00,0,KWH,,2,actual
,2026-04-17 17:00:00+12:00,2026-04-17 17:30:00+12:00,0,KWH,,2,actual
,2026-04-17 17:00:00+12:00,2026-04-17 17:30:00+12:00,0.224,KWH,,1,actual
,2026-04-17 17:30:00+12:00,2026-04-17 18:00:00+12:00,0.206,KWH,,1,actual
,2026-04-17 17:30:00+12:00,2026-04-17 18:00:00+12:00,0.154,KWH,,2,actual
,2026-04-17 18:00:00+12:00,2026-04-17 18:30:00+12:00,0.195,KWH,,1,actual
,2026-04-17 18:00:00+12:00,2026-04-17 18:30:00+12:00,1.321,KWH,,2,actual
,2026-04-17 18:30:00+12:00,2026-04-17 19:00:00+12:00,0,KWH,,2,actual
,2026-04-17 18:30:00+12:00,2026-04-17 19:00:00+12:00,0.223,KWH,,1,actual
,2026-04-17 19:00:00+12:00,2026-04-17 19:30:00+12:00,0,KWH,,2,actual
,2026-04-17 19:00:00+12:00,2026-04-17 19:30:00+12:00,0.209,KWH,,1,actual
,2026-04-17 19:30:00+12:00,2026-04-17 20:00:00+12:00,0,KWH,,2,actual
,2026-04-17 19:30:00+12:00,2026-04-17 20:00:00+12:00,0.541,KWH,,1,actual
,2026-04-17 20:00:00+12:00,2026-04-17 20:30:00+12:00,0,KWH,,2,actual
,2026-04-17 20:00:00+12:00,2026-04-17 20:30:00+12:00,0.513,KWH,,1,actual
,2026-04-17 20:30:00+12:00,2026-04-17 21:00:00+12:00,0,KWH,,2,actual
,2026-04-17 20:30:00+12:00,2026-04-17 21:00:00+12:00,1.135,KWH,,1,actual
,2026-04-17 21:00:00+12:00,2026-04-17 21:30:00+12:00,0,KWH,,2,actual
,2026-04-17 21:00:00+12:00,2026-04-17 21:30:00+12:00,2.998,KWH,,1,actual
,2026-04-17 21:30:00+12:00,2026-04-17 22:00:00+12:00,3.444,KWH,,1,actual
,2026-04-17 21:30:00+12:00,2026-04-17 22:00:00+12:00,0,KWH,,2,actual
,2026-04-17 22:00:00+12:00,2026-04-17 22:30:00+12:00,2.615,KWH,,1,actual
,2026-04-17 22:00:00+12:00,2026-04-17 22:30:00+12:00,0,KWH,,2,actual
,2026-04-17 22:30:00+12:00,2026-04-17 23:00:00+12:00,2.335,KWH,,1,actual
,2026-04-17 22:30:00+12:00,2026-04-17 23:00:00+12:00,0,KWH,,2,actual
,2026-04-17 23:00:00+12:00,2026-04-17 23:30:00+12:00,2.345,KWH,,1,actual
,2026-04-17 23:00:00+12:00,2026-04-17 23:30:00+12:00,0,KWH,,2,actual
,2026-04-17 23:30:00+12:00,2026-04-18 00:00:00+12:00,0.132,KWH,,2,actual
,2026-04-17 23:30:00+12:00,2026-04-18 00:00:00+12:00,2.22,KWH,,1,actual
,2026-04-18 00:00:00+12:00,2026-04-18 00:30:00+12:00,1.514,KWH,,2,actual
,2026-04-18 00:00:00+12:00,2026-04-18 00:30:00+12:00,1.926,KWH,,1,actual
,2026-04-18 00:30:00+12:00,2026-04-18 01:00:00+12:00,1.924,KWH,,1,actual
,2026-04-18 00:30:00+12:00,2026-04-18 01:00:00+12:00,0.028,KWH,,2,actual
,2026-04-18 01:00:00+12:00,2026-04-18 01:30:00+12:00,1.938,KWH,,1,actual
,2026-04-18 01:00:00+12:00,2026-04-18 01:30:00+12:00,0,KWH,,2,actual
,2026-04-18 01:30:00+12:00,2026-04-18 02:00:00+12:00,0,KWH,,2,actual
,2026-04-18 01:30:00+12:00,2026-04-18 02:00:00+12:00,1.925,KWH,,1,actual
,2026-04-18 02:00:00+12:00,2026-04-18 02:30:00+12:00,1.922,KWH,,1,actual
,2026-04-18 02:00:00+12:00,2026-04-18 02:30:00+12:00,0,KWH,,2,actual
,2026-04-18 02:30:00+12:00,2026-04-18 03:00:00+12:00,0,KWH,,2,actual
,2026-04-18 02:30:00+12:00,2026-04-18 03:00:00+12:00,1.94,KWH,,1,actual
,2026-04-18 03:00:00+12:00,2026-04-18 03:30:00+12:00,0,KWH,,2,actual
,2026-04-18 03:00:00+12:00,2026-04-18 03:30:00+12:00,1.925,KWH,,1,actual
,2026-04-18 03:30:00+12:00,2026-04-18 04:00:00+12:00,1.943,KWH,,1,actual
,2026-04-18 03:30:00+12:00,2026-04-18 04:00:00+12:00,0,KWH,,2,actual
,2026-04-18 04:00:00+12:00,2026-04-18 04:30:00+12:00,0,KWH,,2,actual
,2026-04-18 04:00:00+12:00,2026-04-18 04:30:00+12:00,1.924,KWH,,1,actual
,2026-04-18 04:30:00+12:00,2026-04-18 05:00:00+12:00,1.574,KWH,,1,actual
,2026-04-18 04:30:00+12:00,2026-04-18 05:00:00+12:00,0,KWH,,2,actual
,2026-04-18 05:00:00+12:00,2026-04-18 05:30:00+12:00,0.551,KWH,,1,actual
,2026-04-18 05:00:00+12:00,2026-04-18 05:30:00+12:00,0,KWH,,2,actual
,2026-04-18 05:30:00+12:00,2026-04-18 06:00:00+12:00,0,KWH,,2,actual
,2026-04-18 05:30:00+12:00,2026-04-18 06:00:00+12:00,0.305,KWH,,1,actual
,2026-04-18 06:00:00+12:00,2026-04-18 06:30:00+12:00,0,KWH,,2,actual
,2026-04-18 06:00:00+12:00,2026-04-18 06:30:00+12:00,0.218,KWH,,1,actual
,2026-04-18 06:30:00+12:00,2026-04-18 07:00:00+12:00,0,KWH,,2,actual
,2026-04-18 06:30:00+12:00,2026-04-18 07:00:00+12:00,0.216,KWH,,1,actual
,2026-04-18 07:00:00+12:00,2026-04-18 07:30:00+12:00,0.26,KWH,,1,actual
,2026-04-18 07:00:00+12:00,2026-04-18 07:30:00+12:00,0,KWH,,2,actual
,2026-04-18 07:30:00+12:00,2026-04-18 08:00:00+12:00,0.168,KWH,,1,actual
,2026-04-18 07:30:00+12:00,2026-04-18 08:00:00+12:00,0,KWH,,2,actual
,2026-04-18 08:00:00+12:00,2026-04-18 08:30:00+12:00,0.138,KWH,,1,actual
,2026-04-18 08:00:00+12:00,2026-04-18 08:30:00+12:00,0,KWH,,2,actual
,2026-04-18 08:30:00+12:00,2026-04-18 09:00:00+12:00,0,KWH,,2,actual
,2026-04-18 08:30:00+12:00,2026-04-18 09:00:00+12:00,0.105,KWH,,1,actual
,2026-04-18 09:00:00+12:00,2026-04-18 09:30:00+12:00,0,KWH,,2,actual
,2026-04-18 09:00:00+12:00,2026-04-18 09:30:00+12:00,0.159,KWH,,1,actual
,2026-04-18 09:30:00+12:00,2026-04-18 10:00:00+12:00,1.249,KWH,,2,actual
,2026-04-18 09:30:00+12:00,2026-04-18 10:00:00+12:00,0.187,KWH,,1,actual
,2026-04-18 10:00:00+12:00,2026-04-18 10:30:00+12:00,0.272,KWH,,1,actual
,2026-04-18 10:00:00+12:00,2026-04-18 10:30:00+12:00,1.494,KWH,,2,actual
,2026-04-18 10:30:00+12:00,2026-04-18 11:00:00+12:00,1.479,KWH,,2,actual
,2026-04-18 10:30:00+12:00,2026-04-18 11:00:00+12:00,0.163,KWH,,1,actual
,2026-04-18 11:00:00+12:00,2026-04-18 11:30:00+12:00,0.163,KWH,,1,actual
,2026-04-18 11:00:00+12:00,2026-04-18 11:30:00+12:00,1.496,KWH,,2,actual
,2026-04-18 11:30:00+12:00,2026-04-18 12:00:00+12:00,0.86,KWH,,1,actual
,2026-04-18 11:30:00+12:00,2026-04-18 12:00:00+12:00,1.482,KWH,,2,actual
,2026-04-18 12:00:00+12:00,2026-04-18 12:30:00+12:00,0.671,KWH,,2,actual
,2026-04-18 12:00:00+12:00,2026-04-18 12:30:00+12:00,0.514,KWH,,1,actual
,2026-04-18 12:30:00+12:00,2026-04-18 13:00:00+12:00,0.729,KWH,,1,actual
,2026-04-18 12:30:00+12:00,2026-04-18 13:00:00+12:00,0,KWH,,2,actual
,2026-04-18 13:00:00+12:00,2026-04-18 13:30:00+12:00,0,KWH,,2,actual
,2026-04-18 13:00:00+12:00,2026-04-18 13:30:00+12:00,0.883,KWH,,1,actual
,2026-04-18 13:30:00+12:00,2026-04-18 14:00:00+12:00,0,KWH,,2,actual
,2026-04-18 13:30:00+12:00,2026-04-18 14:00:00+12:00,0.889,KWH,,1,actual
,2026-04-18 14:00:00+12:00,2026-04-18 14:30:00+12:00,0.327,KWH,,1,actual
,2026-04-18 14:00:00+12:00,2026-04-18 14:30:00+12:00,0,KWH,,2,actual
,2026-04-18 14:30:00+12:00,2026-04-18 15:00:00+12:00,0,KWH,,2,actual
,2026-04-18 14:30:00+12:00,2026-04-18 15:00:00+12:00,0.697,KWH,,1,actual
,2026-04-18 15:00:00+12:00,2026-04-18 15:30:00+12:00,1.06,KWH,,1,actual
,2026-04-18 15:00:00+12:00,2026-04-18 15:30:00+12:00,0,KWH,,2,actual
,2026-04-18 15:30:00+12:00,2026-04-18 16:00:00+12:00,1.416,KWH,,1,actual
,2026-04-18 15:30:00+12:00,2026-04-18 16:00:00+12:00,0,KWH,,2,actual
,2026-04-18 16:00:00+12:00,2026-04-18 16:30:00+12:00,0.684,KWH,,2,actual
,2026-04-18 16:00:00+12:00,2026-04-18 16:30:00+12:00,1.025,KWH,,1,actual
,2026-04-18 16:30:00+12:00,2026-04-18 17:00:00+12:00,1.49,KWH,,2,actual
,2026-04-18 16:30:00+12:00,2026-04-18 17:00:00+12:00,0.957,KWH,,1,actual
,2026-04-18 17:00:00+12:00,2026-04-18 17:30:00+12:00,1.384,KWH,,1,actual
,2026-04-18 17:00:00+12:00,2026-04-18 17:30:00+12:00,1.483,KWH,,2,actual
,2026-04-18 17:30:00+12:00,2026-04-18 18:00:00+12:00,1.457,KWH,,2,actual
,2026-04-18 17:30:00+12:00,2026-04-18 18:00:00+12:00,1.745,KWH,,1,actual
,2026-04-18 18:00:00+12:00,2026-04-18 18:30:00+12:00,1.49,KWH,,2,actual
,2026-04-18 18:00:00+12:00,2026-04-18 18:30:00+12:00,0.717,KWH,,1,actual
,2026-04-18 18:30:00+12:00,2026-04-18 19:00:00+12:00,0.66,KWH,,1,actual
,2026-04-18 18:30:00+12:00,2026-04-18 19:00:00+12:00,0.29,KWH,,2,actual
,2026-04-18 19:00:00+12:00,2026-04-18 19:30:00+12:00,0.887,KWH,,1,actual
,2026-04-18 19:00:00+12:00,2026-04-18 19:30:00+12:00,1.309,KWH,,2,actual
,2026-04-18 19:30:00+12:00,2026-04-18 20:00:00+12:00,0.589,KWH,,1,actual
,2026-04-18 19:30:00+12:00,2026-04-18 20:00:00+12:00,1.252,KWH,,2,actual
,2026-04-18 20:00:00+12:00,2026-04-18 20:30:00+12:00,0.609,KWH,,1,actual
,2026-04-18 20:00:00+12:00,2026-04-18 20:30:00+12:00,0.657,KWH,,2,actual
,2026-04-18 20:30:00+12:00,2026-04-18 21:00:00+12:00,0.923,KWH,,1,actual
,2026-04-18 20:30:00+12:00,2026-04-18 21:00:00+12:00,1.223,KWH,,2,actual
,2026-04-18 21:00:00+12:00,2026-04-18 21:30:00+12:00,0.8,KWH,,1,actual
,2026-04-18 21:00:00+12:00,2026-04-18 21:30:00+12:00,0,KWH,,2,actual
,2026-04-18 21:30:00+12:00,2026-04-18 22:00:00+12:00,0,KWH,,2,actual
,2026-04-18 21:30:00+12:00,2026-04-18 22:00:00+12:00,0.795,KWH,,1,actual
,2026-04-18 22:00:00+12:00,2026-04-18 22:30:00+12:00,0.897,KWH,,2,actual
,2026-04-18 22:00:00+12:00,2026-04-18 22:30:00+12:00,1.745,KWH,,1,actual
,2026-04-18 22:30:00+12:00,2026-04-18 23:00:00+12:00,1.522,KWH,,2,actual
,2026-04-18 22:30:00+12:00,2026-04-18 23:00:00+12:00,0.875,KWH,,1,actual
,2026-04-18 23:00:00+12:00,2026-04-18 23:30:00+12:00,1.544,KWH,,2,actual
,2026-04-18 23:00:00+12:00,2026-04-18 23:30:00+12:00,0.612,KWH,,1,actual
,2026-04-18 23:30:00+12:00,2026-04-19 00:00:00+12:00,0.617,KWH,,1,actual
,2026-04-18 23:30:00+12:00,2026-04-19 00:00:00+12:00,1.545,KWH,,2,actual
,2026-04-19 00:00:00+12:00,2026-04-19 00:30:00+12:00,0.622,KWH,,1,actual
,2026-04-19 00:00:00+12:00,2026-04-19 00:30:00+12:00,0.115,KWH,,2,actual
,2026-04-19 00:30:00+12:00,2026-04-19 01:00:00+12:00,0,KWH,,2,actual
,2026-04-19 00:30:00+12:00,2026-04-19 01:00:00+12:00,0.612,KWH,,1,actual
,2026-04-19 01:00:00+12:00,2026-04-19 01:30:00+12:00,0,KWH,,2,actual
,2026-04-19 01:00:00+12:00,2026-04-19 01:30:00+12:00,0.622,KWH,,1,actual
,2026-04-19 01:30:00+12:00,2026-04-19 02:00:00+12:00,0.613,KWH,,1,actual
,2026-04-19 01:30:00+12:00,2026-04-19 02:00:00+12:00,0,KWH,,2,actual
,2026-04-19 02:00:00+12:00,2026-04-19 02:30:00+12:00,0,KWH,,2,actual
,2026-04-19 02:00:00+12:00,2026-04-19 02:30:00+12:00,0.614,KWH,,1,actual
,2026-04-19 02:30:00+12:00,2026-04-19 03:00:00+12:00,0.622,KWH,,1,actual
,2026-04-19 02:30:00+12:00,2026-04-19 03:00:00+12:00,0,KWH,,2,actual
,2026-04-19 03:00:00+12:00,2026-04-19 03:30:00+12:00,0.629,KWH,,1,actual
,2026-04-19 03:00:00+12:00,2026-04-19 03:30:00+12:00,0,KWH,,2,actual
,2026-04-19 03:30:00+12:00,2026-04-19 04:00:00+12:00,0,KWH,,2,actual
,2026-04-19 03:30:00+12:00,2026-04-19 04:00:00+12:00,0.632,KWH,,1,actual
,2026-04-19 04:00:00+12:00,2026-04-19 04:30:00+12:00,0.666,KWH,,1,actual
,2026-04-19 04:00:00+12:00,2026-04-19 04:30:00+12:00,0,KWH,,2,actual
,2026-04-19 04:30:00+12:00,2026-04-19 05:00:00+12:00,0,KWH,,2,actual
,2026-04-19 04:30:00+12:00,2026-04-19 05:00:00+12:00,0.794,KWH,,1,actual
,2026-04-19 05:00:00+12:00,2026-04-19 05:30:00+12:00,0,KWH,,2,actual
,2026-04-19 05:00:00+12:00,2026-04-19 05:30:00+12:00,0.642,KWH,,1,actual
,2026-04-19 05:30:00+12:00,2026-04-19 06:00:00+12:00,0.667,KWH,,1,actual
,2026-04-19 05:30:00+12:00,2026-04-19 06:00:00+12:00,0,KWH,,2,actual
,2026-04-19 06:00:00+12:00,2026-04-19 06:30:00+12:00,0.649,KWH,,1,actual
,2026-04-19 06:00:00+12:00,2026-04-19 06:30:00+12:00,0,KWH,,2,actual
,2026-04-19 06:30:00+12:00,2026-04-19 07:00:00+12:00,0.657,KWH,,1,actual
,2026-04-19 06:30:00+12:00,2026-04-19 07:00:00+12:00,0,KWH,,2,actual
,2026-04-19 07:00:00+12:00,2026-04-19 07:30:00+12:00,0,KWH,,2,actual
,2026-04-19 07:00:00+12:00,2026-04-19 07:30:00+12:00,0.73,KWH,,1,actual
,2026-04-19 07:30:00+12:00,2026-04-19 08:00:00+12:00,0,KWH,,2,actual
,2026-04-19 07:30:00+12:00,2026-04-19 08:00:00+12:00,0.595,KWH,,1,actual
,2026-04-19 08:00:00+12:00,2026-04-19 08:30:00+12:00,0,KWH,,2,actual
,2026-04-19 08:00:00+12:00,2026-04-19 08:30:00+12:00,0.581,KWH,,1,actual
,2026-04-19 08:30:00+12:00,2026-04-19 09:00:00+12:00,0.674,KWH,,1,actual
,2026-04-19 08:30:00+12:00,2026-04-19 09:00:00+12:00,0.29,KWH,,2,actual
,2026-04-19 09:00:00+12:00,2026-04-19 09:30:00+12:00,0.648,KWH,,1,actual
,2026-04-19 09:00:00+12:00,2026-04-19 09:30:00+12:00,1.481,KWH,,2,actual
,2026-04-19 09:30:00+12:00,2026-04-19 10:00:00+12:00,0.532,KWH,,1,actual
,2026-04-19 09:30:00+12:00,2026-04-19 10:00:00+12:00,1.479,KWH,,2,actual
,2026-04-19 10:00:00+12:00,2026-04-19 10:30:00+12:00,1.464,KWH,,2,actual
,2026-04-19 10:00:00+12:00,2026-04-19 10:30:00+12:00,0.424,KWH,,1,actual
,2026-04-19 10:30:00+12:00,2026-04-19 11:00:00+12:00,1.53,KWH,,1,actual
,2026-04-19 10:30:00+12:00,2026-04-19 11:00:00+12:00,0.714,KWH,,2,actual
,2026-04-19 11:00:00+12:00,2026-04-19 11:30:00+12:00,0,KWH,,2,actual
,2026-04-19 11:00:00+12:00,2026-04-19 11:30:00+12:00,1.474,KWH,,1,actual
,2026-04-19 11:30:00+12:00,2026-04-19 12:00:00+12:00,0,KWH,,2,actual
,2026-04-19 11:30:00+12:00,2026-04-19 12:00:00+12:00,0.896,KWH,,1,actual
,2026-04-19 12:00:00+12:00,2026-04-19 12:30:00+12:00,0.458,KWH,,1,actual
,2026-04-19 12:00:00+12:00,2026-04-19 12:30:00+12:00,0,KWH,,2,actual
,2026-04-19 12:30:00+12:00,2026-04-19 13:00:00+12:00,0,KWH,,2,actual
,2026-04-19 12:30:00+12:00,2026-04-19 13:00:00+12:00,1.294,KWH,,1,actual
,2026-04-19 13:00:00+12:00,2026-04-19 13:30:00+12:00,1.407,KWH,,1,actual
,2026-04-19 13:00:00+12:00,2026-04-19 13:30:00+12:00,0,KWH,,2,actual
,2026-04-19 13:30:00+12:00,2026-04-19 14:00:00+12:00,0.314,KWH,,1,actual
,2026-04-19 13:30:00+12:00,2026-04-19 14:00:00+12:00,0,KWH,,2,actual
,2026-04-19 14:00:00+12:00,2026-04-19 14:30:00+12:00,0,KWH,,2,actual
,2026-04-19 14:00:00+12:00,2026-04-19 14:30:00+12:00,0.324,KWH,,1,actual
,2026-04-19 14:30:00+12:00,2026-04-19 15:00:00+12:00,0.267,KWH,,1,actual
,2026-04-19 14:30:00+12:00,2026-04-19 15:00:00+12:00,0,KWH,,2,actual
,2026-04-19 15:00:00+12:00,2026-04-19 15:30:00+12:00,0,KWH,,2,actual
,2026-04-19 15:00:00+12:00,2026-04-19 15:30:00+12:00,0.551,KWH,,1,actual
,2026-04-19 15:30:00+12:00,2026-04-19 16:00:00+12:00,0.529,KWH,,2,actual
,2026-04-19 15:30:00+12:00,2026-04-19 16:00:00+12:00,1.781,KWH,,1,actual
,2026-04-19 16:00:00+12:00,2026-04-19 16:30:00+12:00,1.454,KWH,,1,actual
,2026-04-19 16:00:00+12:00,2026-04-19 16:30:00+12:00,1.143,KWH,,2,actual
,2026-04-19 16:30:00+12:00,2026-04-19 17:00:00+12:00,0.941,KWH,,1,actual
,2026-04-19 16:30:00+12:00,2026-04-19 17:00:00+12:00,0,KWH,,2,actual
,2026-04-19 17:00:00+12:00,2026-04-19 17:30:00+12:00,0,KWH,,2,actual
,2026-04-19 17:00:00+12:00,2026-04-19 17:30:00+12:00,0.41,KWH,,1,actual
,2026-04-19 17:30:00+12:00,2026-04-19 18:00:00+12:00,1.685,KWH,,1,actual
,2026-04-19 17:30:00+12:00,2026-04-19 18:00:00+12:00,0,KWH,,2,actual
,2026-04-19 18:00:00+12:00,2026-04-19 18:30:00+12:00,2.109,KWH,,1,actual
,2026-04-19 18:00:00+12:00,2026-04-19 18:30:00+12:00,0.157,KWH,,2,actual
,2026-04-19 18:30:00+12:00,2026-04-19 19:00:00+12:00,1.423,KWH,,2,actual
,2026-04-19 18:30:00+12:00,2026-04-19 19:00:00+12:00,2.229,KWH,,1,actual
,2026-04-19 19:00:00+12:00,2026-04-19 19:30:00+12:00,1.424,KWH,,2,actual
,2026-04-19 19:00:00+12:00,2026-04-19 19:30:00+12:00,2.495,KWH,,1,actual
,2026-04-19 19:30:00+12:00,2026-04-19 20:00:00+12:00,1.418,KWH,,2,actual
,2026-04-19 19:30:00+12:00,2026-04-19 20:00:00+12:00,2.544,KWH,,1,actual
,2026-04-19 20:00:00+12:00,2026-04-19 20:30:00+12:00,1.44,KWH,,2,actual
,2026-04-19 20:00:00+12:00,2026-04-19 20:30:00+12:00,2.274,KWH,,1,actual
,2026-04-19 20:30:00+12:00,2026-04-19 21:00:00+12:00,0.598,KWH,,2,actual
,2026-04-19 20:30:00+12:00,2026-04-19 21:00:00+12:00,2.329,KWH,,1,actual
,2026-04-19 21:00:00+12:00,2026-04-19 21:30:00+12:00,0,KWH,,2,actual
,2026-04-19 21:00:00+12:00,2026-04-19 21:30:00+12:00,3.424,KWH,,1,actual
,2026-04-19 21:30:00+12:00,2026-04-19 22:00:00+12:00,2.922,KWH,,1,actual
,2026-04-19 21:30:00+12:00,2026-04-19 22:00:00+12:00,0,KWH,,2,actual
,2026-04-19 22:00:00+12:00,2026-04-19 22:30:00+12:00,3.046,KWH,,1,actual
,2026-04-19 22:00:00+12:00,2026-04-19 22:30:00+12:00,0,KWH,,2,actual
,2026-04-19 22:30:00+12:00,2026-04-19 23:00:00+12:00,2.657,KWH,,1,actual
,2026-04-19 22:30:00+12:00,2026-04-19 23:00:00+12:00,1.061,KWH,,2,actual
,2026-04-19 23:00:00+12:00,2026-04-19 23:30:00+12:00,2.068,KWH,,1,actual
,2026-04-19 23:00:00+12:00,2026-04-19 23:30:00+12:00,0.468,KWH,,2,actual
,2026-04-19 23:30:00+12:00,2026-04-20 00:00:00+12:00,0,KWH,,2,actual
,2026-04-19 23:30:00+12:00,2026-04-20 00:00:00+12:00,1.075,KWH,,1,actual
,2026-04-20 00:00:00+12:00,2026-04-20 00:30:00+12:00,0,KWH,,2,actual
,2026-04-20 00:00:00+12:00,2026-04-20 00:30:00+12:00,0.512,KWH,,1,actual
,2026-04-20 00:30:00+12:00,2026-04-20 01:00:00+12:00,0.271,KWH,,1,actual
,2026-04-20 00:30:00+12:00,2026-04-20 01:00:00+12:00,0,KWH,,2,actual
,2026-04-20 01:00:00+12:00,2026-04-20 01:30:00+12:00,0.254,KWH,,1,actual
,2026-04-20 01:00:00+12:00,2026-04-20 01:30:00+12:00,0,KWH,,2,actual
,2026-04-20 01:30:00+12:00,2026-04-20 02:00:00+12:00,0,KWH,,2,actual
,2026-04-20 01:30:00+12:00,2026-04-20 02:00:00+12:00,0.244,KWH,,1,actual
,2026-04-20 02:00:00+12:00,2026-04-20 02:30:00+12:00,0.229,KWH,,1,actual
,2026-04-20 02:00:00+12:00,2026-04-20 02:30:00+12:00,0,KWH,,2,actual
,2026-04-20 02:30:00+12:00,2026-04-20 03:00:00+12:00,0,KWH,,2,actual
,2026-04-20 02:30:00+12:00,2026-04-20 03:00:00+12:00,0.264,KWH,,1,actual
,2026-04-20 03:00:00+12:00,2026-04-20 03:30:00+12:00,0,KWH,,2,actual
,2026-04-20 03:00:00+12:00,2026-04-20 03:30:00+12:00,0.243,KWH,,1,actual
,2026-04-20 03:30:00+12:00,2026-04-20 04:00:00+12:00,0.23,KWH,,1,actual
,2026-04-20 03:30:00+12:00,2026-04-20 04:00:00+12:00,0,KWH,,2,actual
,2026-04-20 04:00:00+12:00,2026-04-20 04:30:00+12:00,0,KWH,,2,actual
,2026-04-20 04:00:00+12:00,2026-04-20 04:30:00+12:00,0.265,KWH,,1,actual
,2026-04-20 04:30:00+12:00,2026-04-20 05:00:00+12:00,0.242,KWH,,1,actual
,2026-04-20 04:30:00+12:00,2026-04-20 05:00:00+12:00,0,KWH,,2,actual
,2026-04-20 05:00:00+12:00,2026-04-20 05:30:00+12:00,0.238,KWH,,1,actual
,2026-04-20 05:00:00+12:00,2026-04-20 05:30:00+12:00,0,KWH,,2,actual
,2026-04-20 05:30:00+12:00,2026-04-20 06:00:00+12:00,0,KWH,,2,actual
,2026-04-20 05:30:00+12:00,2026-04-20 06:00:00+12:00,0.257,KWH,,1,actual
,2026-04-20 06:00:00+12:00,2026-04-20 06:30:00+12:00,0,KWH,,2,actual
,2026-04-20 06:00:00+12:00,2026-04-20 06:30:00+12:00,0.235,KWH,,1,actual
,2026-04-20 06:30:00+12:00,2026-04-20 07:00:00+12:00,0,KWH,,2,actual
,2026-04-20 06:30:00+12:00,2026-04-20 07:00:00+12:00,0.237,KWH,,1,actual
,2026-04-20 07:00:00+12:00,2026-04-20 07:30:00+12:00,0.211,KWH,,1,actual
,2026-04-20 07:00:00+12:00,2026-04-20 07:30:00+12:00,0.124,KWH,,2,actual
,2026-04-20 07:30:00+12:00,2026-04-20 08:00:00+12:00,0.776,KWH,,1,actual
,2026-04-20 07:30:00+12:00,2026-04-20 08:00:00+12:00,1.508,KWH,,2,actual
,2026-04-20 08:00:00+12:00,2026-04-20 08:30:00+12:00,0.473,KWH,,1,actual
,2026-04-20 08:00:00+12:00,2026-04-20 08:30:00+12:00,1.498,KWH,,2,actual
,2026-04-20 08:30:00+12:00,2026-04-20 09:00:00+12:00,1.487,KWH,,2,actual
,2026-04-20 08:30:00+12:00,2026-04-20 09:00:00+12:00,0.185,KWH,,1,actual
,2026-04-20 09:00:00+12:00,2026-04-20 09:30:00+12:00,0.003,KWH,,2,actual
,2026-04-20 09:00:00+12:00,2026-04-20 09:30:00+12:00,0.164,KWH,,1,actual
,2026-04-20 09:30:00+12:00,2026-04-20 10:00:00+12:00,0,KWH,,2,actual
,2026-04-20 09:30:00+12:00,2026-04-20 10:00:00+12:00,0.181,KWH,,1,actual
,2026-04-20 10:00:00+12:00,2026-04-20 10:30:00+12:00,0.178,KWH,,1,actual
,2026-04-20 10:00:00+12:00,2026-04-20 10:30:00+12:00,0,KWH,,2,actual
,2026-04-20 10:30:00+12:00,2026-04-20 11:00:00+12:00,0,KWH,,2,actual
,2026-04-20 10:30:00+12:00,2026-04-20 11:00:00+12:00,0.172,KWH,,1,actual
,2026-04-20 11:00:00+12:00,2026-04-20 11:30:00+12:00,0.181,KWH,,1,actual
,2026-04-20 11:00:00+12:00,2026-04-20 11:30:00+12:00,0,KWH,,2,actual
,2026-04-20 11:30:00+12:00,2026-04-20 12:00:00+12:00,0.398,KWH,,1,actual
,2026-04-20 11:30:00+12:00,2026-04-20 12:00:00+12:00,0,KWH,,2,actual
,2026-04-20 12:00:00+12:00,2026-04-20 12:30:00+12:00,0,KWH,,2,actual
,2026-04-20 12:00:00+12:00,2026-04-20 12:30:00+12:00,0.672,KWH,,1,actual
,2026-04-20 12:30:00+12:00,2026-04-20 13:00:00+12:00,0.686,KWH,,1,actual
,2026-04-20 12:30:00+12:00,2026-04-20 13:00:00+12:00,0,KWH,,2,actual
,2026-04-20 13:00:00+12:00,2026-04-20 13:30:00+12:00,0,KWH,,2,actual
,2026-04-20 13:00:00+12:00,2026-04-20 13:30:00+12:00,0.73,KWH,,1,actual
,2026-04-20 13:30:00+12:00,2026-04-20 14:00:00+12:00,0,KWH,,2,actual
,2026-04-20 13:30:00+12:00,2026-04-20 14:00:00+12:00,0.747,KWH,,1,actual
,2026-04-20 14:00:00+12:00,2026-04-20 14:30:00+12:00,0.714,KWH,,1,actual
,2026-04-20 14:00:00+12:00,2026-04-20 14:30:00+12:00,0,KWH,,2,actual
,2026-04-20 14:30:00+12:00,2026-04-20 15:00:00+12:00,0,KWH,,2,actual
,2026-04-20 14:30:00+12:00,2026-04-20 15:00:00+12:00,0.71,KWH,,1,actual
,2026-04-20 15:00:00+12:00,2026-04-20 15:30:00+12:00,0.665,KWH,,1,actual
,2026-04-20 15:00:00+12:00,2026-04-20 15:30:00+12:00,0,KWH,,2,actual
,2026-04-20 15:30:00+12:00,2026-04-20 16:00:00+12:00,0.734,KWH,,1,actual
,2026-04-20 15:30:00+12:00,2026-04-20 16:00:00+12:00,0,KWH,,2,actual
,2026-04-20 16:00:00+12:00,2026-04-20 16:30:00+12:00,0.936,KWH,,2,actual
,2026-04-20 16:00:00+12:00,2026-04-20 16:30:00+12:00,0.806,KWH,,1,actual
,2026-04-20 16:30:00+12:00,2026-04-20 17:00:00+12:00,1.435,KWH,,2,actual
,2026-04-20 16:30:00+12:00,2026-04-20 17:00:00+12:00,1.554,KWH,,1,actual
,2026-04-20 17:00:00+12:00,2026-04-20 17:30:00+12:00,2.311,KWH,,1,actual
,2026-04-20 17:00:00+12:00,2026-04-20 17:30:00+12:00,1.444,KWH,,2,actual
,2026-04-20 17:30:00+12:00,2026-04-20 18:00:00+12:00,0.596,KWH,,2,actual
,2026-04-20 17:30:00+12:00,2026-04-20 18:00:00+12:00,1.753,KWH,,1,actual
,2026-04-20 18:00:00+12:00,2026-04-20 18:30:00+12:00,0,KWH,,2,actual
,2026-04-20 18:00:00+12:00,2026-04-20 18:30:00+12:00,0.789,KWH,,1,actual
,2026-04-20 18:30:00+12:00,2026-04-20 19:00:00+12:00,1.106,KWH,,1,actual
,2026-04-20 18:30:00+12:00,2026-04-20 19:00:00+12:00,0,KWH,,2,actual
,2026-04-20 19:00:00+12:00,2026-04-20 19:30:00+12:00,1.869,KWH,,1,actual
,2026-04-20 19:00:00+12:00,2026-04-20 19:30:00+12:00,0,KWH,,2,actual
,2026-04-20 19:30:00+12:00,2026-04-20 20:00:00+12:00,1.582,KWH,,1,actual
,2026-04-20 19:30:00+12:00,2026-04-20 20:00:00+12:00,0,KWH,,2,actual
,2026-04-20 20:00:00+12:00,2026-04-20 20:30:00+12:00,2.254,KWH,,1,actual
,2026-04-20 20:00:00+12:00,2026-04-20 20:30:00+12:00,0,KWH,,2,actual
,2026-04-20 20:30:00+12:00,2026-04-20 21:00:00+12:00,2.025,KWH,,1,actual
,2026-04-20 20:30:00+12:00,2026-04-20 21:00:00+12:00,0,KWH,,2,actual
,2026-04-20 21:00:00+12:00,2026-04-20 21:30:00+12:00,1.533,KWH,,1,actual
,2026-04-20 21:00:00+12:00,2026-04-20 21:30:00+12:00,0,KWH,,2,actual
,2026-04-20 21:30:00+12:00,2026-04-20 22:00:00+12:00,0,KWH,,2,actual
,2026-04-20 21:30:00+12:00,2026-04-20 22:00:00+12:00,1.096,KWH,,1,actual
,2026-04-20 22:00:00+12:00,2026-04-20 22:30:00+12:00,0,KWH,,2,actual
,2026-04-20 22:00:00+12:00,2026-04-20 22:30:00+12:00,0.613,KWH,,1,actual
,2026-04-20 22:30:00+12:00,2026-04-20 23:00:00+12:00,1.355,KWH,,2,actual
,2026-04-20 22:30:00+12:00,2026-04-20 23:00:00+12:00,0.567,KWH,,1,actual
,2026-04-20 23:00:00+12:00,2026-04-20 23:30:00+12:00,0.203,KWH,,2,actual
,2026-04-20 23:00:00+12:00,2026-04-20 23:30:00+12:00,0.618,KWH,,1,actual
,2026-04-20 23:30:00+12:00,2026-04-21 00:00:00+12:00,0.591,KWH,,1,actual
,2026-04-20 23:30:00+12:00,2026-04-21 00:00:00+12:00,0,KWH,,2,actual
,2026-04-21 00:00:00+12:00,2026-04-21 00:30:00+12:00,0.62,KWH,,1,actual
,2026-04-21 00:00:00+12:00,2026-04-21 00:30:00+12:00,0,KWH,,2,actual
,2026-04-21 00:30:00+12:00,2026-04-21 01:00:00+12:00,0,KWH,,2,actual
,2026-04-21 00:30:00+12:00,2026-04-21 01:00:00+12:00,0.622,KWH,,1,actual
,2026-04-21 01:00:00+12:00,2026-04-21 01:30:00+12:00,0,KWH,,2,actual
,2026-04-21 01:00:00+12:00,2026-04-21 01:30:00+12:00,0.648,KWH,,1,actual
,2026-04-21 01:30:00+12:00,2026-04-21 02:00:00+12:00,0.706,KWH,,1,actual
,2026-04-21 01:30:00+12:00,2026-04-21 02:00:00+12:00,0,KWH,,2,actual
,2026-04-21 02:00:00+12:00,2026-04-21 02:30:00+12:00,0,KWH,,2,actual
,2026-04-21 02:00:00+12:00,2026-04-21 02:30:00+12:00,0.719,KWH,,1,actual
,2026-04-21 02:30:00+12:00,2026-04-21 03:00:00+12:00,0.761,KWH,,1,actual
,2026-04-21 02:30:00+12:00,2026-04-21 03:00:00+12:00,0,KWH,,2,actual
,2026-04-21 03:00:00+12:00,2026-04-21 03:30:00+12:00,0.774,KWH,,1,actual
,2026-04-21 03:00:00+12:00,2026-04-21 03:30:00+12:00,0,KWH,,2,actual
,2026-04-21 03:30:00+12:00,2026-04-21 04:00:00+12:00,0,KWH,,2,actual
,2026-04-21 03:30:00+12:00,2026-04-21 04:00:00+12:00,0.794,KWH,,1,actual
,2026-04-21 04:00:00+12:00,2026-04-21 04:30:00+12:00,0.855,KWH,,1,actual
,2026-04-21 04:00:00+12:00,2026-04-21 04:30:00+12:00,0,KWH,,2,actual
,2026-04-21 04:30:00+12:00,2026-04-21 05:00:00+12:00,0,KWH,,2,actual
,2026-04-21 04:30:00+12:00,2026-04-21 05:00:00+12:00,0.855,KWH,,1,actual
,2026-04-21 05:00:00+12:00,2026-04-21 05:30:00+12:00,0,KWH,,2,actual
,2026-04-21 05:00:00+12:00,2026-04-21 05:30:00+12:00,0.97,KWH,,1,actual
,2026-04-21 05:30:00+12:00,2026-04-21 06:00:00+12:00,0.915,KWH,,1,actual
,2026-04-21 05:30:00+12:00,2026-04-21 06:00:00+12:00,0,KWH,,2,actual
,2026-04-21 06:00:00+12:00,2026-04-21 06:30:00+12:00,1.016,KWH,,1,actual
,2026-04-21 06:00:00+12:00,2026-04-21 06:30:00+12:00,0,KWH,,2,actual
,2026-04-21 06:30:00+12:00,2026-04-21 07:00:00+12:00,1.003,KWH,,1,actual
,2026-04-21 06:30:00+12:00,2026-04-21 07:00:00+12:00,0,KWH,,2,actual
,2026-04-21 07:00:00+12:00,2026-04-21 07:30:00+12:00,0,KWH,,2,actual
,2026-04-21 07:00:00+12:00,2026-04-21 07:30:00+12:00,1.008,KWH,,1,actual
,2026-04-21 07:30:00+12:00,2026-04-21 08:00:00+12:00,0,KWH,,2,actual
,2026-04-21 07:30:00+12:00,2026-04-21 08:00:00+12:00,0.926,KWH,,1,actual
,2026-04-21 08:00:00+12:00,2026-04-21 08:30:00+12:00,0,KWH,,2,actual
,2026-04-21 08:00:00+12:00,2026-04-21 08:30:00+12:00,0.754,KWH,,1,actual
,2026-04-21 08:30:00+12:00,2026-04-21 09:00:00+12:00,0.84,KWH,,1,actual
,2026-04-21 08:30:00+12:00,2026-04-21 09:00:00+12:00,0,KWH,,2,actual
,2026-04-21 09:00:00+12:00,2026-04-21 09:30:00+12:00,1.189,KWH,,1,actual
,2026-04-21 09:00:00+12:00,2026-04-21 09:30:00+12:00,0.933,KWH,,2,actual
,2026-04-21 09:30:00+12:00,2026-04-21 10:00:00+12:00,1.286,KWH,,1,actual
,2026-04-21 09:30:00+12:00,2026-04-21 10:00:00+12:00,0.846,KWH,,2,actual
,2026-04-21 10:00:00+12:00,2026-04-21 10:30:00+12:00,0,KWH,,2,actual
,2026-04-21 10:00:00+12:00,2026-04-21 10:30:00+12:00,0.733,KWH,,1,actual
,2026-04-21 10:30:00+12:00,2026-04-21 11:00:00+12:00,0.729,KWH,,1,actual
,2026-04-21 10:30:00+12:00,2026-04-21 11:00:00+12:00,0,KWH,,2,actual
,2026-04-21 11:00:00+12:00,2026-04-21 11:30:00+12:00,0,KWH,,2,actual
,2026-04-21 11:00:00+12:00,2026-04-21 11:30:00+12:00,0.994,KWH,,1,actual
,2026-04-21 11:30:00+12:00,2026-04-21 12:00:00+12:00,0,KWH,,2,actual
,2026-04-21 11:30:00+12:00,2026-04-21 12:00:00+12:00,1.29,KWH,,1,actual
,2026-04-21 12:00:00+12:00,2026-04-21 12:30:00+12:00,0,KWH,,2,actual
,2026-04-21 12:00:00+12:00,2026-04-21 12:30:00+12:00,1.047,KWH,,1,actual
,2026-04-21 12:30:00+12:00,2026-04-21 13:00:00+12:00,0.366,KWH,,1,actual
,2026-04-21 12:30:00+12:00,2026-04-21 13:00:00+12:00,0,KWH,,2,actual
,2026-04-21 13:00:00+12:00,2026-04-21 13:30:00+12:00,0,KWH,,2,actual
,2026-04-21 13:00:00+12:00,2026-04-21 13:30:00+12:00,0.345,KWH,,1,actual
,2026-04-21 13:30:00+12:00,2026-04-21 14:00:00+12:00,0,KWH,,2,actual
,2026-04-21 13:30:00+12:00,2026-04-21 14:00:00+12:00,0.349,KWH,,1,actual
,2026-04-21 14:00:00+12:00,2026-04-21 14:30:00+12:00,0.33,KWH,,1,actual
,2026-04-21 14:00:00+12:00,2026-04-21 14:30:00+12:00,0,KWH,,2,actual
,2026-04-21 14:30:00+12:00,2026-04-21 15:00:00+12:00,0,KWH,,2,actual
,2026-04-21 14:30:00+12:00,2026-04-21 15:00:00+12:00,0.393,KWH,,1,actual
,2026-04-21 15:00:00+12:00,2026-04-21 15:30:00+12:00,0.372,KWH,,1,actual
,2026-04-21 15:00:00+12:00,2026-04-21 15:30:00+12:00,0.014,KWH,,2,actual
,2026-04-21 15:30:00+12:00,2026-04-21 16:00:00+12:00,0.324,KWH,,1,actual
,2026-04-21 15:30:00+12:00,2026-04-21 16:00:00+12:00,1.495,KWH,,2,actual
,2026-04-21 16:00:00+12:00,2026-04-21 16:30:00+12:00,0.171,KWH,,2,actual
,2026-04-21 16:00:00+12:00,2026-04-21 16:30:00+12:00,0.489,KWH,,1,actual
,2026-04-21 16:30:00+12:00,2026-04-21 17:00:00+12:00,0,KWH,,2,actual
,2026-04-21 16:30:00+12:00,2026-04-21 17:00:00+12:00,1.132,KWH,,1,actual
,2026-04-21 17:00:00+12:00,2026-04-21 17:30:00+12:00,1.347,KWH,,1,actual
,2026-04-21 17:00:00+12:00,2026-04-21 17:30:00+12:00,0,KWH,,2,actual
,2026-04-21 17:30:00+12:00,2026-04-21 18:00:00+12:00,0,KWH,,2,actual
,2026-04-21 17:30:00+12:00,2026-04-21 18:00:00+12:00,0.319,KWH,,1,actual
,2026-04-21 18:00:00+12:00,2026-04-21 18:30:00+12:00,0.244,KWH,,2,actual
,2026-04-21 18:00:00+12:00,2026-04-21 18:30:00+12:00,0.313,KWH,,1,actual
,2026-04-21 18:30:00+12:00,2026-04-21 19:00:00+12:00,0.298,KWH,,1,actual
,2026-04-21 18:30:00+12:00,2026-04-21 19:00:00+12:00,1.486,KWH,,2,actual
,2026-04-21 19:00:00+12:00,2026-04-21 19:30:00+12:00,0.303,KWH,,1,actual
,2026-04-21 19:00:00+12:00,2026-04-21 19:30:00+12:00,1.504,KWH,,2,actual
,2026-04-21 19:30:00+12:00,2026-04-21 20:00:00+12:00,0.348,KWH,,1,actual
,2026-04-21 19:30:00+12:00,2026-04-21 20:00:00+12:00,1.498,KWH,,2,actual
,2026-04-21 20:00:00+12:00,2026-04-21 20:30:00+12:00,0.369,KWH,,1,actual
,2026-04-21 20:00:00+12:00,2026-04-21 20:30:00+12:00,0.834,KWH,,2,actual
,2026-04-21 20:30:00+12:00,2026-04-21 21:00:00+12:00,0.399,KWH,,1,actual
,2026-04-21 20:30:00+12:00,2026-04-21 21:00:00+12:00,0,KWH,,2,actual
,2026-04-21 21:00:00+12:00,2026-04-21 21:30:00+12:00,0.423,KWH,,1,actual
,2026-04-21 21:00:00+12:00,2026-04-21 21:30:00+12:00,0,KWH,,2,actual
,2026-04-21 21:30:00+12:00,2026-04-21 22:00:00+12:00,0,KWH,,2,actual
,2026-04-21 21:30:00+12:00,2026-04-21 22:00:00+12:00,0.999,KWH,,1,actual
,2026-04-21 22:00:00+12:00,2026-04-21 22:30:00+12:00,0.335,KWH,,2,actual
,2026-04-21 22:00:00+12:00,2026-04-21 22:30:00+12:00,1.46,KWH,,1,actual
,2026-04-21 22:30:00+12:00,2026-04-21 23:00:00+12:00,1.498,KWH,,2,actual
,2026-04-21 22:30:00+12:00,2026-04-21 23:00:00+12:00,1.439,KWH,,1,actual
,2026-04-21 23:00:00+12:00,2026-04-21 23:30:00+12:00,0.964,KWH,,2,actual
,2026-04-21 23:00:00+12:00,2026-04-21 23:30:00+12:00,1.261,KWH,,1,actual
,2026-04-21 23:30:00+12:00,2026-04-22 00:00:00+12:00,0.697,KWH,,1,actual
,2026-04-21 23:30:00+12:00,2026-04-22 00:00:00+12:00,0,KWH,,2,actual
,2026-04-22 00:00:00+12:00,2026-04-22 00:30:00+12:00,0.689,KWH,,1,actual
,2026-04-22 00:00:00+12:00,2026-04-22 00:30:00+12:00,0,KWH,,2,actual
,2026-04-22 00:30:00+12:00,2026-04-22 01:00:00+12:00,0,KWH,,2,actual
,2026-04-22 00:30:00+12:00,2026-04-22 01:00:00+12:00,0.621,KWH,,1,actual
,2026-04-22 01:00:00+12:00,2026-04-22 01:30:00+12:00,0,KWH,,2,actual
,2026-04-22 01:00:00+12:00,2026-04-22 01:30:00+12:00,0.624,KWH,,1,actual
,2026-04-22 01:30:00+12:00,2026-04-22 02:00:00+12:00,0.631,KWH,,1,actual
,2026-04-22 01:30:00+12:00,2026-04-22 02:00:00+12:00,0,KWH,,2,actual
,2026-04-22 02:00:00+12:00,2026-04-22 02:30:00+12:00,0,KWH,,2,actual
,2026-04-22 02:00:00+12:00,2026-04-22 02:30:00+12:00,0.628,KWH,,1,actual
,2026-04-22 02:30:00+12:00,2026-04-22 03:00:00+12:00,0.721,KWH,,1,actual
,2026-04-22 02:30:00+12:00,2026-04-22 03:00:00+12:00,0,KWH,,2,actual
,2026-04-22 03:00:00+12:00,2026-04-22 03:30:00+12:00,0.768,KWH,,1,actual
,2026-04-22 03:00:00+12:00,2026-04-22 03:30:00+12:00,0,KWH,,2,actual
,2026-04-22 03:30:00+12:00,2026-04-22 04:00:00+12:00,0,KWH,,2,actual
,2026-04-22 03:30:00+12:00,2026-04-22 04:00:00+12:00,0.73,KWH,,1,actual
,2026-04-22 04:00:00+12:00,2026-04-22 04:30:00+12:00,0.764,KWH,,1,actual
,2026-04-22 04:00:00+12:00,2026-04-22 04:30:00+12:00,0,KWH,,2,actual
,2026-04-22 04:30:00+12:00,2026-04-22 05:00:00+12:00,0.405,KWH,,2,actual
,2026-04-22 04:30:00+12:00,2026-04-22 05:00:00+12:00,0.79,KWH,,1,actual
,2026-04-22 05:00:00+12:00,2026-04-22 05:30:00+12:00,1.035,KWH,,2,actual
,2026-04-22 05:00:00+12:00,2026-04-22 05:30:00+12:00,0.789,KWH,,1,actual
,2026-04-22 05:30:00+12:00,2026-04-22 06:00:00+12:00,0.843,KWH,,1,actual
,2026-04-22 05:30:00+12:00,2026-04-22 06:00:00+12:00,0,KWH,,2,actual
,2026-04-22 06:00:00+12:00,2026-04-22 06:30:00+12:00,0.834,KWH,,1,actual
,2026-04-22 06:00:00+12:00,2026-04-22 06:30:00+12:00,0,KWH,,2,actual
,2026-04-22 06:30:00+12:00,2026-04-22 07:00:00+12:00,0.881,KWH,,1,actual
,2026-04-22 06:30:00+12:00,2026-04-22 07:00:00+12:00,0,KWH,,2,actual
,2026-04-22 07:00:00+12:00,2026-04-22 07:30:00+12:00,0,KWH,,2,actual
,2026-04-22 07:00:00+12:00,2026-04-22 07:30:00+12:00,0.766,KWH,,1,actual
,2026-04-22 07:30:00+12:00,2026-04-22 08:00:00+12:00,0,KWH,,2,actual
,2026-04-22 07:30:00+12:00,2026-04-22 08:00:00+12:00,1.24,KWH,,1,actual
,2026-04-22 08:00:00+12:00,2026-04-22 08:30:00+12:00,0,KWH,,2,actual
,2026-04-22 08:00:00+12:00,2026-04-22 08:30:00+12:00,0.939,KWH,,1,actual
,2026-04-22 08:30:00+12:00,2026-04-22 09:00:00+12:00,0.701,KWH,,1,actual
,2026-04-22 08:30:00+12:00,2026-04-22 09:00:00+12:00,0,KWH,,2,actual
,2026-04-22 09:00:00+12:00,2026-04-22 09:30:00+12:00,0.759,KWH,,1,actual
,2026-04-22 09:00:00+12:00,2026-04-22 09:30:00+12:00,0,KWH,,2,actual
,2026-04-22 09:30:00+12:00,2026-04-22 10:00:00+12:00,0.693,KWH,,1,actual
,2026-04-22 09:30:00+12:00,2026-04-22 10:00:00+12:00,0,KWH,,2,actual
,2026-04-22 10:00:00+12:00,2026-04-22 10:30:00+12:00,0,KWH,,2,actual
,2026-04-22 10:00:00+12:00,2026-04-22 10:30:00+12:00,0.698,KWH,,1,actual
,2026-04-22 10:30:00+12:00,2026-04-22 11:00:00+12:00,0.701,KWH,,1,actual
,2026-04-22 10:30:00+12:00,2026-04-22 11:00:00+12:00,0,KWH,,2,actual
,2026-04-22 11:00:00+12:00,2026-04-22 11:30:00+12:00,0,KWH,,2,actual
,2026-04-22 11:00:00+12:00,2026-04-22 11:30:00+12:00,0.616,KWH,,1,actual
,2026-04-22 11:30:00+12:00,2026-04-22 12:00:00+12:00,0,KWH,,2,actual
,2026-04-22 11:30:00+12:00,2026-04-22 12:00:00+12:00,0.575,KWH,,1,actual
,2026-04-22 12:00:00+12:00,2026-04-22 12:30:00+12:00,0.606,KWH,,1,actual
,2026-04-22 12:00:00+12:00,2026-04-22 12:30:00+12:00,0,KWH,,2,actual
,2026-04-22 12:30:00+12:00,2026-04-22 13:00:00+12:00,1.221,KWH,,2,actual
,2026-04-22 12:30:00+12:00,2026-04-22 13:00:00+12:00,0.671,KWH,,1,actual
,2026-04-22 13:00:00+12:00,2026-04-22 13:30:00+12:00,0.979,KWH,,1,actual
,2026-04-22 13:00:00+12:00,2026-04-22 13:30:00+12:00,0.29,KWH,,2,actual
,2026-04-22 13:30:00+12:00,2026-04-22 14:00:00+12:00,1.106,KWH,,1,actual
,2026-04-22 13:30:00+12:00,2026-04-22 14:00:00+12:00,0,KWH,,2,actual
,2026-04-22 14:00:00+12:00,2026-04-22 14:30:00+12:00,0,KWH,,2,actual
,2026-04-22 14:00:00+12:00,2026-04-22 14:30:00+12:00,1.665,KWH,,1,actual
,2026-04-22 14:30:00+12:00,2026-04-22 15:00:00+12:00,1.059,KWH,,1,actual
,2026-04-22 14:30:00+12:00,2026-04-22 15:00:00+12:00,0,KWH,,2,actual
,2026-04-22 15:00:00+12:00,2026-04-22 15:30:00+12:00,0.315,KWH,,2,actual
,2026-04-22 15:00:00+12:00,2026-04-22 15:30:00+12:00,1.031,KWH,,1,actual
,2026-04-22 15:30:00+12:00,2026-04-22 16:00:00+12:00,1.097,KWH,,2,actual
,2026-04-22 15:30:00+12:00,2026-04-22 16:00:00+12:00,0.777,KWH,,1,actual
,2026-04-22 16:00:00+12:00,2026-04-22 16:30:00+12:00,0.502,KWH,,1,actual
,2026-04-22 16:00:00+12:00,2026-04-22 16:30:00+12:00,0,KWH,,2,actual
,2026-04-22 16:30:00+12:00,2026-04-22 17:00:00+12:00,0.911,KWH,,1,actual
,2026-04-22 16:30:00+12:00,2026-04-22 17:00:00+12:00,0,KWH,,2,actual
,2026-04-22 17:00:00+12:00,2026-04-22 17:30:00+12:00,0,KWH,,2,actual
,2026-04-22 17:00:00+12:00,2026-04-22 17:30:00+12:00,1.301,KWH,,1,actual
,2026-04-22 17:30:00+12:00,2026-04-22 18:00:00+12:00,0.772,KWH,,1,actual
,2026-04-22 17:30:00+12:00,2026-04-22 18:00:00+12:00,0,KWH,,2,actual
,2026-04-22 18:00:00+12:00,2026-04-22 18:30:00+12:00,0.332,KWH,,1,actual
,2026-04-22 18:00:00+12:00,2026-04-22 18:30:00+12:00,0,KWH,,2,actual
,2026-04-22 18:30:00+12:00,2026-04-22 19:00:00+12:00,0.998,KWH,,2,actual
,2026-04-22 18:30:00+12:00,2026-04-22 19:00:00+12:00,0.274,KWH,,1,actual
,2026-04-22 19:00:00+12:00,2026-04-22 19:30:00+12:00,1.521,KWH,,2,actual
,2026-04-22 19:00:00+12:00,2026-04-22 19:30:00+12:00,0.639,KWH,,1,actual
,2026-04-22 19:30:00+12:00,2026-04-22 20:00:00+12:00,1.504,KWH,,2,actual
,2026-04-22 19:30:00+12:00,2026-04-22 20:00:00+12:00,1.269,KWH,,1,actual
,2026-04-22 20:00:00+12:00,2026-04-22 20:30:00+12:00,1.059,KWH,,2,actual
,2026-04-22 20:00:00+12:00,2026-04-22 20:30:00+12:00,0.772,KWH,,1,actual
,2026-04-22 20:30:00+12:00,2026-04-22 21:00:00+12:00,0,KWH,,2,actual
,2026-04-22 20:30:00+12:00,2026-04-22 21:00:00+12:00,1.495,KWH,,1,actual
,2026-04-22 21:00:00+12:00,2026-04-22 21:30:00+12:00,0,KWH,,2,actual
,2026-04-22 21:00:00+12:00,2026-04-22 21:30:00+12:00,3.264,KWH,,1,actual
,2026-04-22 21:30:00+12:00,2026-04-22 22:00:00+12:00,2.892,KWH,,1,actual
,2026-04-22 21:30:00+12:00,2026-04-22 22:00:00+12:00,0,KWH,,2,actual
,2026-04-22 22:00:00+12:00,2026-04-22 22:30:00+12:00,2.889,KWH,,1,actual
,2026-04-22 22:00:00+12:00,2026-04-22 22:30:00+12:00,0,KWH,,2,actual
,2026-04-22 22:30:00+12:00,2026-04-22 23:00:00+12:00,2.671,KWH,,1,actual
,2026-04-22 22:30:00+12:00,2026-04-22 23:00:00+12:00,0.139,KWH,,2,actual
,2026-04-22 23:00:00+12:00,2026-04-22 23:30:00+12:00,2.283,KWH,,1,actual
,2026-04-22 23:00:00+12:00,2026-04-22 23:30:00+12:00,1.478,KWH,,2,actual
,2026-04-22 23:30:00+12:00,2026-04-23 00:00:00+12:00,0.01,KWH,,2,actual
,2026-04-22 23:30:00+12:00,2026-04-23 00:00:00+12:00,1.931,KWH,,1,actual
,2026-04-23 00:00:00+12:00,2026-04-23 00:30:00+12:00,0,KWH,,2,actual
,2026-04-23 00:00:00+12:00,2026-04-23 00:30:00+12:00,0.96,KWH,,1,actual
,2026-04-23 00:30:00+12:00,2026-04-23 01:00:00+12:00,0.557,KWH,,1,actual
,2026-04-23 00:30:00+12:00,2026-04-23 01:00:00+12:00,0,KWH,,2,actual
,2026-04-23 01:00:00+12:00,2026-04-23 01:30:00+12:00,0.291,KWH,,1,actual
,2026-04-23 01:00:00+12:00,2026-04-23 01:30:00+12:00,0,KWH,,2,actual
,2026-04-23 01:30:00+12:00,2026-04-23 02:00:00+12:00,0,KWH,,2,actual
,2026-04-23 01:30:00+12:00,2026-04-23 02:00:00+12:00,0.278,KWH,,1,actual
,2026-04-23 02:00:00+12:00,2026-04-23 02:30:00+12:00,0.288,KWH,,1,actual
,2026-04-23 02:00:00+12:00,2026-04-23 02:30:00+12:00,0,KWH,,2,actual
,2026-04-23 02:30:00+12:00,2026-04-23 03:00:00+12:00,0,KWH,,2,actual
,2026-04-23 02:30:00+12:00,2026-04-23 03:00:00+12:00,0.287,KWH,,1,actual
,2026-04-23 03:00:00+12:00,2026-04-23 03:30:00+12:00,0,KWH,,2,actual
,2026-04-23 03:00:00+12:00,2026-04-23 03:30:00+12:00,0.317,KWH,,1,actual
,2026-04-23 03:30:00+12:00,2026-04-23 04:00:00+12:00,0.305,KWH,,1,actual
,2026-04-23 03:30:00+12:00,2026-04-23 04:00:00+12:00,0,KWH,,2,actual
,2026-04-23 04:00:00+12:00,2026-04-23 04:30:00+12:00,0,KWH,,2,actual
,2026-04-23 04:00:00+12:00,2026-04-23 04:30:00+12:00,0.35,KWH,,1,actual
,2026-04-23 04:30:00+12:00,2026-04-23 05:00:00+12:00,0.366,KWH,,1,actual
,2026-04-23 04:30:00+12:00,2026-04-23 05:00:00+12:00,0.934,KWH,,2,actual
,2026-04-23 05:00:00+12:00,2026-04-23 05:30:00+12:00,0.371,KWH,,1,actual
,2026-04-23 05:00:00+12:00,2026-04-23 05:30:00+12:00,0.536,KWH,,2,actual
,2026-04-23 05:30:00+12:00,2026-04-23 06:00:00+12:00,0,KWH,,2,actual
,2026-04-23 05:30:00+12:00,2026-04-23 06:00:00+12:00,0.335,KWH,,1,actual
,2026-04-23 06:00:00+12:00,2026-04-23 06:30:00+12:00,0,KWH,,2,actual
,2026-04-23 06:00:00+12:00,2026-04-23 06:30:00+12:00,0.43,KWH,,1,actual
,2026-04-23 06:30:00+12:00,2026-04-23 07:00:00+12:00,0,KWH,,2,actual
,2026-04-23 06:30:00+12:00,2026-04-23 07:00:00+12:00,0.352,KWH,,1,actual
,2026-04-23 07:00:00+12:00,2026-04-23 07:30:00+12:00,0.384,KWH,,1,actual
,2026-04-23 07:00:00+12:00,2026-04-23 07:30:00+12:00,0,KWH,,2,actual
,2026-04-23 07:30:00+12:00,2026-04-23 08:00:00+12:00,0.4,KWH,,1,actual
,2026-04-23 07:30:00+12:00,2026-04-23 08:00:00+12:00,0,KWH,,2,actual
,2026-04-23 08:00:00+12:00,2026-04-23 08:30:00+12:00,0.447,KWH,,1,actual
,2026-04-23 08:00:00+12:00,2026-04-23 08:30:00+12:00,0,KWH,,2,actual
,2026-04-23 08:30:00+12:00,2026-04-23 09:00:00+12:00,0,KWH,,2,actual
,2026-04-23 08:30:00+12:00,2026-04-23 09:00:00+12:00,0.408,KWH,,1,actual
,2026-04-23 09:00:00+12:00,2026-04-23 09:30:00+12:00,0,KWH,,2,actual
,2026-04-23 09:00:00+12:00,2026-04-23 09:30:00+12:00,0.309,KWH,,1,actual
,2026-04-23 09:30:00+12:00,2026-04-23 10:00:00+12:00,0,KWH,,2,actual
,2026-04-23 09:30:00+12:00,2026-04-23 10:00:00+12:00,0.298,KWH,,1,actual
,2026-04-23 10:00:00+12:00,2026-04-23 10:30:00+12:00,0.291,KWH,,1,actual
,2026-04-23 10:00:00+12:00,2026-04-23 10:30:00+12:00,0,KWH,,2,actual
,2026-04-23 10:30:00+12:00,2026-04-23 11:00:00+12:00,0,KWH,,2,actual
,2026-04-23 10:30:00+12:00,2026-04-23 11:00:00+12:00,0.227,KWH,,1,actual
,2026-04-23 11:00:00+12:00,2026-04-23 11:30:00+12:00,0.193,KWH,,1,actual
,2026-04-23 11:00:00+12:00,2026-04-23 11:30:00+12:00,0,KWH,,2,actual
,2026-04-23 11:30:00+12:00,2026-04-23 12:00:00+12:00,0.112,KWH,,1,actual
,2026-04-23 11:30:00+12:00,2026-04-23 12:00:00+12:00,0,KWH,,2,actual
,2026-04-23 12:00:00+12:00,2026-04-23 12:30:00+12:00,0.128,KWH,,1,actual
,2026-04-23 12:00:00+12:00,2026-04-23 12:30:00+12:00,0.094,KWH,,2,actual
,2026-04-23 12:30:00+12:00,2026-04-23 13:00:00+12:00,1.301,KWH,,2,actual
,2026-04-23 12:30:00+12:00,2026-04-23 13:00:00+12:00,0.175,KWH,,1,actual
,2026-04-23 13:00:00+12:00,2026-04-23 13:30:00+12:00,0.197,KWH,,1,actual
,2026-04-23 13:00:00+12:00,2026-04-23 13:30:00+12:00,0,KWH,,2,actual
,2026-04-23 13:30:00+12:00,2026-04-23 14:00:00+12:00,0.161,KWH,,1,actual
,2026-04-23 13:30:00+12:00,2026-04-23 14:00:00+12:00,0,KWH,,2,actual
,2026-04-23 14:00:00+12:00,2026-04-23 14:30:00+12:00,0,KWH,,2,actual
,2026-04-23 14:00:00+12:00,2026-04-23 14:30:00+12:00,0.182,KWH,,1,actual
,2026-04-23 14:30:00+12:00,2026-04-23 15:00:00+12:00,0.132,KWH,,1,actual
,2026-04-23 14:30:00+12:00,2026-04-23 15:00:00+12:00,0,KWH,,2,actual
,2026-04-23 15:00:00+12:00,2026-04-23 15:30:00+12:00,0,KWH,,2,actual
,2026-04-23 15:00:00+12:00,2026-04-23 15:30:00+12:00,0.365,KWH,,1,actual
,2026-04-23 15:30:00+12:00,2026-04-23 16:00:00+12:00,0.114,KWH,,2,actual
,2026-04-23 15:30:00+12:00,2026-04-23 16:00:00+12:00,0.212,KWH,,1,actual
,2026-04-23 16:00:00+12:00,2026-04-23 16:30:00+12:00,0.186,KWH,,1,actual
,2026-04-23 16:00:00+12:00,2026-04-23 16:30:00+12:00,1.335,KWH,,2,actual
,2026-04-23 16:30:00+12:00,2026-04-23 17:00:00+12:00,0.209,KWH,,1,actual
,2026-04-23 16:30:00+12:00,2026-04-23 17:00:00+12:00,0,KWH,,2,actual
,2026-04-23 17:00:00+12:00,2026-04-23 17:30:00+12:00,0,KWH,,2,actual
,2026-04-23 17:00:00+12:00,2026-04-23 17:30:00+12:00,0.176,KWH,,1,actual
,2026-04-23 17:30:00+12:00,2026-04-23 18:00:00+12:00,0.184,KWH,,1,actual
,2026-04-23 17:30:00+12:00,2026-04-23 18:00:00+12:00,0,KWH,,2,actual
,2026-04-23 18:00:00+12:00,2026-04-23 18:30:00+12:00,0.253,KWH,,1,actual
,2026-04-23 18:00:00+12:00,2026-04-23 18:30:00+12:00,0,KWH,,2,actual
,2026-04-23 18:30:00+12:00,2026-04-23 19:00:00+12:00,0,KWH,,2,actual
,2026-04-23 18:30:00+12:00,2026-04-23 19:00:00+12:00,0.322,KWH,,1,actual
,2026-04-23 19:00:00+12:00,2026-04-23 19:30:00+12:00,0,KWH,,2,actual
,2026-04-23 19:00:00+12:00,2026-04-23 19:30:00+12:00,0.924,KWH,,1,actual
,2026-04-23 19:30:00+12:00,2026-04-23 20:00:00+12:00,0,KWH,,2,actual
,2026-04-23 19:30:00+12:00,2026-04-23 20:00:00+12:00,0.761,KWH,,1,actual
,2026-04-23 20:00:00+12:00,2026-04-23 20:30:00+12:00,0,KWH,,2,actual
,2026-04-23 20:00:00+12:00,2026-04-23 20:30:00+12:00,0.772,KWH,,1,actual
,2026-04-23 20:30:00+12:00,2026-04-23 21:00:00+12:00,0,KWH,,2,actual
,2026-04-23 20:30:00+12:00,2026-04-23 21:00:00+12:00,0.828,KWH,,1,actual
,2026-04-23 21:00:00+12:00,2026-04-23 21:30:00+12:00,0,KWH,,2,actual
,2026-04-23 21:00:00+12:00,2026-04-23 21:30:00+12:00,0.92,KWH,,1,actual
,2026-04-23 21:30:00+12:00,2026-04-23 22:00:00+12:00,0.902,KWH,,1,actual
,2026-04-23 21:30:00+12:00,2026-04-23 22:00:00+12:00,0.068,KWH,,2,actual
,2026-04-23 22:00:00+12:00,2026-04-23 22:30:00+12:00,0.95,KWH,,1,actual
,2026-04-23 22:00:00+12:00,2026-04-23 22:30:00+12:00,1.474,KWH,,2,actual
,2026-04-23 22:30:00+12:00,2026-04-23 23:00:00+12:00,0.987,KWH,,1,actual
,2026-04-23 22:30:00+12:00,2026-04-23 23:00:00+12:00,0,KWH,,2,actual
,2026-04-23 23:00:00+12:00,2026-04-23 23:30:00+12:00,1.549,KWH,,1,actual
,2026-04-23 23:00:00+12:00,2026-04-23 23:30:00+12:00,0.887,KWH,,2,actual
,2026-04-23 23:30:00+12:00,2026-04-24 00:00:00+12:00,1.515,KWH,,2,actual
,2026-04-23 23:30:00+12:00,2026-04-24 00:00:00+12:00,1.39,KWH,,1,actual
,2026-04-24 00:00:00+12:00,2026-04-24 00:30:00+12:00,1.501,KWH,,2,actual
,2026-04-24 00:00:00+12:00,2026-04-24 00:30:00+12:00,0.692,KWH,,1,actual
,2026-04-24 00:30:00+12:00,2026-04-24 01:00:00+12:00,0.714,KWH,,1,actual
,2026-04-24 00:30:00+12:00,2026-04-24 01:00:00+12:00,1.525,KWH,,2,actual
,2026-04-24 01:00:00+12:00,2026-04-24 01:30:00+12:00,0.767,KWH,,1,actual
,2026-04-24 01:00:00+12:00,2026-04-24 01:30:00+12:00,1.509,KWH,,2,actual
,2026-04-24 01:30:00+12:00,2026-04-24 02:00:00+12:00,0.052,KWH,,2,actual
,2026-04-24 01:30:00+12:00,2026-04-24 02:00:00+12:00,0.803,KWH,,1,actual
,2026-04-24 02:00:00+12:00,2026-04-24 02:30:00+12:00,0.817,KWH,,1,actual
,2026-04-24 02:00:00+12:00,2026-04-24 02:30:00+12:00,0,KWH,,2,actual
,2026-04-24 02:30:00+12:00,2026-04-24 03:00:00+12:00,0,KWH,,2,actual
,2026-04-24 02:30:00+12:00,2026-04-24 03:00:00+12:00,0.892,KWH,,1,actual
,2026-04-24 03:00:00+12:00,2026-04-24 03:30:00+12:00,0,KWH,,2,actual
,2026-04-24 03:00:00+12:00,2026-04-24 03:30:00+12:00,0.978,KWH,,1,actual
,2026-04-24 03:30:00+12:00,2026-04-24 04:00:00+12:00,0.939,KWH,,1,actual
,2026-04-24 03:30:00+12:00,2026-04-24 04:00:00+12:00,0,KWH,,2,actual
,2026-04-24 04:00:00+12:00,2026-04-24 04:30:00+12:00,0,KWH,,2,actual
,2026-04-24 04:00:00+12:00,2026-04-24 04:30:00+12:00,1.011,KWH,,1,actual
,2026-04-24 04:30:00+12:00,2026-04-24 05:00:00+12:00,1.048,KWH,,1,actual
,2026-04-24 04:30:00+12:00,2026-04-24 05:00:00+12:00,0,KWH,,2,actual
,2026-04-24 05:00:00+12:00,2026-04-24 05:30:00+12:00,1.083,KWH,,1,actual
,2026-04-24 05:00:00+12:00,2026-04-24 05:30:00+12:00,0,KWH,,2,actual
,2026-04-24 05:30:00+12:00,2026-04-24 06:00:00+12:00,0,KWH,,2,actual
,2026-04-24 05:30:00+12:00,2026-04-24 06:00:00+12:00,1.095,KWH,,1,actual
,2026-04-24 06:00:00+12:00,2026-04-24 06:30:00+12:00,0,KWH,,2,actual
,2026-04-24 06:00:00+12:00,2026-04-24 06:30:00+12:00,1.18,KWH,,1,actual
,2026-04-24 06:30:00+12:00,2026-04-24 07:00:00+12:00,0,KWH,,2,actual
,2026-04-24 06:30:00+12:00,2026-04-24 07:00:00+12:00,1.136,KWH,,1,actual
,2026-04-24 07:00:00+12:00,2026-04-24 07:30:00+12:00,1.258,KWH,,1,actual
,2026-04-24 07:00:00+12:00,2026-04-24 07:30:00+12:00,0,KWH,,2,actual
,2026-04-24 07:30:00+12:00,2026-04-24 08:00:00+12:00,1.587,KWH,,1,actual
,2026-04-24 07:30:00+12:00,2026-04-24 08:00:00+12:00,1.022,KWH,,2,actual
,2026-04-24 08:00:00+12:00,2026-04-24 08:30:00+12:00,1.654,KWH,,1,actual
,2026-04-24 08:00:00+12:00,2026-04-24 08:30:00+12:00,1.455,KWH,,2,actual
,2026-04-24 08:30:00+12:00,2026-04-24 09:00:00+12:00,1.093,KWH,,2,actual
,2026-04-24 08:30:00+12:00,2026-04-24 09:00:00+12:00,1.783,KWH,,1,actual
,2026-04-24 09:00:00+12:00,2026-04-24 09:30:00+12:00,0,KWH,,2,actual
,2026-04-24 09:00:00+12:00,2026-04-24 09:30:00+12:00,1.679,KWH,,1,actual
,2026-04-24 09:30:00+12:00,2026-04-24 10:00:00+12:00,0,KWH,,2,actual
,2026-04-24 09:30:00+12:00,2026-04-24 10:00:00+12:00,1.503,KWH,,1,actual
,2026-04-24 10:00:00+12:00,2026-04-24 10:30:00+12:00,1.081,KWH,,1,actual
,2026-04-24 10:00:00+12:00,2026-04-24 10:30:00+12:00,0,KWH,,2,actual
,2026-04-24 10:30:00+12:00,2026-04-24 11:00:00+12:00,0,KWH,,2,actual
,2026-04-24 10:30:00+12:00,2026-04-24 11:00:00+12:00,1.023,KWH,,1,actual
,2026-04-24 11:00:00+12:00,2026-04-24 11:30:00+12:00,0.925,KWH,,1,actual
,2026-04-24 11:00:00+12:00,2026-04-24 11:30:00+12:00,0,KWH,,2,actual
,2026-04-24 11:30:00+12:00,2026-04-24 12:00:00+12:00,0.871,KWH,,1,actual
,2026-04-24 11:30:00+12:00,2026-04-24 12:00:00+12:00,0,KWH,,2,actual
,2026-04-24 12:00:00+12:00,2026-04-24 12:30:00+12:00,0,KWH,,2,actual
,2026-04-24 12:00:00+12:00,2026-04-24 12:30:00+12:00,0.605,KWH,,1,actual
,2026-04-24 12:30:00+12:00,2026-04-24 13:00:00+12:00,0.455,KWH,,1,actual
,2026-04-24 12:30:00+12:00,2026-04-24 13:00:00+12:00,0,KWH,,2,actual
,2026-04-24 13:00:00+12:00,2026-04-24 13:30:00+12:00,0,KWH,,2,actual
,2026-04-24 13:00:00+12:00,2026-04-24 13:30:00+12:00,0.539,KWH,,1,actual
,2026-04-24 13:30:00+12:00,2026-04-24 14:00:00+12:00,0,KWH,,2,actual
,2026-04-24 13:30:00+12:00,2026-04-24 14:00:00+12:00,0.324,KWH,,1,actual
,2026-04-24 14:00:00+12:00,2026-04-24 14:30:00+12:00,0.388,KWH,,1,actual
,2026-04-24 14:00:00+12:00,2026-04-24 14:30:00+12:00,0,KWH,,2,actual
,2026-04-24 14:30:00+12:00,2026-04-24 15:00:00+12:00,0,KWH,,2,actual
,2026-04-24 14:30:00+12:00,2026-04-24 15:00:00+12:00,0.453,KWH,,1,actual
,2026-04-24 15:00:00+12:00,2026-04-24 15:30:00+12:00,0.323,KWH,,1,actual
,2026-04-24 15:00:00+12:00,2026-04-24 15:30:00+12:00,0,KWH,,2,actual
,2026-04-24 15:30:00+12:00,2026-04-24 16:00:00+12:00,0.704,KWH,,1,actual
,2026-04-24 15:30:00+12:00,2026-04-24 16:00:00+12:00,1.339,KWH,,2,actual
,2026-04-24 16:00:00+12:00,2026-04-24 16:30:00+12:00,0.431,KWH,,2,actual
,2026-04-24 16:00:00+12:00,2026-04-24 16:30:00+12:00,0.851,KWH,,1,actual
,2026-04-24 16:30:00+12:00,2026-04-24 17:00:00+12:00,0,KWH,,2,actual
,2026-04-24 16:30:00+12:00,2026-04-24 17:00:00+12:00,1.046,KWH,,1,actual
,2026-04-24 17:00:00+12:00,2026-04-24 17:30:00+12:00,1.791,KWH,,1,actual
,2026-04-24 17:00:00+12:00,2026-04-24 17:30:00+12:00,0,KWH,,2,actual
,2026-04-24 17:30:00+12:00,2026-04-24 18:00:00+12:00,0,KWH,,2,actual
,2026-04-24 17:30:00+12:00,2026-04-24 18:00:00+12:00,0.759,KWH,,1,actual
,2026-04-24 18:00:00+12:00,2026-04-24 18:30:00+12:00,0,KWH,,2,actual
,2026-04-24 18:00:00+12:00,2026-04-24 18:30:00+12:00,0.21,KWH,,1,actual
,2026-04-24 18:30:00+12:00,2026-04-24 19:00:00+12:00,1.065,KWH,,1,actual
,2026-04-24 18:30:00+12:00,2026-04-24 19:00:00+12:00,0.982,KWH,,2,actual
,2026-04-24 19:00:00+12:00,2026-04-24 19:30:00+12:00,0.966,KWH,,1,actual
,2026-04-24 19:00:00+12:00,2026-04-24 19:30:00+12:00,1.489,KWH,,2,actual
,2026-04-24 19:30:00+12:00,2026-04-24 20:00:00+12:00,0.221,KWH,,1,actual
,2026-04-24 19:30:00+12:00,2026-04-24 20:00:00+12:00,1.498,KWH,,2,actual
,2026-04-24 20:00:00+12:00,2026-04-24 20:30:00+12:00,0.247,KWH,,1,actual
,2026-04-24 20:00:00+12:00,2026-04-24 20:30:00+12:00,1.525,KWH,,2,actual
,2026-04-24 20:30:00+12:00,2026-04-24 21:00:00+12:00,0.305,KWH,,1,actual
,2026-04-24 20:30:00+12:00,2026-04-24 21:00:00+12:00,0.317,KWH,,2,actual
,2026-04-24 21:00:00+12:00,2026-04-24 21:30:00+12:00,0.278,KWH,,1,actual
,2026-04-24 21:00:00+12:00,2026-04-24 21:30:00+12:00,0,KWH,,2,actual
,2026-04-24 21:30:00+12:00,2026-04-24 22:00:00+12:00,0,KWH,,2,actual
,2026-04-24 21:30:00+12:00,2026-04-24 22:00:00+12:00,0.202,KWH,,1,actual
,2026-04-24 22:00:00+12:00,2026-04-24 22:30:00+12:00,0,KWH,,2,actual
,2026-04-24 22:00:00+12:00,2026-04-24 22:30:00+12:00,0.171,KWH,,1,actual
,2026-04-24 22:30:00+12:00,2026-04-24 23:00:00+12:00,0,KWH,,2,actual
,2026-04-24 22:30:00+12:00,2026-04-24 23:00:00+12:00,0.183,KWH,,1,actual
,2026-04-24 23:00:00+12:00,2026-04-24 23:30:00+12:00,1.105,KWH,,2,actual
,2026-04-24 23:00:00+12:00,2026-04-24 23:30:00+12:00,0.428,KWH,,1,actual
,2026-04-24 23:30:00+12:00,2026-04-25 00:00:00+12:00,0.569,KWH,,1,actual
,2026-04-24 23:30:00+12:00,2026-04-25 00:00:00+12:00,1.513,KWH,,2,actual
,2026-04-25 00:00:00+12:00,2026-04-25 00:30:00+12:00,0.263,KWH,,1,actual
,2026-04-25 00:00:00+12:00,2026-04-25 00:30:00+12:00,0.164,KWH,,2,actual
,2026-04-25 00:30:00+12:00,2026-04-25 01:00:00+12:00,0,KWH,,2,actual
,2026-04-25 00:30:00+12:00,2026-04-25 01:00:00+12:00,1.015,KWH,,1,actual
,2026-04-25 01:00:00+12:00,2026-04-25 01:30:00+12:00,0,KWH,,2,actual
,2026-04-25 01:00:00+12:00,2026-04-25 01:30:00+12:00,0.203,KWH,,1,actual
,2026-04-25 01:30:00+12:00,2026-04-25 02:00:00+12:00,0.22,KWH,,1,actual
,2026-04-25 01:30:00+12:00,2026-04-25 02:00:00+12:00,0,KWH,,2,actual
,2026-04-25 02:00:00+12:00,2026-04-25 02:30:00+12:00,0,KWH,,2,actual
,2026-04-25 02:00:00+12:00,2026-04-25 02:30:00+12:00,0.242,KWH,,1,actual
,2026-04-25 02:30:00+12:00,2026-04-25 03:00:00+12:00,0.188,KWH,,1,actual
,2026-04-25 02:30:00+12:00,2026-04-25 03:00:00+12:00,0,KWH,,2,actual
,2026-04-25 03:00:00+12:00,2026-04-25 03:30:00+12:00,0.24,KWH,,1,actual
,2026-04-25 03:00:00+12:00,2026-04-25 03:30:00+12:00,0,KWH,,2,actual
,2026-04-25 03:30:00+12:00,2026-04-25 04:00:00+12:00,0,KWH,,2,actual
,2026-04-25 03:30:00+12:00,2026-04-25 04:00:00+12:00,0.292,KWH,,1,actual
,2026-04-25 04:00:00+12:00,2026-04-25 04:30:00+12:00,0.252,KWH,,1,actual
,2026-04-25 04:00:00+12:00,2026-04-25 04:30:00+12:00,0.233,KWH,,2,actual
,2026-04-25 04:30:00+12:00,2026-04-25 05:00:00+12:00,1.116,KWH,,2,actual
,2026-04-25 04:30:00+12:00,2026-04-25 05:00:00+12:00,0.271,KWH,,1,actual
,2026-04-25 05:00:00+12:00,2026-04-25 05:30:00+12:00,0,KWH,,2,actual
,2026-04-25 05:00:00+12:00,2026-04-25 05:30:00+12:00,0.274,KWH,,1,actual
,2026-04-25 05:30:00+12:00,2026-04-25 06:00:00+12:00,0.276,KWH,,1,actual
,2026-04-25 05:30:00+12:00,2026-04-25 06:00:00+12:00,0,KWH,,2,actual
,2026-04-25 06:00:00+12:00,2026-04-25 06:30:00+12:00,0.351,KWH,,1,actual
,2026-04-25 06:00:00+12:00,2026-04-25 06:30:00+12:00,0,KWH,,2,actual
,2026-04-25 06:30:00+12:00,2026-04-25 07:00:00+12:00,0.309,KWH,,1,actual
,2026-04-25 06:30:00+12:00,2026-04-25 07:00:00+12:00,0,KWH,,2,actual
,2026-04-25 07:00:00+12:00,2026-04-25 07:30:00+12:00,0,KWH,,2,actual
,2026-04-25 07:00:00+12:00,2026-04-25 07:30:00+12:00,0.277,KWH,,1,actual
,2026-04-25 07:30:00+12:00,2026-04-25 08:00:00+12:00,0,KWH,,2,actual
,2026-04-25 07:30:00+12:00,2026-04-25 08:00:00+12:00,0.263,KWH,,1,actual
,2026-04-25 08:00:00+12:00,2026-04-25 08:30:00+12:00,0,KWH,,2,actual
,2026-04-25 08:00:00+12:00,2026-04-25 08:30:00+12:00,0.277,KWH,,1,actual
,2026-04-25 08:30:00+12:00,2026-04-25 09:00:00+12:00,0.29,KWH,,1,actual
,2026-04-25 08:30:00+12:00,2026-04-25 09:00:00+12:00,0.081,KWH,,2,actual
,2026-04-25 09:00:00+12:00,2026-04-25 09:30:00+12:00,0.323,KWH,,1,actual
,2026-04-25 09:00:00+12:00,2026-04-25 09:30:00+12:00,1.488,KWH,,2,actual
,2026-04-25 09:30:00+12:00,2026-04-25 10:00:00+12:00,0.568,KWH,,1,actual
,2026-04-25 09:30:00+12:00,2026-04-25 10:00:00+12:00,1.468,KWH,,2,actual
,2026-04-25 10:00:00+12:00,2026-04-25 10:30:00+12:00,1.493,KWH,,2,actual
,2026-04-25 10:00:00+12:00,2026-04-25 10:30:00+12:00,0.259,KWH,,1,actual
,2026-04-25 10:30:00+12:00,2026-04-25 11:00:00+12:00,0.358,KWH,,1,actual
,2026-04-25 10:30:00+12:00,2026-04-25 11:00:00+12:00,1.496,KWH,,2,actual
,2026-04-25 11:00:00+12:00,2026-04-25 11:30:00+12:00,1.491,KWH,,2,actual
,2026-04-25 11:00:00+12:00,2026-04-25 11:30:00+12:00,0.411,KWH,,1,actual
,2026-04-25 11:30:00+12:00,2026-04-25 12:00:00+12:00,1.474,KWH,,2,actual
,2026-04-25 11:30:00+12:00,2026-04-25 12:00:00+12:00,1.636,KWH,,1,actual
,2026-04-25 12:00:00+12:00,2026-04-25 12:30:00+12:00,1.608,KWH,,1,actual
,2026-04-25 12:00:00+12:00,2026-04-25 12:30:00+12:00,1.461,KWH,,2,actual
,2026-04-25 12:30:00+12:00,2026-04-25 13:00:00+12:00,1.477,KWH,,2,actual
,2026-04-25 12:30:00+12:00,2026-04-25 13:00:00+12:00,1.538,KWH,,1,actual
,2026-04-25 13:00:00+12:00,2026-04-25 13:30:00+12:00,1.586,KWH,,1,actual
,2026-04-25 13:00:00+12:00,2026-04-25 13:30:00+12:00,1.485,KWH,,2,actual
,2026-04-25 13:30:00+12:00,2026-04-25 14:00:00+12:00,0.243,KWH,,1,actual
,2026-04-25 13:30:00+12:00,2026-04-25 14:00:00+12:00,1.029,KWH,,2,actual
,2026-04-25 14:00:00+12:00,2026-04-25 14:30:00+12:00,0,KWH,,2,actual
,2026-04-25 14:00:00+12:00,2026-04-25 14:30:00+12:00,0.683,KWH,,1,actual
,2026-04-25 14:30:00+12:00,2026-04-25 15:00:00+12:00,0.454,KWH,,1,actual
,2026-04-25 14:30:00+12:00,2026-04-25 15:00:00+12:00,0,KWH,,2,actual
,2026-04-25 15:00:00+12:00,2026-04-25 15:30:00+12:00,0,KWH,,2,actual
,2026-04-25 15:00:00+12:00,2026-04-25 15:30:00+12:00,0.485,KWH,,1,actual
,2026-04-25 15:30:00+12:00,2026-04-25 16:00:00+12:00,0,KWH,,2,actual
,2026-04-25 15:30:00+12:00,2026-04-25 16:00:00+12:00,0.882,KWH,,1,actual
,2026-04-25 16:00:00+12:00,2026-04-25 16:30:00+12:00,0.281,KWH,,1,actual
,2026-04-25 16:00:00+12:00,2026-04-25 16:30:00+12:00,0,KWH,,2,actual
,2026-04-25 16:30:00+12:00,2026-04-25 17:00:00+12:00,0.478,KWH,,1,actual
,2026-04-25 16:30:00+12:00,2026-04-25 17:00:00+12:00,0.09,KWH,,2,actual
,2026-04-25 17:00:00+12:00,2026-04-25 17:30:00+12:00,1.455,KWH,,2,actual
,2026-04-25 17:00:00+12:00,2026-04-25 17:30:00+12:00,0.971,KWH,,1,actual
,2026-04-25 17:30:00+12:00,2026-04-25 18:00:00+12:00,0.87,KWH,,1,actual
,2026-04-25 17:30:00+12:00,2026-04-25 18:00:00+12:00,0.227,KWH,,2,actual
,2026-04-25 18:00:00+12:00,2026-04-25 18:30:00+12:00,0.713,KWH,,1,actual
,2026-04-25 18:00:00+12:00,2026-04-25 18:30:00+12:00,0,KWH,,2,actual
,2026-04-25 18:30:00+12:00,2026-04-25 19:00:00+12:00,0,KWH,,2,actual
,2026-04-25 18:30:00+12:00,2026-04-25 19:00:00+12:00,0.86,KWH,,1,actual
,2026-04-25 19:00:00+12:00,2026-04-25 19:30:00+12:00,0,KWH,,2,actual
,2026-04-25 19:00:00+12:00,2026-04-25 19:30:00+12:00,0.51,KWH,,1,actual
,2026-04-25 19:30:00+12:00,2026-04-25 20:00:00+12:00,0,KWH,,2,actual
,2026-04-25 19:30:00+12:00,2026-04-25 20:00:00+12:00,0.267,KWH,,1,actual
,2026-04-25 20:00:00+12:00,2026-04-25 20:30:00+12:00,0,KWH,,2,actual
,2026-04-25 20:00:00+12:00,2026-04-25 20:30:00+12:00,0.268,KWH,,1,actual
,2026-04-25 20:30:00+12:00,2026-04-25 21:00:00+12:00,0,KWH,,2,actual
,2026-04-25 20:30:00+12:00,2026-04-25 21:00:00+12:00,0.283,KWH,,1,actual
,2026-04-25 21:00:00+12:00,2026-04-25 21:30:00+12:00,0.057,KWH,,2,actual
,2026-04-25 21:00:00+12:00,2026-04-25 21:30:00+12:00,0.296,KWH,,1,actual
,2026-04-25 21:30:00+12:00,2026-04-25 22:00:00+12:00,0.331,KWH,,1,actual
,2026-04-25 21:30:00+12:00,2026-04-25 22:00:00+12:00,1.5,KWH,,2,actual
,2026-04-25 22:00:00+12:00,2026-04-25 22:30:00+12:00,0.357,KWH,,1,actual
,2026-04-25 22:00:00+12:00,2026-04-25 22:30:00+12:00,0.69,KWH,,2,actual
,2026-04-25 22:30:00+12:00,2026-04-25 23:00:00+12:00,0.346,KWH,,1,actual
,2026-04-25 22:30:00+12:00,2026-04-25 23:00:00+12:00,0,KWH,,2,actual
,2026-04-25 23:00:00+12:00,2026-04-25 23:30:00+12:00,0.449,KWH,,1,actual
,2026-04-25 23:00:00+12:00,2026-04-25 23:30:00+12:00,0,KWH,,2,actual
,2026-04-25 23:30:00+12:00,2026-04-26 00:00:00+12:00,0,KWH,,2,actual
,2026-04-25 23:30:00+12:00,2026-04-26 00:00:00+12:00,0.405,KWH,,1,actual
,2026-04-26 00:00:00+12:00,2026-04-26 00:30:00+12:00,0,KWH,,2,actual
,2026-04-26 00:00:00+12:00,2026-04-26 00:30:00+12:00,0.392,KWH,,1,actual
,2026-04-26 00:30:00+12:00,2026-04-26 01:00:00+12:00,0.467,KWH,,1,actual
,2026-04-26 00:30:00+12:00,2026-04-26 01:00:00+12:00,0,KWH,,2,actual
,2026-04-26 01:00:00+12:00,2026-04-26 01:30:00+12:00,0.394,KWH,,1,actual
,2026-04-26 01:00:00+12:00,2026-04-26 01:30:00+12:00,0,KWH,,2,actual
,2026-04-26 01:30:00+12:00,2026-04-26 02:00:00+12:00,0,KWH,,2,actual
,2026-04-26 01:30:00+12:00,2026-04-26 02:00:00+12:00,0.486,KWH,,1,actual
,2026-04-26 02:00:00+12:00,2026-04-26 02:30:00+12:00,0.431,KWH,,1,actual
,2026-04-26 02:00:00+12:00,2026-04-26 02:30:00+12:00,0,KWH,,2,actual
,2026-04-26 02:30:00+12:00,2026-04-26 03:00:00+12:00,0,KWH,,2,actual
,2026-04-26 02:30:00+12:00,2026-04-26 03:00:00+12:00,0.456,KWH,,1,actual
,2026-04-26 03:00:00+12:00,2026-04-26 03:30:00+12:00,0,KWH,,2,actual
,2026-04-26 03:00:00+12:00,2026-04-26 03:30:00+12:00,0.449,KWH,,1,actual
,2026-04-26 03:30:00+12:00,2026-04-26 04:00:00+12:00,0.454,KWH,,1,actual
,2026-04-26 03:30:00+12:00,2026-04-26 04:00:00+12:00,0,KWH,,2,actual
,2026-04-26 04:00:00+12:00,2026-04-26 04:30:00+12:00,0,KWH,,2,actual
,2026-04-26 04:00:00+12:00,2026-04-26 04:30:00+12:00,0.481,KWH,,1,actual
,2026-04-26 04:30:00+12:00,2026-04-26 05:00:00+12:00,0.456,KWH,,1,actual
,2026-04-26 04:30:00+12:00,2026-04-26 05:00:00+12:00,0,KWH,,2,actual
,2026-04-26 05:00:00+12:00,2026-04-26 05:30:00+12:00,0.476,KWH,,1,actual
,2026-04-26 05:00:00+12:00,2026-04-26 05:30:00+12:00,0,KWH,,2,actual
,2026-04-26 05:30:00+12:00,2026-04-26 06:00:00+12:00,0,KWH,,2,actual
,2026-04-26 05:30:00+12:00,2026-04-26 06:00:00+12:00,0.47,KWH,,1,actual
,2026-04-26 06:00:00+12:00,2026-04-26 06:30:00+12:00,0.026,KWH,,2,actual
,2026-04-26 06:00:00+12:00,2026-04-26 06:30:00+12:00,0.47,KWH,,1,actual
,2026-04-26 06:30:00+12:00,2026-04-26 07:00:00+12:00,1.292,KWH,,2,actual
,2026-04-26 06:30:00+12:00,2026-04-26 07:00:00+12:00,0.453,KWH,,1,actual
,2026-04-26 07:00:00+12:00,2026-04-26 07:30:00+12:00,0.402,KWH,,1,actual
,2026-04-26 07:00:00+12:00,2026-04-26 07:30:00+12:00,0,KWH,,2,actual
,2026-04-26 07:30:00+12:00,2026-04-26 08:00:00+12:00,0.267,KWH,,1,actual
,2026-04-26 07:30:00+12:00,2026-04-26 08:00:00+12:00,0,KWH,,2,actual
,2026-04-26 08:00:00+12:00,2026-04-26 08:30:00+12:00,0.303,KWH,,1,actual
,2026-04-26 08:00:00+12:00,2026-04-26 08:30:00+12:00,1.173,KWH,,2,actual
,2026-04-26 08:30:00+12:00,2026-04-26 09:00:00+12:00,1.526,KWH,,2,actual
,2026-04-26 08:30:00+12:00,2026-04-26 09:00:00+12:00,1.22,KWH,,1,actual
,2026-04-26 09:00:00+12:00,2026-04-26 09:30:00+12:00,1.494,KWH,,2,actual
,2026-04-26 09:00:00+12:00,2026-04-26 09:30:00+12:00,2.014,KWH,,1,actual
,2026-04-26 09:30:00+12:00,2026-04-26 10:00:00+12:00,1.441,KWH,,2,actual
,2026-04-26 09:30:00+12:00,2026-04-26 10:00:00+12:00,2.364,KWH,,1,actual
,2026-04-26 10:00:00+12:00,2026-04-26 10:30:00+12:00,1.966,KWH,,1,actual
,2026-04-26 10:00:00+12:00,2026-04-26 10:30:00+12:00,1.442,KWH,,2,actual
,2026-04-26 10:30:00+12:00,2026-04-26 11:00:00+12:00,1.442,KWH,,2,actual
,2026-04-26 10:30:00+12:00,2026-04-26 11:00:00+12:00,1.954,KWH,,1,actual
,2026-04-26 11:00:00+12:00,2026-04-26 11:30:00+12:00,1.957,KWH,,1,actual
,2026-04-26 11:00:00+12:00,2026-04-26 11:30:00+12:00,1.46,KWH,,2,actual
,2026-04-26 11:30:00+12:00,2026-04-26 12:00:00+12:00,0.841,KWH,,1,actual
,2026-04-26 11:30:00+12:00,2026-04-26 12:00:00+12:00,1.463,KWH,,2,actual
,2026-04-26 12:00:00+12:00,2026-04-26 12:30:00+12:00,0.615,KWH,,1,actual
,2026-04-26 12:00:00+12:00,2026-04-26 12:30:00+12:00,1.42,KWH,,2,actual
,2026-04-26 12:30:00+12:00,2026-04-26 13:00:00+12:00,0,KWH,,2,actual
,2026-04-26 12:30:00+12:00,2026-04-26 13:00:00+12:00,0.654,KWH,,1,actual
,2026-04-26 13:00:00+12:00,2026-04-26 13:30:00+12:00,0.478,KWH,,1,actual
,2026-04-26 13:00:00+12:00,2026-04-26 13:30:00+12:00,0,KWH,,2,actual
,2026-04-26 13:30:00+12:00,2026-04-26 14:00:00+12:00,0.483,KWH,,1,actual
,2026-04-26 13:30:00+12:00,2026-04-26 14:00:00+12:00,0,KWH,,2,actual
,2026-04-26 14:00:00+12:00,2026-04-26 14:30:00+12:00,0,KWH,,2,actual
,2026-04-26 14:00:00+12:00,2026-04-26 14:30:00+12:00,0.508,KWH,,1,actual
,2026-04-26 14:30:00+12:00,2026-04-26 15:00:00+12:00,0.482,KWH,,1,actual
,2026-04-26 14:30:00+12:00,2026-04-26 15:00:00+12:00,0,KWH,,2,actual
,2026-04-26 15:00:00+12:00,2026-04-26 15:30:00+12:00,0,KWH,,2,actual
,2026-04-26 15:00:00+12:00,2026-04-26 15:30:00+12:00,0.498,KWH,,1,actual
,2026-04-26 15:30:00+12:00,2026-04-26 16:00:00+12:00,0,KWH,,2,actual
,2026-04-26 15:30:00+12:00,2026-04-26 16:00:00+12:00,1.307,KWH,,1,actual
,2026-04-26 16:00:00+12:00,2026-04-26 16:30:00+12:00,3.347,KWH,,1,actual
,2026-04-26 16:00:00+12:00,2026-04-26 16:30:00+12:00,0,KWH,,2,actual
,2026-04-26 16:30:00+12:00,2026-04-26 17:00:00+12:00,3.039,KWH,,1,actual
,2026-04-26 16:30:00+12:00,2026-04-26 17:00:00+12:00,0,KWH,,2,actual
,2026-04-26 17:00:00+12:00,2026-04-26 17:30:00+12:00,0,KWH,,2,actual
,2026-04-26 17:00:00+12:00,2026-04-26 17:30:00+12:00,2.835,KWH,,1,actual
,2026-04-26 17:30:00+12:00,2026-04-26 18:00:00+12:00,2.632,KWH,,1,actual
,2026-04-26 17:30:00+12:00,2026-04-26 18:00:00+12:00,0,KWH,,2,actual
,2026-04-26 18:00:00+12:00,2026-04-26 18:30:00+12:00,1.399,KWH,,1,actual
,2026-04-26 18:00:00+12:00,2026-04-26 18:30:00+12:00,0,KWH,,2,actual
,2026-04-26 18:30:00+12:00,2026-04-26 19:00:00+12:00,1.441,KWH,,2,actual
,2026-04-26 18:30:00+12:00,2026-04-26 19:00:00+12:00,0.626,KWH,,1,actual
,2026-04-26 19:00:00+12:00,2026-04-26 19:30:00+12:00,1.504,KWH,,2,actual
,2026-04-26 19:00:00+12:00,2026-04-26 19:30:00+12:00,0.572,KWH,,1,actual
,2026-04-26 19:30:00+12:00,2026-04-26 20:00:00+12:00,1.517,KWH,,2,actual
,2026-04-26 19:30:00+12:00,2026-04-26 20:00:00+12:00,0.308,KWH,,1,actual
,2026-04-26 20:00:00+12:00,2026-04-26 20:30:00+12:00,1.497,KWH,,2,actual
,2026-04-26 20:00:00+12:00,2026-04-26 20:30:00+12:00,0.315,KWH,,1,actual
,2026-04-26 20:30:00+12:00,2026-04-26 21:00:00+12:00,1.516,KWH,,2,actual
,2026-04-26 20:30:00+12:00,2026-04-26 21:00:00+12:00,0.251,KWH,,1,actual
,2026-04-26 21:00:00+12:00,2026-04-26 21:30:00+12:00,1.447,KWH,,2,actual
,2026-04-26 21:00:00+12:00,2026-04-26 21:30:00+12:00,1.209,KWH,,1,actual
,2026-04-26 21:30:00+12:00,2026-04-26 22:00:00+12:00,0.941,KWH,,1,actual
,2026-04-26 21:30:00+12:00,2026-04-26 22:00:00+12:00,1.458,KWH,,2,actual
,2026-04-26 22:00:00+12:00,2026-04-26 22:30:00+12:00,1.635,KWH,,1,actual
,2026-04-26 22:00:00+12:00,2026-04-26 22:30:00+12:00,0.268,KWH,,2,actual
,2026-04-26 22:30:00+12:00,2026-04-26 23:00:00+12:00,1.815,KWH,,1,actual
,2026-04-26 22:30:00+12:00,2026-04-26 23:00:00+12:00,0,KWH,,2,actual
,2026-04-26 23:00:00+12:00,2026-04-26 23:30:00+12:00,1.572,KWH,,1,actual
,2026-04-26 23:00:00+12:00,2026-04-26 23:30:00+12:00,0,KWH,,2,actual
,2026-04-26 23:30:00+12:00,2026-04-27 00:00:00+12:00,0,KWH,,2,actual
,2026-04-26 23:30:00+12:00,2026-04-27 00:00:00+12:00,0.263,KWH,,1,actual
,2026-04-27 00:00:00+12:00,2026-04-27 00:30:00+12:00,0,KWH,,2,actual
,2026-04-27 00:00:00+12:00,2026-04-27 00:30:00+12:00,0.177,KWH,,1,actual
,2026-04-27 00:30:00+12:00,2026-04-27 01:00:00+12:00,0.167,KWH,,1,actual
,2026-04-27 00:30:00+12:00,2026-04-27 01:00:00+12:00,0,KWH,,2,actual
,2026-04-27 01:00:00+12:00,2026-04-27 01:30:00+12:00,0.163,KWH,,1,actual
,2026-04-27 01:00:00+12:00,2026-04-27 01:30:00+12:00,0,KWH,,2,actual
,2026-04-27 01:30:00+12:00,2026-04-27 02:00:00+12:00,0,KWH,,2,actual
,2026-04-27 01:30:00+12:00,2026-04-27 02:00:00+12:00,0.319,KWH,,1,actual
,2026-04-27 02:00:00+12:00,2026-04-27 02:30:00+12:00,0.156,KWH,,1,actual
,2026-04-27 02:00:00+12:00,2026-04-27 02:30:00+12:00,0,KWH,,2,actual
,2026-04-27 02:30:00+12:00,2026-04-27 03:00:00+12:00,0,KWH,,2,actual
,2026-04-27 02:30:00+12:00,2026-04-27 03:00:00+12:00,0.158,KWH,,1,actual
,2026-04-27 03:00:00+12:00,2026-04-27 03:30:00+12:00,0,KWH,,2,actual
,2026-04-27 03:00:00+12:00,2026-04-27 03:30:00+12:00,0.333,KWH,,1,actual
,2026-04-27 03:30:00+12:00,2026-04-27 04:00:00+12:00,0.18,KWH,,1,actual
,2026-04-27 03:30:00+12:00,2026-04-27 04:00:00+12:00,0,KWH,,2,actual
,2026-04-27 04:00:00+12:00,2026-04-27 04:30:00+12:00,0,KWH,,2,actual
,2026-04-27 04:00:00+12:00,2026-04-27 04:30:00+12:00,0.433,KWH,,1,actual
,2026-04-27 04:30:00+12:00,2026-04-27 05:00:00+12:00,0.264,KWH,,1,actual
,2026-04-27 04:30:00+12:00,2026-04-27 05:00:00+12:00,0.921,KWH,,2,actual
,2026-04-27 05:00:00+12:00,2026-04-27 05:30:00+12:00,0.421,KWH,,1,actual
,2026-04-27 05:00:00+12:00,2026-04-27 05:30:00+12:00,0.564,KWH,,2,actual
,2026-04-27 05:30:00+12:00,2026-04-27 06:00:00+12:00,0,KWH,,2,actual
,2026-04-27 05:30:00+12:00,2026-04-27 06:00:00+12:00,0.266,KWH,,1,actual
,2026-04-27 06:00:00+12:00,2026-04-27 06:30:00+12:00,0,KWH,,2,actual
,2026-04-27 06:00:00+12:00,2026-04-27 06:30:00+12:00,0.447,KWH,,1,actual
,2026-04-27 06:30:00+12:00,2026-04-27 07:00:00+12:00,0,KWH,,2,actual
,2026-04-27 06:30:00+12:00,2026-04-27 07:00:00+12:00,0.276,KWH,,1,actual
,2026-04-27 07:00:00+12:00,2026-04-27 07:30:00+12:00,0.406,KWH,,1,actual
,2026-04-27 07:00:00+12:00,2026-04-27 07:30:00+12:00,1.408,KWH,,2,actual
,2026-04-27 07:30:00+12:00,2026-04-27 08:00:00+12:00,0.204,KWH,,1,actual
,2026-04-27 07:30:00+12:00,2026-04-27 08:00:00+12:00,1.544,KWH,,2,actual
,2026-04-27 08:00:00+12:00,2026-04-27 08:30:00+12:00,0.434,KWH,,1,actual
,2026-04-27 08:00:00+12:00,2026-04-27 08:30:00+12:00,0,KWH,,2,actual
,2026-04-27 08:30:00+12:00,2026-04-27 09:00:00+12:00,0,KWH,,2,actual
,2026-04-27 08:30:00+12:00,2026-04-27 09:00:00+12:00,0.337,KWH,,1,actual
,2026-04-27 09:00:00+12:00,2026-04-27 09:30:00+12:00,0,KWH,,2,actual
,2026-04-27 09:00:00+12:00,2026-04-27 09:30:00+12:00,0.408,KWH,,1,actual
,2026-04-27 09:30:00+12:00,2026-04-27 10:00:00+12:00,0,KWH,,2,actual
,2026-04-27 09:30:00+12:00,2026-04-27 10:00:00+12:00,0.362,KWH,,1,actual
,2026-04-27 10:00:00+12:00,2026-04-27 10:30:00+12:00,0.249,KWH,,1,actual
,2026-04-27 10:00:00+12:00,2026-04-27 10:30:00+12:00,0,KWH,,2,actual
,2026-04-27 10:30:00+12:00,2026-04-27 11:00:00+12:00,0,KWH,,2,actual
,2026-04-27 10:30:00+12:00,2026-04-27 11:00:00+12:00,0.269,KWH,,1,actual
,2026-04-27 11:00:00+12:00,2026-04-27 11:30:00+12:00,0.22,KWH,,1,actual
,2026-04-27 11:00:00+12:00,2026-04-27 11:30:00+12:00,0,KWH,,2,actual
,2026-04-27 11:30:00+12:00,2026-04-27 12:00:00+12:00,0.202,KWH,,1,actual
,2026-04-27 11:30:00+12:00,2026-04-27 12:00:00+12:00,0,KWH,,2,actual
,2026-04-27 12:00:00+12:00,2026-04-27 12:30:00+12:00,0.206,KWH,,1,actual
,2026-04-27 12:00:00+12:00,2026-04-27 12:30:00+12:00,0,KWH,,2,actual
,2026-04-27 12:30:00+12:00,2026-04-27 13:00:00+12:00,0,KWH,,2,actual
,2026-04-27 12:30:00+12:00,2026-04-27 13:00:00+12:00,0.183,KWH,,1,actual
,2026-04-27 13:00:00+12:00,2026-04-27 13:30:00+12:00,0.201,KWH,,1,actual
,2026-04-27 13:00:00+12:00,2026-04-27 13:30:00+12:00,0,KWH,,2,actual
,2026-04-27 13:30:00+12:00,2026-04-27 14:00:00+12:00,0.143,KWH,,1,actual
,2026-04-27 13:30:00+12:00,2026-04-27 14:00:00+12:00,0,KWH,,2,actual
,2026-04-27 14:00:00+12:00,2026-04-27 14:30:00+12:00,0,KWH,,2,actual
,2026-04-27 14:00:00+12:00,2026-04-27 14:30:00+12:00,0.732,KWH,,1,actual
,2026-04-27 14:30:00+12:00,2026-04-27 15:00:00+12:00,0.343,KWH,,1,actual
,2026-04-27 14:30:00+12:00,2026-04-27 15:00:00+12:00,0.165,KWH,,2,actual
,2026-04-27 15:00:00+12:00,2026-04-27 15:30:00+12:00,1.21,KWH,,2,actual
,2026-04-27 15:00:00+12:00,2026-04-27 15:30:00+12:00,0.301,KWH,,1,actual
,2026-04-27 15:30:00+12:00,2026-04-27 16:00:00+12:00,0,KWH,,2,actual
,2026-04-27 15:30:00+12:00,2026-04-27 16:00:00+12:00,0.374,KWH,,1,actual
,2026-04-27 16:00:00+12:00,2026-04-27 16:30:00+12:00,0.866,KWH,,1,actual
,2026-04-27 16:00:00+12:00,2026-04-27 16:30:00+12:00,0,KWH,,2,actual
,2026-04-27 16:30:00+12:00,2026-04-27 17:00:00+12:00,0.7,KWH,,1,actual
,2026-04-27 16:30:00+12:00,2026-04-27 17:00:00+12:00,0,KWH,,2,actual
,2026-04-27 17:00:00+12:00,2026-04-27 17:30:00+12:00,0,KWH,,2,actual
,2026-04-27 17:00:00+12:00,2026-04-27 17:30:00+12:00,1.247,KWH,,1,actual
,2026-04-27 17:30:00+12:00,2026-04-27 18:00:00+12:00,0.68,KWH,,1,actual
,2026-04-27 17:30:00+12:00,2026-04-27 18:00:00+12:00,0,KWH,,2,actual
,2026-04-27 18:00:00+12:00,2026-04-27 18:30:00+12:00,0.293,KWH,,1,actual
,2026-04-27 18:00:00+12:00,2026-04-27 18:30:00+12:00,0,KWH,,2,actual
,2026-04-27 18:30:00+12:00,2026-04-27 19:00:00+12:00,0,KWH,,2,actual
,2026-04-27 18:30:00+12:00,2026-04-27 19:00:00+12:00,0.252,KWH,,1,actual
,2026-04-27 19:00:00+12:00,2026-04-27 19:30:00+12:00,0.895,KWH,,2,actual
,2026-04-27 19:00:00+12:00,2026-04-27 19:30:00+12:00,0.235,KWH,,1,actual
,2026-04-27 19:30:00+12:00,2026-04-27 20:00:00+12:00,0.518,KWH,,2,actual
,2026-04-27 19:30:00+12:00,2026-04-27 20:00:00+12:00,0.138,KWH,,1,actual
,2026-04-27 20:00:00+12:00,2026-04-27 20:30:00+12:00,0,KWH,,2,actual
,2026-04-27 20:00:00+12:00,2026-04-27 20:30:00+12:00,0.178,KWH,,1,actual
,2026-04-27 20:30:00+12:00,2026-04-27 21:00:00+12:00,0,KWH,,2,actual
,2026-04-27 20:30:00+12:00,2026-04-27 21:00:00+12:00,0.174,KWH,,1,actual
,2026-04-27 21:00:00+12:00,2026-04-27 21:30:00+12:00,0,KWH,,2,actual
,2026-04-27 21:00:00+12:00,2026-04-27 21:30:00+12:00,0.157,KWH,,1,actual
,2026-04-27 21:30:00+12:00,2026-04-27 22:00:00+12:00,0.166,KWH,,1,actual
,2026-04-27 21:30:00+12:00,2026-04-27 22:00:00+12:00,0,KWH,,2,actual
,2026-04-27 22:00:00+12:00,2026-04-27 22:30:00+12:00,0.517,KWH,,1,actual
,2026-04-27 22:00:00+12:00,2026-04-27 22:30:00+12:00,0.86,KWH,,2,actual
,2026-04-27 22:30:00+12:00,2026-04-27 23:00:00+12:00,0.583,KWH,,1,actual
,2026-04-27 22:30:00+12:00,2026-04-27 23:00:00+12:00,1.553,KWH,,2,actual
,2026-04-27 23:00:00+12:00,2026-04-27 23:30:00+12:00,0.78,KWH,,1,actual
,2026-04-27 23:00:00+12:00,2026-04-27 23:30:00+12:00,1.543,KWH,,2,actual
,2026-04-27 23:30:00+12:00,2026-04-28 00:00:00+12:00,1.546,KWH,,2,actual
,2026-04-27 23:30:00+12:00,2026-04-28 00:00:00+12:00,0.358,KWH,,1,actual
,2026-04-28 00:00:00+12:00,2026-04-28 00:30:00+12:00,1.534,KWH,,2,actual
,2026-04-28 00:00:00+12:00,2026-04-28 00:30:00+12:00,0.359,KWH,,1,actual
,2026-04-28 00:30:00+12:00,2026-04-28 01:00:00+12:00,0.383,KWH,,1,actual
,2026-04-28 00:30:00+12:00,2026-04-28 01:00:00+12:00,1.534,KWH,,2,actual
,2026-04-28 01:00:00+12:00,2026-04-28 01:30:00+12:00,0.354,KWH,,1,actual
,2026-04-28 01:00:00+12:00,2026-04-28 01:30:00+12:00,1.114,KWH,,2,actual
,2026-04-28 01:30:00+12:00,2026-04-28 02:00:00+12:00,0,KWH,,2,actual
,2026-04-28 01:30:00+12:00,2026-04-28 02:00:00+12:00,0.432,KWH,,1,actual
,2026-04-28 02:00:00+12:00,2026-04-28 02:30:00+12:00,0.458,KWH,,1,actual
,2026-04-28 02:00:00+12:00,2026-04-28 02:30:00+12:00,0,KWH,,2,actual
,2026-04-28 02:30:00+12:00,2026-04-28 03:00:00+12:00,0,KWH,,2,actual
,2026-04-28 02:30:00+12:00,2026-04-28 03:00:00+12:00,0.395,KWH,,1,actual
,2026-04-28 03:00:00+12:00,2026-04-28 03:30:00+12:00,0,KWH,,2,actual
,2026-04-28 03:00:00+12:00,2026-04-28 03:30:00+12:00,0.514,KWH,,1,actual
,2026-04-28 03:30:00+12:00,2026-04-28 04:00:00+12:00,0.45,KWH,,1,actual
,2026-04-28 03:30:00+12:00,2026-04-28 04:00:00+12:00,0,KWH,,2,actual
,2026-04-28 04:00:00+12:00,2026-04-28 04:30:00+12:00,0,KWH,,2,actual
,2026-04-28 04:00:00+12:00,2026-04-28 04:30:00+12:00,0.482,KWH,,1,actual
,2026-04-28 04:30:00+12:00,2026-04-28 05:00:00+12:00,0.456,KWH,,1,actual
,2026-04-28 04:30:00+12:00,2026-04-28 05:00:00+12:00,0,KWH,,2,actual
,2026-04-28 05:00:00+12:00,2026-04-28 05:30:00+12:00,0.475,KWH,,1,actual
,2026-04-28 05:00:00+12:00,2026-04-28 05:30:00+12:00,0,KWH,,2,actual
,2026-04-28 05:30:00+12:00,2026-04-28 06:00:00+12:00,0,KWH,,2,actual
,2026-04-28 05:30:00+12:00,2026-04-28 06:00:00+12:00,0.582,KWH,,1,actual
,2026-04-28 06:00:00+12:00,2026-04-28 06:30:00+12:00,0,KWH,,2,actual
,2026-04-28 06:00:00+12:00,2026-04-28 06:30:00+12:00,0.489,KWH,,1,actual
,2026-04-28 06:30:00+12:00,2026-04-28 07:00:00+12:00,0,KWH,,2,actual
,2026-04-28 06:30:00+12:00,2026-04-28 07:00:00+12:00,0.518,KWH,,1,actual
,2026-04-28 07:00:00+12:00,2026-04-28 07:30:00+12:00,0.452,KWH,,1,actual
,2026-04-28 07:00:00+12:00,2026-04-28 07:30:00+12:00,0,KWH,,2,actual
,2026-04-28 07:30:00+12:00,2026-04-28 08:00:00+12:00,0.773,KWH,,1,actual
,2026-04-28 07:30:00+12:00,2026-04-28 08:00:00+12:00,0.443,KWH,,2,actual
,2026-04-28 08:00:00+12:00,2026-04-28 08:30:00+12:00,0.77,KWH,,1,actual
,2026-04-28 08:00:00+12:00,2026-04-28 08:30:00+12:00,1.399,KWH,,2,actual
,2026-04-28 08:30:00+12:00,2026-04-28 09:00:00+12:00,0,KWH,,2,actual
,2026-04-28 08:30:00+12:00,2026-04-28 09:00:00+12:00,0.633,KWH,,1,actual
,2026-04-28 09:00:00+12:00,2026-04-28 09:30:00+12:00,0,KWH,,2,actual
,2026-04-28 09:00:00+12:00,2026-04-28 09:30:00+12:00,0.412,KWH,,1,actual
,2026-04-28 09:30:00+12:00,2026-04-28 10:00:00+12:00,0,KWH,,2,actual
,2026-04-28 09:30:00+12:00,2026-04-28 10:00:00+12:00,0.582,KWH,,1,actual
,2026-04-28 10:00:00+12:00,2026-04-28 10:30:00+12:00,0.595,KWH,,1,actual
,2026-04-28 10:00:00+12:00,2026-04-28 10:30:00+12:00,0,KWH,,2,actual
,2026-04-28 10:30:00+12:00,2026-04-28 11:00:00+12:00,0,KWH,,2,actual
,2026-04-28 10:30:00+12:00,2026-04-28 11:00:00+12:00,0.298,KWH,,1,actual
,2026-04-28 11:00:00+12:00,2026-04-28 11:30:00+12:00,0.234,KWH,,1,actual
,2026-04-28 11:00:00+12:00,2026-04-28 11:30:00+12:00,0,KWH,,2,actual
,2026-04-28 11:30:00+12:00,2026-04-28 12:00:00+12:00,0.196,KWH,,1,actual
,2026-04-28 11:30:00+12:00,2026-04-28 12:00:00+12:00,0,KWH,,2,actual
,2026-04-28 12:00:00+12:00,2026-04-28 12:30:00+12:00,0,KWH,,2,actual
,2026-04-28 12:00:00+12:00,2026-04-28 12:30:00+12:00,0.158,KWH,,1,actual
,2026-04-28 12:30:00+12:00,2026-04-28 13:00:00+12:00,0.169,KWH,,1,actual
,2026-04-28 12:30:00+12:00,2026-04-28 13:00:00+12:00,0,KWH,,2,actual
,2026-04-28 13:00:00+12:00,2026-04-28 13:30:00+12:00,0,KWH,,2,actual
,2026-04-28 13:00:00+12:00,2026-04-28 13:30:00+12:00,0.176,KWH,,1,actual
,2026-04-28 13:30:00+12:00,2026-04-28 14:00:00+12:00,0,KWH,,2,actual
,2026-04-28 13:30:00+12:00,2026-04-28 14:00:00+12:00,0.185,KWH,,1,actual
,2026-04-28 14:00:00+12:00,2026-04-28 14:30:00+12:00,0.379,KWH,,1,actual
,2026-04-28 14:00:00+12:00,2026-04-28 14:30:00+12:00,0,KWH,,2,actual
,2026-04-28 14:30:00+12:00,2026-04-28 15:00:00+12:00,0,KWH,,2,actual
,2026-04-28 14:30:00+12:00,2026-04-28 15:00:00+12:00,0.213,KWH,,1,actual
,2026-04-28 15:00:00+12:00,2026-04-28 15:30:00+12:00,0.288,KWH,,1,actual
,2026-04-28 15:00:00+12:00,2026-04-28 15:30:00+12:00,0,KWH,,2,actual
,2026-04-28 15:30:00+12:00,2026-04-28 16:00:00+12:00,0.264,KWH,,1,actual
,2026-04-28 15:30:00+12:00,2026-04-28 16:00:00+12:00,0,KWH,,2,actual
,2026-04-28 16:00:00+12:00,2026-04-28 16:30:00+12:00,0,KWH,,2,actual
,2026-04-28 16:00:00+12:00,2026-04-28 16:30:00+12:00,0.342,KWH,,1,actual
,2026-04-28 16:30:00+12:00,2026-04-28 17:00:00+12:00,1.033,KWH,,2,actual
,2026-04-28 16:30:00+12:00,2026-04-28 17:00:00+12:00,0.668,KWH,,1,actual
,2026-04-28 17:00:00+12:00,2026-04-28 17:30:00+12:00,1.198,KWH,,1,actual
,2026-04-28 17:00:00+12:00,2026-04-28 17:30:00+12:00,0.594,KWH,,2,actual
,2026-04-28 17:30:00+12:00,2026-04-28 18:00:00+12:00,0,KWH,,2,actual
,2026-04-28 17:30:00+12:00,2026-04-28 18:00:00+12:00,1.007,KWH,,1,actual
,2026-04-28 18:00:00+12:00,2026-04-28 18:30:00+12:00,0,KWH,,2,actual
,2026-04-28 18:00:00+12:00,2026-04-28 18:30:00+12:00,1.081,KWH,,1,actual
,2026-04-28 18:30:00+12:00,2026-04-28 19:00:00+12:00,0.74,KWH,,1,actual
,2026-04-28 18:30:00+12:00,2026-04-28 19:00:00+12:00,1.269,KWH,,2,actual
,2026-04-28 19:00:00+12:00,2026-04-28 19:30:00+12:00,1.122,KWH,,1,actual
,2026-04-28 19:00:00+12:00,2026-04-28 19:30:00+12:00,1.482,KWH,,2,actual
,2026-04-28 19:30:00+12:00,2026-04-28 20:00:00+12:00,0.43,KWH,,1,actual
,2026-04-28 19:30:00+12:00,2026-04-28 20:00:00+12:00,1.48,KWH,,2,actual
,2026-04-28 20:00:00+12:00,2026-04-28 20:30:00+12:00,0.276,KWH,,1,actual
,2026-04-28 20:00:00+12:00,2026-04-28 20:30:00+12:00,1.536,KWH,,2,actual
,2026-04-28 20:30:00+12:00,2026-04-28 21:00:00+12:00,0.277,KWH,,1,actual
,2026-04-28 20:30:00+12:00,2026-04-28 21:00:00+12:00,1.56,KWH,,2,actual
,2026-04-28 21:00:00+12:00,2026-04-28 21:30:00+12:00,0.465,KWH,,1,actual
,2026-04-28 21:00:00+12:00,2026-04-28 21:30:00+12:00,0.625,KWH,,2,actual
,2026-04-28 21:30:00+12:00,2026-04-28 22:00:00+12:00,0,KWH,,2,actual
,2026-04-28 21:30:00+12:00,2026-04-28 22:00:00+12:00,2.797,KWH,,1,actual
,2026-04-28 22:00:00+12:00,2026-04-28 22:30:00+12:00,0,KWH,,2,actual
,2026-04-28 22:00:00+12:00,2026-04-28 22:30:00+12:00,3.556,KWH,,1,actual
,2026-04-28 22:30:00+12:00,2026-04-28 23:00:00+12:00,1.077,KWH,,2,actual
,2026-04-28 22:30:00+12:00,2026-04-28 23:00:00+12:00,2.439,KWH,,1,actual
,2026-04-28 23:00:00+12:00,2026-04-28 23:30:00+12:00,1.517,KWH,,2,actual
,2026-04-28 23:00:00+12:00,2026-04-28 23:30:00+12:00,1.341,KWH,,1,actual
,2026-04-28 23:30:00+12:00,2026-04-29 00:00:00+12:00,0.56,KWH,,1,actual
,2026-04-28 23:30:00+12:00,2026-04-29 00:00:00+12:00,1.534,KWH,,2,actual
,2026-04-29 00:00:00+12:00,2026-04-29 00:30:00+12:00,0.433,KWH,,1,actual
,2026-04-29 00:00:00+12:00,2026-04-29 00:30:00+12:00,1.565,KWH,,2,actual
,2026-04-29 00:30:00+12:00,2026-04-29 01:00:00+12:00,0.344,KWH,,2,actual
,2026-04-29 00:30:00+12:00,2026-04-29 01:00:00+12:00,0.298,KWH,,1,actual
,2026-04-29 01:00:00+12:00,2026-04-29 01:30:00+12:00,0,KWH,,2,actual
,2026-04-29 01:00:00+12:00,2026-04-29 01:30:00+12:00,0.355,KWH,,1,actual
,2026-04-29 01:30:00+12:00,2026-04-29 02:00:00+12:00,0.309,KWH,,1,actual
,2026-04-29 01:30:00+12:00,2026-04-29 02:00:00+12:00,0,KWH,,2,actual
,2026-04-29 02:00:00+12:00,2026-04-29 02:30:00+12:00,0,KWH,,2,actual
,2026-04-29 02:00:00+12:00,2026-04-29 02:30:00+12:00,0.349,KWH,,1,actual
,2026-04-29 02:30:00+12:00,2026-04-29 03:00:00+12:00,0.388,KWH,,1,actual
,2026-04-29 02:30:00+12:00,2026-04-29 03:00:00+12:00,0,KWH,,2,actual
,2026-04-29 03:00:00+12:00,2026-04-29 03:30:00+12:00,0.299,KWH,,1,actual
,2026-04-29 03:00:00+12:00,2026-04-29 03:30:00+12:00,0,KWH,,2,actual
,2026-04-29 03:30:00+12:00,2026-04-29 04:00:00+12:00,0,KWH,,2,actual
,2026-04-29 03:30:00+12:00,2026-04-29 04:00:00+12:00,0.394,KWH,,1,actual
,2026-04-29 04:00:00+12:00,2026-04-29 04:30:00+12:00,0.338,KWH,,1,actual
,2026-04-29 04:00:00+12:00,2026-04-29 04:30:00+12:00,0,KWH,,2,actual
,2026-04-29 04:30:00+12:00,2026-04-29 05:00:00+12:00,0,KWH,,2,actual
,2026-04-29 04:30:00+12:00,2026-04-29 05:00:00+12:00,0.356,KWH,,1,actual
,2026-04-29 05:00:00+12:00,2026-04-29 05:30:00+12:00,0,KWH,,2,actual
,2026-04-29 05:00:00+12:00,2026-04-29 05:30:00+12:00,0.398,KWH,,1,actual
,2026-04-29 05:30:00+12:00,2026-04-29 06:00:00+12:00,0.323,KWH,,1,actual
,2026-04-29 05:30:00+12:00,2026-04-29 06:00:00+12:00,0,KWH,,2,actual
,2026-04-29 06:00:00+12:00,2026-04-29 06:30:00+12:00,0.413,KWH,,1,actual
,2026-04-29 06:00:00+12:00,2026-04-29 06:30:00+12:00,0,KWH,,2,actual
,2026-04-29 06:30:00+12:00,2026-04-29 07:00:00+12:00,0.367,KWH,,1,actual
,2026-04-29 06:30:00+12:00,2026-04-29 07:00:00+12:00,0,KWH,,2,actual
,2026-04-29 07:00:00+12:00,2026-04-29 07:30:00+12:00,0,KWH,,2,actual
,2026-04-29 07:00:00+12:00,2026-04-29 07:30:00+12:00,0.243,KWH,,1,actual
,2026-04-29 07:30:00+12:00,2026-04-29 08:00:00+12:00,0,KWH,,2,actual
,2026-04-29 07:30:00+12:00,2026-04-29 08:00:00+12:00,0.461,KWH,,1,actual
,2026-04-29 08:00:00+12:00,2026-04-29 08:30:00+12:00,1.166,KWH,,2,actual
,2026-04-29 08:00:00+12:00,2026-04-29 08:30:00+12:00,0.612,KWH,,1,actual
,2026-04-29 08:30:00+12:00,2026-04-29 09:00:00+12:00,0.422,KWH,,1,actual
,2026-04-29 08:30:00+12:00,2026-04-29 09:00:00+12:00,0.933,KWH,,2,actual
,2026-04-29 09:00:00+12:00,2026-04-29 09:30:00+12:00,0.423,KWH,,1,actual
,2026-04-29 09:00:00+12:00,2026-04-29 09:30:00+12:00,0,KWH,,2,actual
,2026-04-29 09:30:00+12:00,2026-04-29 10:00:00+12:00,0.389,KWH,,1,actual
,2026-04-29 09:30:00+12:00,2026-04-29 10:00:00+12:00,0,KWH,,2,actual
,2026-04-29 10:00:00+12:00,2026-04-29 10:30:00+12:00,0,KWH,,2,actual
,2026-04-29 10:00:00+12:00,2026-04-29 10:30:00+12:00,0.374,KWH,,1,actual
,2026-04-29 10:30:00+12:00,2026-04-29 11:00:00+12:00,0.4,KWH,,1,actual
,2026-04-29 10:30:00+12:00,2026-04-29 11:00:00+12:00,0,KWH,,2,actual
,2026-04-29 11:00:00+12:00,2026-04-29 11:30:00+12:00,0,KWH,,2,actual
,2026-04-29 11:00:00+12:00,2026-04-29 11:30:00+12:00,0.295,KWH,,1,actual
,2026-04-29 11:30:00+12:00,2026-04-29 12:00:00+12:00,0,KWH,,2,actual
,2026-04-29 11:30:00+12:00,2026-04-29 12:00:00+12:00,0.242,KWH,,1,actual
,2026-04-29 12:00:00+12:00,2026-04-29 12:30:00+12:00,0.231,KWH,,1,actual
,2026-04-29 12:00:00+12:00,2026-04-29 12:30:00+12:00,0,KWH,,2,actual
,2026-04-29 12:30:00+12:00,2026-04-29 13:00:00+12:00,0,KWH,,2,actual
,2026-04-29 12:30:00+12:00,2026-04-29 13:00:00+12:00,0.218,KWH,,1,actual
,2026-04-29 13:00:00+12:00,2026-04-29 13:30:00+12:00,0.436,KWH,,1,actual
,2026-04-29 13:00:00+12:00,2026-04-29 13:30:00+12:00,0,KWH,,2,actual
,2026-04-29 13:30:00+12:00,2026-04-29 14:00:00+12:00,0.32,KWH,,1,actual
,2026-04-29 13:30:00+12:00,2026-04-29 14:00:00+12:00,0,KWH,,2,actual
,2026-04-29 14:00:00+12:00,2026-04-29 14:30:00+12:00,0,KWH,,2,actual
,2026-04-29 14:00:00+12:00,2026-04-29 14:30:00+12:00,0.31,KWH,,1,actual
,2026-04-29 14:30:00+12:00,2026-04-29 15:00:00+12:00,0.289,KWH,,1,actual
,2026-04-29 14:30:00+12:00,2026-04-29 15:00:00+12:00,0,KWH,,2,actual
,2026-04-29 15:00:00+12:00,2026-04-29 15:30:00+12:00,0,KWH,,2,actual
,2026-04-29 15:00:00+12:00,2026-04-29 15:30:00+12:00,0.322,KWH,,1,actual
,2026-04-29 15:30:00+12:00,2026-04-29 16:00:00+12:00,0,KWH,,2,actual
,2026-04-29 15:30:00+12:00,2026-04-29 16:00:00+12:00,0.342,KWH,,1,actual
,2026-04-29 16:00:00+12:00,2026-04-29 16:30:00+12:00,0.334,KWH,,1,actual
,2026-04-29 16:00:00+12:00,2026-04-29 16:30:00+12:00,0,KWH,,2,actual
,2026-04-29 16:30:00+12:00,2026-04-29 17:00:00+12:00,0.31,KWH,,1,actual
,2026-04-29 16:30:00+12:00,2026-04-29 17:00:00+12:00,0,KWH,,2,actual
,2026-04-29 17:00:00+12:00,2026-04-29 17:30:00+12:00,1.408,KWH,,2,actual
,2026-04-29 17:00:00+12:00,2026-04-29 17:30:00+12:00,0.866,KWH,,1,actual
,2026-04-29 17:30:00+12:00,2026-04-29 18:00:00+12:00,0.873,KWH,,1,actual
,2026-04-29 17:30:00+12:00,2026-04-29 18:00:00+12:00,0.428,KWH,,2,actual
,2026-04-29 18:00:00+12:00,2026-04-29 18:30:00+12:00,0.38,KWH,,1,actual
,2026-04-29 18:00:00+12:00,2026-04-29 18:30:00+12:00,0.294,KWH,,2,actual
,2026-04-29 18:30:00+12:00,2026-04-29 19:00:00+12:00,1.487,KWH,,2,actual
,2026-04-29 18:30:00+12:00,2026-04-29 19:00:00+12:00,1.195,KWH,,1,actual
,2026-04-29 19:00:00+12:00,2026-04-29 19:30:00+12:00,1.492,KWH,,2,actual
,2026-04-29 19:00:00+12:00,2026-04-29 19:30:00+12:00,0.939,KWH,,1,actual
,2026-04-29 19:30:00+12:00,2026-04-29 20:00:00+12:00,0.922,KWH,,2,actual
,2026-04-29 19:30:00+12:00,2026-04-29 20:00:00+12:00,0.781,KWH,,1,actual
,2026-04-29 20:00:00+12:00,2026-04-29 20:30:00+12:00,0,KWH,,2,actual
,2026-04-29 20:00:00+12:00,2026-04-29 20:30:00+12:00,0.73,KWH,,1,actual
,2026-04-29 20:30:00+12:00,2026-04-29 21:00:00+12:00,0.103,KWH,,2,actual
,2026-04-29 20:30:00+12:00,2026-04-29 21:00:00+12:00,1.098,KWH,,1,actual
,2026-04-29 21:00:00+12:00,2026-04-29 21:30:00+12:00,1.456,KWH,,2,actual
,2026-04-29 21:00:00+12:00,2026-04-29 21:30:00+12:00,3.023,KWH,,1,actual
,2026-04-29 21:30:00+12:00,2026-04-29 22:00:00+12:00,2.362,KWH,,1,actual
,2026-04-29 21:30:00+12:00,2026-04-29 22:00:00+12:00,0.415,KWH,,2,actual
,2026-04-29 22:00:00+12:00,2026-04-29 22:30:00+12:00,2.375,KWH,,1,actual
,2026-04-29 22:00:00+12:00,2026-04-29 22:30:00+12:00,0,KWH,,2,actual
,2026-04-29 22:30:00+12:00,2026-04-29 23:00:00+12:00,3.343,KWH,,1,actual
,2026-04-29 22:30:00+12:00,2026-04-29 23:00:00+12:00,0.564,KWH,,2,actual
,2026-04-29 23:00:00+12:00,2026-04-29 23:30:00+12:00,3.918,KWH,,1,actual
,2026-04-29 23:00:00+12:00,2026-04-29 23:30:00+12:00,1.453,KWH,,2,actual
,2026-04-29 23:30:00+12:00,2026-04-30 00:00:00+12:00,1.458,KWH,,2,actual
,2026-04-29 23:30:00+12:00,2026-04-30 00:00:00+12:00,3.548,KWH,,1,actual
,2026-04-30 00:00:00+12:00,2026-04-30 00:30:00+12:00,1.486,KWH,,2,actual
,2026-04-30 00:00:00+12:00,2026-04-30 00:30:00+12:00,2.937,KWH,,1,actual
,2026-04-30 00:30:00+12:00,2026-04-30 01:00:00+12:00,2.343,KWH,,1,actual
,2026-04-30 00:30:00+12:00,2026-04-30 01:00:00+12:00,0.272,KWH,,2,actual
,2026-04-30 01:00:00+12:00,2026-04-30 01:30:00+12:00,2.146,KWH,,1,actual
,2026-04-30 01:00:00+12:00,2026-04-30 01:30:00+12:00,0,KWH,,2,actual
,2026-04-30 01:30:00+12:00,2026-04-30 02:00:00+12:00,0,KWH,,2,actual
,2026-04-30 01:30:00+12:00,2026-04-30 02:00:00+12:00,2.327,KWH,,1,actual
,2026-04-30 02:00:00+12:00,2026-04-30 02:30:00+12:00,2.166,KWH,,1,actual
,2026-04-30 02:00:00+12:00,2026-04-30 02:30:00+12:00,0,KWH,,2,actual
,2026-04-30 02:30:00+12:00,2026-04-30 03:00:00+12:00,0,KWH,,2,actual
,2026-04-30 02:30:00+12:00,2026-04-30 03:00:00+12:00,2.412,KWH,,1,actual
,2026-04-30 03:00:00+12:00,2026-04-30 03:30:00+12:00,0,KWH,,2,actual
,2026-04-30 03:00:00+12:00,2026-04-30 03:30:00+12:00,2.223,KWH,,1,actual
,2026-04-30 03:30:00+12:00,2026-04-30 04:00:00+12:00,2.47,KWH,,1,actual
,2026-04-30 03:30:00+12:00,2026-04-30 04:00:00+12:00,0,KWH,,2,actual
,2026-04-30 04:00:00+12:00,2026-04-30 04:30:00+12:00,0,KWH,,2,actual
,2026-04-30 04:00:00+12:00,2026-04-30 04:30:00+12:00,2.421,KWH,,1,actual
,2026-04-30 04:30:00+12:00,2026-04-30 05:00:00+12:00,2.412,KWH,,1,actual
,2026-04-30 04:30:00+12:00,2026-04-30 05:00:00+12:00,0,KWH,,2,actual
,2026-04-30 05:00:00+12:00,2026-04-30 05:30:00+12:00,2.593,KWH,,1,actual
,2026-04-30 05:00:00+12:00,2026-04-30 05:30:00+12:00,0,KWH,,2,actual
,2026-04-30 05:30:00+12:00,2026-04-30 06:00:00+12:00,0,KWH,,2,actual
,2026-04-30 05:30:00+12:00,2026-04-30 06:00:00+12:00,1.597,KWH,,1,actual
,2026-04-30 06:00:00+12:00,2026-04-30 06:30:00+12:00,0,KWH,,2,actual
,2026-04-30 06:00:00+12:00,2026-04-30 06:30:00+12:00,0.978,KWH,,1,actual
,2026-04-30 06:30:00+12:00,2026-04-30 07:00:00+12:00,0,KWH,,2,actual
,2026-04-30 06:30:00+12:00,2026-04-30 07:00:00+12:00,0.933,KWH,,1,actual
,2026-04-30 07:00:00+12:00,2026-04-30 07:30:00+12:00,0.903,KWH,,1,actual
,2026-04-30 07:00:00+12:00,2026-04-30 07:30:00+12:00,0,KWH,,2,actual
,2026-04-30 07:30:00+12:00,2026-04-30 08:00:00+12:00,0.76,KWH,,1,actual
,2026-04-30 07:30:00+12:00,2026-04-30 08:00:00+12:00,0,KWH,,2,actual
,2026-04-30 08:00:00+12:00,2026-04-30 08:30:00+12:00,1.063,KWH,,1,actual
,2026-04-30 08:00:00+12:00,2026-04-30 08:30:00+12:00,0.626,KWH,,2,actual
,2026-04-30 08:30:00+12:00,2026-04-30 09:00:00+12:00,1.208,KWH,,2,actual
,2026-04-30 08:30:00+12:00,2026-04-30 09:00:00+12:00,0.592,KWH,,1,actual
,2026-04-30 09:00:00+12:00,2026-04-30 09:30:00+12:00,0,KWH,,2,actual
,2026-04-30 09:00:00+12:00,2026-04-30 09:30:00+12:00,0.547,KWH,,1,actual
,2026-04-30 09:30:00+12:00,2026-04-30 10:00:00+12:00,0,KWH,,2,actual
,2026-04-30 09:30:00+12:00,2026-04-30 10:00:00+12:00,0.529,KWH,,1,actual
,2026-04-30 10:00:00+12:00,2026-04-30 10:30:00+12:00,0.447,KWH,,1,actual
,2026-04-30 10:00:00+12:00,2026-04-30 10:30:00+12:00,0,KWH,,2,actual
,2026-04-30 10:30:00+12:00,2026-04-30 11:00:00+12:00,0,KWH,,2,actual
,2026-04-30 10:30:00+12:00,2026-04-30 11:00:00+12:00,0.431,KWH,,1,actual
,2026-04-30 11:00:00+12:00,2026-04-30 11:30:00+12:00,0.474,KWH,,1,actual
,2026-04-30 11:00:00+12:00,2026-04-30 11:30:00+12:00,0,KWH,,2,actual
,2026-04-30 11:30:00+12:00,2026-04-30 12:00:00+12:00,0.38,KWH,,1,actual
,2026-04-30 11:30:00+12:00,2026-04-30 12:00:00+12:00,0,KWH,,2,actual
,2026-04-30 12:00:00+12:00,2026-04-30 12:30:00+12:00,0,KWH,,2,actual
,2026-04-30 12:00:00+12:00,2026-04-30 12:30:00+12:00,0.496,KWH,,1,actual
,2026-04-30 12:30:00+12:00,2026-04-30 13:00:00+12:00,0.29,KWH,,1,actual
,2026-04-30 12:30:00+12:00,2026-04-30 13:00:00+12:00,0,KWH,,2,actual
,2026-04-30 13:00:00+12:00,2026-04-30 13:30:00+12:00,0,KWH,,2,actual
,2026-04-30 13:00:00+12:00,2026-04-30 13:30:00+12:00,0.385,KWH,,1,actual
,2026-04-30 13:30:00+12:00,2026-04-30 14:00:00+12:00,0,KWH,,2,actual
,2026-04-30 13:30:00+12:00,2026-04-30 14:00:00+12:00,0.364,KWH,,1,actual
,2026-04-30 14:00:00+12:00,2026-04-30 14:30:00+12:00,0.318,KWH,,1,actual
,2026-04-30 14:00:00+12:00,2026-04-30 14:30:00+12:00,0,KWH,,2,actual
,2026-04-30 14:30:00+12:00,2026-04-30 15:00:00+12:00,1.443,KWH,,2,actual
,2026-04-30 14:30:00+12:00,2026-04-30 15:00:00+12:00,0.337,KWH,,1,actual
,2026-04-30 15:00:00+12:00,2026-04-30 15:30:00+12:00,0.343,KWH,,1,actual
,2026-04-30 15:00:00+12:00,2026-04-30 15:30:00+12:00,0.183,KWH,,2,actual
,2026-04-30 15:30:00+12:00,2026-04-30 16:00:00+12:00,0.357,KWH,,1,actual
,2026-04-30 15:30:00+12:00,2026-04-30 16:00:00+12:00,0,KWH,,2,actual
,2026-04-30 16:00:00+12:00,2026-04-30 16:30:00+12:00,0,KWH,,2,actual
,2026-04-30 16:00:00+12:00,2026-04-30 16:30:00+12:00,0.388,KWH,,1,actual
,2026-04-30 16:30:00+12:00,2026-04-30 17:00:00+12:00,0,KWH,,2,actual
,2026-04-30 16:30:00+12:00,2026-04-30 17:00:00+12:00,0.39,KWH,,1,actual
,2026-04-30 17:00:00+12:00,2026-04-30 17:30:00+12:00,1.414,KWH,,1,actual
,2026-04-30 17:00:00+12:00,2026-04-30 17:30:00+12:00,0,KWH,,2,actual
,2026-04-30 17:30:00+12:00,2026-04-30 18:00:00+12:00,0,KWH,,2,actual
,2026-04-30 17:30:00+12:00,2026-04-30 18:00:00+12:00,0.959,KWH,,1,actual
,2026-04-30 18:00:00+12:00,2026-04-30 18:30:00+12:00,0,KWH,,2,actual
,2026-04-30 18:00:00+12:00,2026-04-30 18:30:00+12:00,0.506,KWH,,1,actual
,2026-04-30 18:30:00+12:00,2026-04-30 19:00:00+12:00,1.167,KWH,,1,actual
,2026-04-30 18:30:00+12:00,2026-04-30 19:00:00+12:00,1.356,KWH,,2,actual
,2026-04-30 19:00:00+12:00,2026-04-30 19:30:00+12:00,0.684,KWH,,1,actual
,2026-04-30 19:00:00+12:00,2026-04-30 19:30:00+12:00,1.484,KWH,,2,actual
,2026-04-30 19:30:00+12:00,2026-04-30 20:00:00+12:00,0.579,KWH,,1,actual
,2026-04-30 19:30:00+12:00,2026-04-30 20:00:00+12:00,1.494,KWH,,2,actual
,2026-04-30 20:00:00+12:00,2026-04-30 20:30:00+12:00,1.689,KWH,,1,actual
,2026-04-30 20:00:00+12:00,2026-04-30 20:30:00+12:00,0.658,KWH,,2,actual
,2026-04-30 20:30:00+12:00,2026-04-30 21:00:00+12:00,0.936,KWH,,1,actual
,2026-04-30 20:30:00+12:00,2026-04-30 21:00:00+12:00,0,KWH,,2,actual
,2026-04-30 21:00:00+12:00,2026-04-30 21:30:00+12:00,1.08,KWH,,1,actual
,2026-04-30 21:00:00+12:00,2026-04-30 21:30:00+12:00,0,KWH,,2,actual
,2026-04-30 21:30:00+12:00,2026-04-30 22:00:00+12:00,0,KWH,,2,actual
,2026-04-30 21:30:00+12:00,2026-04-30 22:00:00+12:00,1.071,KWH,,1,actual
,2026-04-30 22:00:00+12:00,2026-04-30 22:30:00+12:00,0.785,KWH,,2,actual
,2026-04-30 22:00:00+12:00,2026-04-30 22:30:00+12:00,1.145,KWH,,1,actual
,2026-04-30 22:30:00+12:00,2026-04-30 23:00:00+12:00,0.808,KWH,,2,actual
,2026-04-30 22:30:00+12:00,2026-04-30 23:00:00+12:00,1.142,KWH,,1,actual
,2026-04-30 23:00:00+12:00,2026-04-30 23:30:00+12:00,0,KWH,,2,actual
,2026-04-30 23:00:00+12:00,2026-04-30 23:30:00+12:00,1.231,KWH,,1,actual
,2026-04-30 23:30:00+12:00,2026-05-01 00:00:00+12:00,1.225,KWH,,1,actual
,2026-04-30 23:30:00+12:00,2026-05-01 00:00:00+12:00,0,KWH,,2,actual
,2026-05-01 00:00:00+12:00,2026-05-01 00:30:00+12:00,0.837,KWH,,1,actual
,2026-05-01 00:00:00+12:00,2026-05-01 00:30:00+12:00,0,KWH,,2,actual
,2026-05-01 00:30:00+12:00,2026-05-01 01:00:00+12:00,0,KWH,,2,actual
,2026-05-01 00:30:00+12:00,2026-05-01 01:00:00+12:00,0.879,KWH,,1,actual
,2026-05-01 01:00:00+12:00,2026-05-01 01:30:00+12:00,0,KWH,,2,actual
,2026-05-01 01:00:00+12:00,2026-05-01 01:30:00+12:00,0.862,KWH,,1,actual
,2026-05-01 01:30:00+12:00,2026-05-01 02:00:00+12:00,0.897,KWH,,1,actual
,2026-05-01 01:30:00+12:00,2026-05-01 02:00:00+12:00,0,KWH,,2,actual
,2026-05-01 02:00:00+12:00,2026-05-01 02:30:00+12:00,0,KWH,,2,actual
,2026-05-01 02:00:00+12:00,2026-05-01 02:30:00+12:00,0.95,KWH,,1,actual
,2026-05-01 02:30:00+12:00,2026-05-01 03:00:00+12:00,1.011,KWH,,1,actual
,2026-05-01 02:30:00+12:00,2026-05-01 03:00:00+12:00,0,KWH,,2,actual
,2026-05-01 03:00:00+12:00,2026-05-01 03:30:00+12:00,1.025,KWH,,1,actual
,2026-05-01 03:00:00+12:00,2026-05-01 03:30:00+12:00,0,KWH,,2,actual
,2026-05-01 03:30:00+12:00,2026-05-01 04:00:00+12:00,0,KWH,,2,actual
,2026-05-01 03:30:00+12:00,2026-05-01 04:00:00+12:00,1.044,KWH,,1,actual
,2026-05-01 04:00:00+12:00,2026-05-01 04:30:00+12:00,1.126,KWH,,1,actual
,2026-05-01 04:00:00+12:00,2026-05-01 04:30:00+12:00,0,KWH,,2,actual
,2026-05-01 04:30:00+12:00,2026-05-01 05:00:00+12:00,0,KWH,,2,actual
,2026-05-01 04:30:00+12:00,2026-05-01 05:00:00+12:00,1.132,KWH,,1,actual
,2026-05-01 05:00:00+12:00,2026-05-01 05:30:00+12:00,0,KWH,,2,actual
,2026-05-01 05:00:00+12:00,2026-05-01 05:30:00+12:00,1.215,KWH,,1,actual
,2026-05-01 05:30:00+12:00,2026-05-01 06:00:00+12:00,1.146,KWH,,1,actual
,2026-05-01 05:30:00+12:00,2026-05-01 06:00:00+12:00,0,KWH,,2,actual
,2026-05-01 06:00:00+12:00,2026-05-01 06:30:00+12:00,1.151,KWH,,1,actual
,2026-05-01 06:00:00+12:00,2026-05-01 06:30:00+12:00,0,KWH,,2,actual
,2026-05-01 06:30:00+12:00,2026-05-01 07:00:00+12:00,1.148,KWH,,1,actual
,2026-05-01 06:30:00+12:00,2026-05-01 07:00:00+12:00,0,KWH,,2,actual
,2026-05-01 07:00:00+12:00,2026-05-01 07:30:00+12:00,0.881,KWH,,2,actual
,2026-05-01 07:00:00+12:00,2026-05-01 07:30:00+12:00,1.081,KWH,,1,actual
,2026-05-01 07:30:00+12:00,2026-05-01 08:00:00+12:00,1.428,KWH,,2,actual
,2026-05-01 07:30:00+12:00,2026-05-01 08:00:00+12:00,2.337,KWH,,1,actual
,2026-05-01 08:00:00+12:00,2026-05-01 08:30:00+12:00,0.6,KWH,,2,actual
,2026-05-01 08:00:00+12:00,2026-05-01 08:30:00+12:00,1.888,KWH,,1,actual
,2026-05-01 08:30:00+12:00,2026-05-01 09:00:00+12:00,1.472,KWH,,1,actual
,2026-05-01 08:30:00+12:00,2026-05-01 09:00:00+12:00,0,KWH,,2,actual
,2026-05-01 09:00:00+12:00,2026-05-01 09:30:00+12:00,1.42,KWH,,1,actual
,2026-05-01 09:00:00+12:00,2026-05-01 09:30:00+12:00,0,KWH,,2,actual
,2026-05-01 09:30:00+12:00,2026-05-01 10:00:00+12:00,1.78,KWH,,1,actual
,2026-05-01 09:30:00+12:00,2026-05-01 10:00:00+12:00,0.814,KWH,,2,actual
,2026-05-01 10:00:00+12:00,2026-05-01 10:30:00+12:00,1.45,KWH,,2,actual
,2026-05-01 10:00:00+12:00,2026-05-01 10:30:00+12:00,1.542,KWH,,1,actual
,2026-05-01 10:30:00+12:00,2026-05-01 11:00:00+12:00,1.275,KWH,,1,actual
,2026-05-01 10:30:00+12:00,2026-05-01 11:00:00+12:00,0.938,KWH,,2,actual
,2026-05-01 11:00:00+12:00,2026-05-01 11:30:00+12:00,0,KWH,,2,actual
,2026-05-01 11:00:00+12:00,2026-05-01 11:30:00+12:00,0.97,KWH,,1,actual
,2026-05-01 11:30:00+12:00,2026-05-01 12:00:00+12:00,0,KWH,,2,actual
,2026-05-01 11:30:00+12:00,2026-05-01 12:00:00+12:00,0.574,KWH,,1,actual
,2026-05-01 12:00:00+12:00,2026-05-01 12:30:00+12:00,0.313,KWH,,1,actual
,2026-05-01 12:00:00+12:00,2026-05-01 12:30:00+12:00,0,KWH,,2,actual
,2026-05-01 12:30:00+12:00,2026-05-01 13:00:00+12:00,0,KWH,,2,actual
,2026-05-01 12:30:00+12:00,2026-05-01 13:00:00+12:00,0.33,KWH,,1,actual
,2026-05-01 13:00:00+12:00,2026-05-01 13:30:00+12:00,0.264,KWH,,1,actual
,2026-05-01 13:00:00+12:00,2026-05-01 13:30:00+12:00,0,KWH,,2,actual
,2026-05-01 13:30:00+12:00,2026-05-01 14:00:00+12:00,0.247,KWH,,1,actual
,2026-05-01 13:30:00+12:00,2026-05-01 14:00:00+12:00,0,KWH,,2,actual
,2026-05-01 14:00:00+12:00,2026-05-01 14:30:00+12:00,0,KWH,,2,actual
,2026-05-01 14:00:00+12:00,2026-05-01 14:30:00+12:00,0.239,KWH,,1,actual
,2026-05-01 14:30:00+12:00,2026-05-01 15:00:00+12:00,0.278,KWH,,1,actual
,2026-05-01 14:30:00+12:00,2026-05-01 15:00:00+12:00,0,KWH,,2,actual
,2026-05-01 15:00:00+12:00,2026-05-01 15:30:00+12:00,0,KWH,,2,actual
,2026-05-01 15:00:00+12:00,2026-05-01 15:30:00+12:00,0.313,KWH,,1,actual
,2026-05-01 15:30:00+12:00,2026-05-01 16:00:00+12:00,0,KWH,,2,actual
,2026-05-01 15:30:00+12:00,2026-05-01 16:00:00+12:00,0.199,KWH,,1,actual
,2026-05-01 16:00:00+12:00,2026-05-01 16:30:00+12:00,0.243,KWH,,1,actual
,2026-05-01 16:00:00+12:00,2026-05-01 16:30:00+12:00,0,KWH,,2,actual
,2026-05-01 16:30:00+12:00,2026-05-01 17:00:00+12:00,0.242,KWH,,1,actual
,2026-05-01 16:30:00+12:00,2026-05-01 17:00:00+12:00,0,KWH,,2,actual
,2026-05-01 17:00:00+12:00,2026-05-01 17:30:00+12:00,0,KWH,,2,actual
,2026-05-01 17:00:00+12:00,2026-05-01 17:30:00+12:00,0.221,KWH,,1,actual
,2026-05-01 17:30:00+12:00,2026-05-01 18:00:00+12:00,0.251,KWH,,1,actual
,2026-05-01 17:30:00+12:00,2026-05-01 18:00:00+12:00,1.193,KWH,,2,actual
,2026-05-01 18:00:00+12:00,2026-05-01 18:30:00+12:00,0.249,KWH,,1,actual
,2026-05-01 18:00:00+12:00,2026-05-01 18:30:00+12:00,0.24,KWH,,2,actual
,2026-05-01 18:30:00+12:00,2026-05-01 19:00:00+12:00,0,KWH,,2,actual
,2026-05-01 18:30:00+12:00,2026-05-01 19:00:00+12:00,0.328,KWH,,1,actual
,2026-05-01 19:00:00+12:00,2026-05-01 19:30:00+12:00,0,KWH,,2,actual
,2026-05-01 19:00:00+12:00,2026-05-01 19:30:00+12:00,0.34,KWH,,1,actual
,2026-05-01 19:30:00+12:00,2026-05-01 20:00:00+12:00,0,KWH,,2,actual
,2026-05-01 19:30:00+12:00,2026-05-01 20:00:00+12:00,0.302,KWH,,1,actual
,2026-05-01 20:00:00+12:00,2026-05-01 20:30:00+12:00,0,KWH,,2,actual
,2026-05-01 20:00:00+12:00,2026-05-01 20:30:00+12:00,0.644,KWH,,1,actual
,2026-05-01 20:30:00+12:00,2026-05-01 21:00:00+12:00,0,KWH,,2,actual
,2026-05-01 20:30:00+12:00,2026-05-01 21:00:00+12:00,0.894,KWH,,1,actual
,2026-05-01 21:00:00+12:00,2026-05-01 21:30:00+12:00,0,KWH,,2,actual
,2026-05-01 21:00:00+12:00,2026-05-01 21:30:00+12:00,0.97,KWH,,1,actual
,2026-05-01 21:30:00+12:00,2026-05-01 22:00:00+12:00,1.074,KWH,,1,actual
,2026-05-01 21:30:00+12:00,2026-05-01 22:00:00+12:00,0,KWH,,2,actual
,2026-05-01 22:00:00+12:00,2026-05-01 22:30:00+12:00,1.051,KWH,,1,actual
,2026-05-01 22:00:00+12:00,2026-05-01 22:30:00+12:00,0,KWH,,2,actual
,2026-05-01 22:30:00+12:00,2026-05-01 23:00:00+12:00,1.042,KWH,,1,actual
,2026-05-01 22:30:00+12:00,2026-05-01 23:00:00+12:00,0,KWH,,2,actual
,2026-05-01 23:00:00+12:00,2026-05-01 23:30:00+12:00,1.176,KWH,,1,actual
,2026-05-01 23:00:00+12:00,2026-05-01 23:30:00+12:00,0.426,KWH,,2,actual
,2026-05-01 23:30:00+12:00,2026-05-02 00:00:00+12:00,1.526,KWH,,2,actual
,2026-05-01 23:30:00+12:00,2026-05-02 00:00:00+12:00,1.07,KWH,,1,actual
,2026-05-02 00:00:00+12:00,2026-05-02 00:30:00+12:00,1.547,KWH,,2,actual
,2026-05-02 00:00:00+12:00,2026-05-02 00:30:00+12:00,0.723,KWH,,1,actual
,2026-05-02 00:30:00+12:00,2026-05-02 01:00:00+12:00,0.768,KWH,,1,actual
,2026-05-02 00:30:00+12:00,2026-05-02 01:00:00+12:00,0.468,KWH,,2,actual
,2026-05-02 01:00:00+12:00,2026-05-02 01:30:00+12:00,0.641,KWH,,1,actual
,2026-05-02 01:00:00+12:00,2026-05-02 01:30:00+12:00,0,KWH,,2,actual
,2026-05-02 01:30:00+12:00,2026-05-02 02:00:00+12:00,0,KWH,,2,actual
,2026-05-02 01:30:00+12:00,2026-05-02 02:00:00+12:00,0.65,KWH,,1,actual
,2026-05-02 02:00:00+12:00,2026-05-02 02:30:00+12:00,0.624,KWH,,1,actual
,2026-05-02 02:00:00+12:00,2026-05-02 02:30:00+12:00,0,KWH,,2,actual
,2026-05-02 02:30:00+12:00,2026-05-02 03:00:00+12:00,0,KWH,,2,actual
,2026-05-02 02:30:00+12:00,2026-05-02 03:00:00+12:00,0.627,KWH,,1,actual
,2026-05-02 03:00:00+12:00,2026-05-02 03:30:00+12:00,0,KWH,,2,actual
,2026-05-02 03:00:00+12:00,2026-05-02 03:30:00+12:00,0.749,KWH,,1,actual
,2026-05-02 03:30:00+12:00,2026-05-02 04:00:00+12:00,0.672,KWH,,1,actual
,2026-05-02 03:30:00+12:00,2026-05-02 04:00:00+12:00,0,KWH,,2,actual
,2026-05-02 04:00:00+12:00,2026-05-02 04:30:00+12:00,0,KWH,,2,actual
,2026-05-02 04:00:00+12:00,2026-05-02 04:30:00+12:00,0.692,KWH,,1,actual
,2026-05-02 04:30:00+12:00,2026-05-02 05:00:00+12:00,0.724,KWH,,1,actual
,2026-05-02 04:30:00+12:00,2026-05-02 05:00:00+12:00,0,KWH,,2,actual
,2026-05-02 05:00:00+12:00,2026-05-02 05:30:00+12:00,0.671,KWH,,1,actual
,2026-05-02 05:00:00+12:00,2026-05-02 05:30:00+12:00,0,KWH,,2,actual
,2026-05-02 05:30:00+12:00,2026-05-02 06:00:00+12:00,0,KWH,,2,actual
,2026-05-02 05:30:00+12:00,2026-05-02 06:00:00+12:00,0.705,KWH,,1,actual
,2026-05-02 06:00:00+12:00,2026-05-02 06:30:00+12:00,0,KWH,,2,actual
,2026-05-02 06:00:00+12:00,2026-05-02 06:30:00+12:00,0.695,KWH,,1,actual
,2026-05-02 06:30:00+12:00,2026-05-02 07:00:00+12:00,0,KWH,,2,actual
,2026-05-02 06:30:00+12:00,2026-05-02 07:00:00+12:00,0.652,KWH,,1,actual
,2026-05-02 07:00:00+12:00,2026-05-02 07:30:00+12:00,0.579,KWH,,1,actual
,2026-05-02 07:00:00+12:00,2026-05-02 07:30:00+12:00,0,KWH,,2,actual
,2026-05-02 07:30:00+12:00,2026-05-02 08:00:00+12:00,0.513,KWH,,1,actual
,2026-05-02 07:30:00+12:00,2026-05-02 08:00:00+12:00,0,KWH,,2,actual
,2026-05-02 08:00:00+12:00,2026-05-02 08:30:00+12:00,0.638,KWH,,1,actual
,2026-05-02 08:00:00+12:00,2026-05-02 08:30:00+12:00,0,KWH,,2,actual
,2026-05-02 08:30:00+12:00,2026-05-02 09:00:00+12:00,0.754,KWH,,2,actual
,2026-05-02 08:30:00+12:00,2026-05-02 09:00:00+12:00,1.239,KWH,,1,actual
,2026-05-02 09:00:00+12:00,2026-05-02 09:30:00+12:00,0.945,KWH,,2,actual
,2026-05-02 09:00:00+12:00,2026-05-02 09:30:00+12:00,1.078,KWH,,1,actual
,2026-05-02 09:30:00+12:00,2026-05-02 10:00:00+12:00,0,KWH,,2,actual
,2026-05-02 09:30:00+12:00,2026-05-02 10:00:00+12:00,2.598,KWH,,1,actual
,2026-05-02 10:00:00+12:00,2026-05-02 10:30:00+12:00,2.707,KWH,,1,actual
,2026-05-02 10:00:00+12:00,2026-05-02 10:30:00+12:00,0.361,KWH,,2,actual
,2026-05-02 10:30:00+12:00,2026-05-02 11:00:00+12:00,1.479,KWH,,2,actual
,2026-05-02 10:30:00+12:00,2026-05-02 11:00:00+12:00,1.562,KWH,,1,actual
,2026-05-02 11:00:00+12:00,2026-05-02 11:30:00+12:00,0.099,KWH,,1,actual
,2026-05-02 11:00:00+12:00,2026-05-02 11:30:00+12:00,1.259,KWH,,2,actual
,2026-05-02 11:30:00+12:00,2026-05-02 12:00:00+12:00,0.092,KWH,,1,actual
,2026-05-02 11:30:00+12:00,2026-05-02 12:00:00+12:00,0,KWH,,2,actual
,2026-05-02 12:00:00+12:00,2026-05-02 12:30:00+12:00,0.113,KWH,,1,actual
,2026-05-02 12:00:00+12:00,2026-05-02 12:30:00+12:00,0,KWH,,2,actual
,2026-05-02 12:30:00+12:00,2026-05-02 13:00:00+12:00,0,KWH,,2,actual
,2026-05-02 12:30:00+12:00,2026-05-02 13:00:00+12:00,0.088,KWH,,1,actual
,2026-05-02 13:00:00+12:00,2026-05-02 13:30:00+12:00,0.109,KWH,,1,actual
,2026-05-02 13:00:00+12:00,2026-05-02 13:30:00+12:00,0,KWH,,2,actual
,2026-05-02 13:30:00+12:00,2026-05-02 14:00:00+12:00,0.097,KWH,,1,actual
,2026-05-02 13:30:00+12:00,2026-05-02 14:00:00+12:00,0,KWH,,2,actual
,2026-05-02 14:00:00+12:00,2026-05-02 14:30:00+12:00,0,KWH,,2,actual
,2026-05-02 14:00:00+12:00,2026-05-02 14:30:00+12:00,0.096,KWH,,1,actual
,2026-05-02 14:30:00+12:00,2026-05-02 15:00:00+12:00,0.136,KWH,,1,actual
,2026-05-02 14:30:00+12:00,2026-05-02 15:00:00+12:00,0,KWH,,2,actual
,2026-05-02 15:00:00+12:00,2026-05-02 15:30:00+12:00,0,KWH,,2,actual
,2026-05-02 15:00:00+12:00,2026-05-02 15:30:00+12:00,0.194,KWH,,1,actual
,2026-05-02 15:30:00+12:00,2026-05-02 16:00:00+12:00,1.472,KWH,,2,actual
,2026-05-02 15:30:00+12:00,2026-05-02 16:00:00+12:00,0.253,KWH,,1,actual
,2026-05-02 16:00:00+12:00,2026-05-02 16:30:00+12:00,0.77,KWH,,1,actual
,2026-05-02 16:00:00+12:00,2026-05-02 16:30:00+12:00,0.395,KWH,,2,actual
,2026-05-02 16:30:00+12:00,2026-05-02 17:00:00+12:00,1.817,KWH,,1,actual
,2026-05-02 16:30:00+12:00,2026-05-02 17:00:00+12:00,1.267,KWH,,2,actual
,2026-05-02 17:00:00+12:00,2026-05-02 17:30:00+12:00,1.457,KWH,,2,actual
,2026-05-02 17:00:00+12:00,2026-05-02 17:30:00+12:00,1.341,KWH,,1,actual
,2026-05-02 17:30:00+12:00,2026-05-02 18:00:00+12:00,1.36,KWH,,1,actual
,2026-05-02 17:30:00+12:00,2026-05-02 18:00:00+12:00,1.473,KWH,,2,actual
,2026-05-02 18:00:00+12:00,2026-05-02 18:30:00+12:00,0.423,KWH,,1,actual
,2026-05-02 18:00:00+12:00,2026-05-02 18:30:00+12:00,1.465,KWH,,2,actual
,2026-05-02 18:30:00+12:00,2026-05-02 19:00:00+12:00,1.502,KWH,,2,actual
,2026-05-02 18:30:00+12:00,2026-05-02 19:00:00+12:00,0.283,KWH,,1,actual
,2026-05-02 19:00:00+12:00,2026-05-02 19:30:00+12:00,1.48,KWH,,2,actual
,2026-05-02 19:00:00+12:00,2026-05-02 19:30:00+12:00,0.237,KWH,,1,actual
,2026-05-02 19:30:00+12:00,2026-05-02 20:00:00+12:00,1.47,KWH,,2,actual
,2026-05-02 19:30:00+12:00,2026-05-02 20:00:00+12:00,0.643,KWH,,1,actual
,2026-05-02 20:00:00+12:00,2026-05-02 20:30:00+12:00,1.494,KWH,,2,actual
,2026-05-02 20:00:00+12:00,2026-05-02 20:30:00+12:00,0.664,KWH,,1,actual
,2026-05-02 20:30:00+12:00,2026-05-02 21:00:00+12:00,1.207,KWH,,2,actual
,2026-05-02 20:30:00+12:00,2026-05-02 21:00:00+12:00,0.667,KWH,,1,actual
,2026-05-02 21:00:00+12:00,2026-05-02 21:30:00+12:00,0,KWH,,2,actual
,2026-05-02 21:00:00+12:00,2026-05-02 21:30:00+12:00,1.074,KWH,,1,actual
,2026-05-02 21:30:00+12:00,2026-05-02 22:00:00+12:00,2.973,KWH,,1,actual
,2026-05-02 21:30:00+12:00,2026-05-02 22:00:00+12:00,0,KWH,,2,actual
,2026-05-02 22:00:00+12:00,2026-05-02 22:30:00+12:00,2.512,KWH,,1,actual
,2026-05-02 22:00:00+12:00,2026-05-02 22:30:00+12:00,0,KWH,,2,actual
,2026-05-02 22:30:00+12:00,2026-05-02 23:00:00+12:00,2.669,KWH,,1,actual
,2026-05-02 22:30:00+12:00,2026-05-02 23:00:00+12:00,0,KWH,,2,actual
,2026-05-02 23:00:00+12:00,2026-05-02 23:30:00+12:00,2.643,KWH,,1,actual
,2026-05-02 23:00:00+12:00,2026-05-02 23:30:00+12:00,0,KWH,,2,actual
,2026-05-02 23:30:00+12:00,2026-05-03 00:00:00+12:00,0,KWH,,2,actual
,2026-05-02 23:30:00+12:00,2026-05-03 00:00:00+12:00,2.712,KWH,,1,actual
,2026-05-03 00:00:00+12:00,2026-05-03 00:30:00+12:00,0,KWH,,2,actual
,2026-05-03 00:00:00+12:00,2026-05-03 00:30:00+12:00,2.355,KWH,,1,actual
,2026-05-03 00:30:00+12:00,2026-05-03 01:00:00+12:00,2.288,KWH,,1,actual
,2026-05-03 00:30:00+12:00,2026-05-03 01:00:00+12:00,0,KWH,,2,actual
,2026-05-03 01:00:00+12:00,2026-05-03 01:30:00+12:00,2.37,KWH,,1,actual
,2026-05-03 01:00:00+12:00,2026-05-03 01:30:00+12:00,0,KWH,,2,actual
,2026-05-03 01:30:00+12:00,2026-05-03 02:00:00+12:00,0,KWH,,2,actual
,2026-05-03 01:30:00+12:00,2026-05-03 02:00:00+12:00,2.343,KWH,,1,actual
,2026-05-03 02:00:00+12:00,2026-05-03 02:30:00+12:00,2.385,KWH,,1,actual
,2026-05-03 02:00:00+12:00,2026-05-03 02:30:00+12:00,0,KWH,,2,actual
,2026-05-03 02:30:00+12:00,2026-05-03 03:00:00+12:00,0,KWH,,2,actual
,2026-05-03 02:30:00+12:00,2026-05-03 03:00:00+12:00,1.748,KWH,,1,actual
,2026-05-03 03:00:00+12:00,2026-05-03 03:30:00+12:00,0,KWH,,2,actual
,2026-05-03 03:00:00+12:00,2026-05-03 03:30:00+12:00,1.029,KWH,,1,actual
,2026-05-03 03:30:00+12:00,2026-05-03 04:00:00+12:00,0.754,KWH,,1,actual
,2026-05-03 03:30:00+12:00,2026-05-03 04:00:00+12:00,0,KWH,,2,actual
,2026-05-03 04:00:00+12:00,2026-05-03 04:30:00+12:00,0,KWH,,2,actual
,2026-05-03 04:00:00+12:00,2026-05-03 04:30:00+12:00,0.718,KWH,,1,actual
,2026-05-03 04:30:00+12:00,2026-05-03 05:00:00+12:00,0.673,KWH,,1,actual
,2026-05-03 04:30:00+12:00,2026-05-03 05:00:00+12:00,0.056,KWH,,2,actual
,2026-05-03 05:00:00+12:00,2026-05-03 05:30:00+12:00,0.705,KWH,,1,actual
,2026-05-03 05:00:00+12:00,2026-05-03 05:30:00+12:00,1.512,KWH,,2,actual
,2026-05-03 05:30:00+12:00,2026-05-03 06:00:00+12:00,0.022,KWH,,2,actual
,2026-05-03 05:30:00+12:00,2026-05-03 06:00:00+12:00,0.701,KWH,,1,actual
,2026-05-03 06:00:00+12:00,2026-05-03 06:30:00+12:00,0,KWH,,2,actual
,2026-05-03 06:00:00+12:00,2026-05-03 06:30:00+12:00,1.269,KWH,,1,actual
,2026-05-03 06:30:00+12:00,2026-05-03 07:00:00+12:00,0,KWH,,2,actual
,2026-05-03 06:30:00+12:00,2026-05-03 07:00:00+12:00,1.172,KWH,,1,actual
,2026-05-03 07:00:00+12:00,2026-05-03 07:30:00+12:00,0.992,KWH,,1,actual
,2026-05-03 07:00:00+12:00,2026-05-03 07:30:00+12:00,0,KWH,,2,actual
,2026-05-03 07:30:00+12:00,2026-05-03 08:00:00+12:00,0.922,KWH,,1,actual
,2026-05-03 07:30:00+12:00,2026-05-03 08:00:00+12:00,0,KWH,,2,actual
,2026-05-03 08:00:00+12:00,2026-05-03 08:30:00+12:00,0.787,KWH,,1,actual
,2026-05-03 08:00:00+12:00,2026-05-03 08:30:00+12:00,0,KWH,,2,actual
,2026-05-03 08:30:00+12:00,2026-05-03 09:00:00+12:00,0,KWH,,2,actual
,2026-05-03 08:30:00+12:00,2026-05-03 09:00:00+12:00,1.269,KWH,,1,actual
,2026-05-03 09:00:00+12:00,2026-05-03 09:30:00+12:00,0,KWH,,2,actual
,2026-05-03 09:00:00+12:00,2026-05-03 09:30:00+12:00,0.795,KWH,,1,actual
,2026-05-03 09:30:00+12:00,2026-05-03 10:00:00+12:00,0,KWH,,2,actual
,2026-05-03 09:30:00+12:00,2026-05-03 10:00:00+12:00,0.454,KWH,,1,actual
,2026-05-03 10:00:00+12:00,2026-05-03 10:30:00+12:00,0.077,KWH,,1,actual
,2026-05-03 10:00:00+12:00,2026-05-03 10:30:00+12:00,0,KWH,,2,actual
,2026-05-03 10:30:00+12:00,2026-05-03 11:00:00+12:00,0,KWH,,2,actual
,2026-05-03 10:30:00+12:00,2026-05-03 11:00:00+12:00,0.104,KWH,,1,actual
,2026-05-03 11:00:00+12:00,2026-05-03 11:30:00+12:00,0.076,KWH,,1,actual
,2026-05-03 11:00:00+12:00,2026-05-03 11:30:00+12:00,0,KWH,,2,actual
,2026-05-03 11:30:00+12:00,2026-05-03 12:00:00+12:00,0.248,KWH,,1,actual
,2026-05-03 11:30:00+12:00,2026-05-03 12:00:00+12:00,0.615,KWH,,2,actual
,2026-05-03 12:00:00+12:00,2026-05-03 12:30:00+12:00,0.892,KWH,,2,actual
,2026-05-03 12:00:00+12:00,2026-05-03 12:30:00+12:00,1.366,KWH,,1,actual
,2026-05-03 12:30:00+12:00,2026-05-03 13:00:00+12:00,1.554,KWH,,1,actual
,2026-05-03 12:30:00+12:00,2026-05-03 13:00:00+12:00,0,KWH,,2,actual
,2026-05-03 13:00:00+12:00,2026-05-03 13:30:00+12:00,0,KWH,,2,actual
,2026-05-03 13:00:00+12:00,2026-05-03 13:30:00+12:00,1.065,KWH,,1,actual
,2026-05-03 13:30:00+12:00,2026-05-03 14:00:00+12:00,0,KWH,,2,actual
,2026-05-03 13:30:00+12:00,2026-05-03 14:00:00+12:00,0.227,KWH,,1,actual
,2026-05-03 14:00:00+12:00,2026-05-03 14:30:00+12:00,0.472,KWH,,1,actual
,2026-05-03 14:00:00+12:00,2026-05-03 14:30:00+12:00,0,KWH,,2,actual
,2026-05-03 14:30:00+12:00,2026-05-03 15:00:00+12:00,0,KWH,,2,actual
,2026-05-03 14:30:00+12:00,2026-05-03 15:00:00+12:00,0.7,KWH,,1,actual
,2026-05-03 15:00:00+12:00,2026-05-03 15:30:00+12:00,0.19,KWH,,1,actual
,2026-05-03 15:00:00+12:00,2026-05-03 15:30:00+12:00,0,KWH,,2,actual
,2026-05-03 15:30:00+12:00,2026-05-03 16:00:00+12:00,0.198,KWH,,1,actual
,2026-05-03 15:30:00+12:00,2026-05-03 16:00:00+12:00,1.18,KWH,,2,actual
,2026-05-03 16:00:00+12:00,2026-05-03 16:30:00+12:00,0.297,KWH,,2,actual
,2026-05-03 16:00:00+12:00,2026-05-03 16:30:00+12:00,0.247,KWH,,1,actual
,2026-05-03 16:30:00+12:00,2026-05-03 17:00:00+12:00,0,KWH,,2,actual
,2026-05-03 16:30:00+12:00,2026-05-03 17:00:00+12:00,0.257,KWH,,1,actual
,2026-05-03 17:00:00+12:00,2026-05-03 17:30:00+12:00,0.251,KWH,,1,actual
,2026-05-03 17:00:00+12:00,2026-05-03 17:30:00+12:00,0,KWH,,2,actual
,2026-05-03 17:30:00+12:00,2026-05-03 18:00:00+12:00,0,KWH,,2,actual
,2026-05-03 17:30:00+12:00,2026-05-03 18:00:00+12:00,0.229,KWH,,1,actual
,2026-05-03 18:00:00+12:00,2026-05-03 18:30:00+12:00,0,KWH,,2,actual
,2026-05-03 18:00:00+12:00,2026-05-03 18:30:00+12:00,0.945,KWH,,1,actual
,2026-05-03 18:30:00+12:00,2026-05-03 19:00:00+12:00,1.252,KWH,,1,actual
,2026-05-03 18:30:00+12:00,2026-05-03 19:00:00+12:00,0,KWH,,2,actual
,2026-05-03 19:00:00+12:00,2026-05-03 19:30:00+12:00,0.983,KWH,,1,actual
,2026-05-03 19:00:00+12:00,2026-05-03 19:30:00+12:00,0,KWH,,2,actual
,2026-05-03 19:30:00+12:00,2026-05-03 20:00:00+12:00,1.134,KWH,,1,actual
,2026-05-03 19:30:00+12:00,2026-05-03 20:00:00+12:00,0,KWH,,2,actual
,2026-05-03 20:00:00+12:00,2026-05-03 20:30:00+12:00,0.847,KWH,,1,actual
,2026-05-03 20:00:00+12:00,2026-05-03 20:30:00+12:00,0.255,KWH,,2,actual
,2026-05-03 20:30:00+12:00,2026-05-03 21:00:00+12:00,1.825,KWH,,1,actual
,2026-05-03 20:30:00+12:00,2026-05-03 21:00:00+12:00,1.476,KWH,,2,actual
,2026-05-03 21:00:00+12:00,2026-05-03 21:30:00+12:00,1.503,KWH,,1,actual
,2026-05-03 21:00:00+12:00,2026-05-03 21:30:00+12:00,0.71,KWH,,2,actual
,2026-05-03 21:30:00+12:00,2026-05-03 22:00:00+12:00,1.164,KWH,,2,actual
,2026-05-03 21:30:00+12:00,2026-05-03 22:00:00+12:00,2.276,KWH,,1,actual
,2026-05-03 22:00:00+12:00,2026-05-03 22:30:00+12:00,1.533,KWH,,2,actual
,2026-05-03 22:00:00+12:00,2026-05-03 22:30:00+12:00,0.716,KWH,,1,actual
,2026-05-03 22:30:00+12:00,2026-05-03 23:00:00+12:00,1.542,KWH,,2,actual
,2026-05-03 22:30:00+12:00,2026-05-03 23:00:00+12:00,0.206,KWH,,1,actual
,2026-05-03 23:00:00+12:00,2026-05-03 23:30:00+12:00,1.546,KWH,,2,actual
,2026-05-03 23:00:00+12:00,2026-05-03 23:30:00+12:00,0.229,KWH,,1,actual
,2026-05-03 23:30:00+12:00,2026-05-04 00:00:00+12:00,0.227,KWH,,1,actual
,2026-05-03 23:30:00+12:00,2026-05-04 00:00:00+12:00,0.776,KWH,,2,actual
,2026-05-04 00:00:00+12:00,2026-05-04 00:30:00+12:00,0.226,KWH,,1,actual
,2026-05-04 00:00:00+12:00,2026-05-04 00:30:00+12:00,0,KWH,,2,actual
,2026-05-04 00:30:00+12:00,2026-05-04 01:00:00+12:00,0,KWH,,2,actual
,2026-05-04 00:30:00+12:00,2026-05-04 01:00:00+12:00,0.233,KWH,,1,actual
,2026-05-04 01:00:00+12:00,2026-05-04 01:30:00+12:00,0,KWH,,2,actual
,2026-05-04 01:00:00+12:00,2026-05-04 01:30:00+12:00,0.228,KWH,,1,actual
,2026-05-04 01:30:00+12:00,2026-05-04 02:00:00+12:00,0.226,KWH,,1,actual
,2026-05-04 01:30:00+12:00,2026-05-04 02:00:00+12:00,0,KWH,,2,actual
,2026-05-04 02:00:00+12:00,2026-05-04 02:30:00+12:00,0,KWH,,2,actual
,2026-05-04 02:00:00+12:00,2026-05-04 02:30:00+12:00,0.238,KWH,,1,actual
,2026-05-04 02:30:00+12:00,2026-05-04 03:00:00+12:00,0.235,KWH,,1,actual
,2026-05-04 02:30:00+12:00,2026-05-04 03:00:00+12:00,0,KWH,,2,actual
,2026-05-04 03:00:00+12:00,2026-05-04 03:30:00+12:00,0.232,KWH,,1,actual
,2026-05-04 03:00:00+12:00,2026-05-04 03:30:00+12:00,0,KWH,,2,actual
,2026-05-04 03:30:00+12:00,2026-05-04 04:00:00+12:00,0,KWH,,2,actual
,2026-05-04 03:30:00+12:00,2026-05-04 04:00:00+12:00,0.278,KWH,,1,actual
,2026-05-04 04:00:00+12:00,2026-05-04 04:30:00+12:00,0.258,KWH,,1,actual
,2026-05-04 04:00:00+12:00,2026-05-04 04:30:00+12:00,0,KWH,,2,actual
,2026-05-04 04:30:00+12:00,2026-05-04 05:00:00+12:00,0,KWH,,2,actual
,2026-05-04 04:30:00+12:00,2026-05-04 05:00:00+12:00,0.309,KWH,,1,actual
,2026-05-04 05:00:00+12:00,2026-05-04 05:30:00+12:00,0,KWH,,2,actual
,2026-05-04 05:00:00+12:00,2026-05-04 05:30:00+12:00,0.268,KWH,,1,actual
,2026-05-04 05:30:00+12:00,2026-05-04 06:00:00+12:00,0.36,KWH,,1,actual
,2026-05-04 05:30:00+12:00,2026-05-04 06:00:00+12:00,0,KWH,,2,actual
,2026-05-04 06:00:00+12:00,2026-05-04 06:30:00+12:00,0.938,KWH,,1,actual
,2026-05-04 06:00:00+12:00,2026-05-04 06:30:00+12:00,0,KWH,,2,actual
,2026-05-04 06:30:00+12:00,2026-05-04 07:00:00+12:00,0.846,KWH,,1,actual
,2026-05-04 06:30:00+12:00,2026-05-04 07:00:00+12:00,0,KWH,,2,actual
,2026-05-04 07:00:00+12:00,2026-05-04 07:30:00+12:00,0,KWH,,2,actual
,2026-05-04 07:00:00+12:00,2026-05-04 07:30:00+12:00,0.611,KWH,,1,actual
,2026-05-04 07:30:00+12:00,2026-05-04 08:00:00+12:00,0,KWH,,2,actual
,2026-05-04 07:30:00+12:00,2026-05-04 08:00:00+12:00,0.531,KWH,,1,actual
,2026-05-04 08:00:00+12:00,2026-05-04 08:30:00+12:00,0,KWH,,2,actual
,2026-05-04 08:00:00+12:00,2026-05-04 08:30:00+12:00,0.549,KWH,,1,actual
,2026-05-04 08:30:00+12:00,2026-05-04 09:00:00+12:00,0.483,KWH,,1,actual
,2026-05-04 08:30:00+12:00,2026-05-04 09:00:00+12:00,1.395,KWH,,2,actual
,2026-05-04 09:00:00+12:00,2026-05-04 09:30:00+12:00,0.228,KWH,,1,actual
,2026-05-04 09:00:00+12:00,2026-05-04 09:30:00+12:00,0.365,KWH,,2,actual
,2026-05-04 09:30:00+12:00,2026-05-04 10:00:00+12:00,0.194,KWH,,1,actual
,2026-05-04 09:30:00+12:00,2026-05-04 10:00:00+12:00,0,KWH,,2,actual
,2026-05-04 10:00:00+12:00,2026-05-04 10:30:00+12:00,0,KWH,,2,actual
,2026-05-04 10:00:00+12:00,2026-05-04 10:30:00+12:00,0.252,KWH,,1,actual
,2026-05-04 10:30:00+12:00,2026-05-04 11:00:00+12:00,0.665,KWH,,1,actual
,2026-05-04 10:30:00+12:00,2026-05-04 11:00:00+12:00,0,KWH,,2,actual
,2026-05-04 11:00:00+12:00,2026-05-04 11:30:00+12:00,0,KWH,,2,actual
,2026-05-04 11:00:00+12:00,2026-05-04 11:30:00+12:00,0.249,KWH,,1,actual
,2026-05-04 11:30:00+12:00,2026-05-04 12:00:00+12:00,0,KWH,,2,actual
,2026-05-04 11:30:00+12:00,2026-05-04 12:00:00+12:00,0.331,KWH,,1,actual
,2026-05-04 12:00:00+12:00,2026-05-04 12:30:00+12:00,0.374,KWH,,1,actual
,2026-05-04 12:00:00+12:00,2026-05-04 12:30:00+12:00,0,KWH,,2,actual
,2026-05-04 12:30:00+12:00,2026-05-04 13:00:00+12:00,0.537,KWH,,2,actual
,2026-05-04 12:30:00+12:00,2026-05-04 13:00:00+12:00,0.155,KWH,,1,actual
,2026-05-04 13:00:00+12:00,2026-05-04 13:30:00+12:00,0.436,KWH,,1,actual
,2026-05-04 13:00:00+12:00,2026-05-04 13:30:00+12:00,1.032,KWH,,2,actual
,2026-05-04 13:30:00+12:00,2026-05-04 14:00:00+12:00,0.176,KWH,,1,actual
,2026-05-04 13:30:00+12:00,2026-05-04 14:00:00+12:00,0,KWH,,2,actual
,2026-05-04 14:00:00+12:00,2026-05-04 14:30:00+12:00,0,KWH,,2,actual
,2026-05-04 14:00:00+12:00,2026-05-04 14:30:00+12:00,0.393,KWH,,1,actual
,2026-05-04 14:30:00+12:00,2026-05-04 15:00:00+12:00,0.182,KWH,,1,actual
,2026-05-04 14:30:00+12:00,2026-05-04 15:00:00+12:00,0,KWH,,2,actual
,2026-05-04 15:00:00+12:00,2026-05-04 15:30:00+12:00,0,KWH,,2,actual
,2026-05-04 15:00:00+12:00,2026-05-04 15:30:00+12:00,0.351,KWH,,1,actual
,2026-05-04 15:30:00+12:00,2026-05-04 16:00:00+12:00,0,KWH,,2,actual
,2026-05-04 15:30:00+12:00,2026-05-04 16:00:00+12:00,0.398,KWH,,1,actual
,2026-05-04 16:00:00+12:00,2026-05-04 16:30:00+12:00,0.644,KWH,,1,actual
,2026-05-04 16:00:00+12:00,2026-05-04 16:30:00+12:00,0,KWH,,2,actual
,2026-05-04 16:30:00+12:00,2026-05-04 17:00:00+12:00,0.664,KWH,,1,actual
,2026-05-04 16:30:00+12:00,2026-05-04 17:00:00+12:00,0,KWH,,2,actual
,2026-05-04 17:00:00+12:00,2026-05-04 17:30:00+12:00,0,KWH,,2,actual
,2026-05-04 17:00:00+12:00,2026-05-04 17:30:00+12:00,0.661,KWH,,1,actual
,2026-05-04 17:30:00+12:00,2026-05-04 18:00:00+12:00,1.064,KWH,,1,actual
,2026-05-04 17:30:00+12:00,2026-05-04 18:00:00+12:00,0,KWH,,2,actual
,2026-05-04 18:00:00+12:00,2026-05-04 18:30:00+12:00,1.201,KWH,,1,actual
,2026-05-04 18:00:00+12:00,2026-05-04 18:30:00+12:00,0.566,KWH,,2,actual
,2026-05-04 18:30:00+12:00,2026-05-04 19:00:00+12:00,1.5,KWH,,2,actual
,2026-05-04 18:30:00+12:00,2026-05-04 19:00:00+12:00,0.782,KWH,,1,actual
,2026-05-04 19:00:00+12:00,2026-05-04 19:30:00+12:00,1.475,KWH,,2,actual
,2026-05-04 19:00:00+12:00,2026-05-04 19:30:00+12:00,1.389,KWH,,1,actual
,2026-05-04 19:30:00+12:00,2026-05-04 20:00:00+12:00,0.909,KWH,,2,actual
,2026-05-04 19:30:00+12:00,2026-05-04 20:00:00+12:00,0.828,KWH,,1,actual
,2026-05-04 20:00:00+12:00,2026-05-04 20:30:00+12:00,0,KWH,,2,actual
,2026-05-04 20:00:00+12:00,2026-05-04 20:30:00+12:00,1.075,KWH,,1,actual
,2026-05-04 20:30:00+12:00,2026-05-04 21:00:00+12:00,0,KWH,,2,actual
,2026-05-04 20:30:00+12:00,2026-05-04 21:00:00+12:00,1.164,KWH,,1,actual
,2026-05-04 21:00:00+12:00,2026-05-04 21:30:00+12:00,0,KWH,,2,actual
,2026-05-04 21:00:00+12:00,2026-05-04 21:30:00+12:00,0.737,KWH,,1,actual
,2026-05-04 21:30:00+12:00,2026-05-04 22:00:00+12:00,1.009,KWH,,1,actual
,2026-05-04 21:30:00+12:00,2026-05-04 22:00:00+12:00,0.457,KWH,,2,actual
,2026-05-04 22:00:00+12:00,2026-05-04 22:30:00+12:00,1.435,KWH,,1,actual
,2026-05-04 22:00:00+12:00,2026-05-04 22:30:00+12:00,1.516,KWH,,2,actual
,2026-05-04 22:30:00+12:00,2026-05-04 23:00:00+12:00,0.903,KWH,,1,actual
,2026-05-04 22:30:00+12:00,2026-05-04 23:00:00+12:00,1.527,KWH,,2,actual
,2026-05-04 23:00:00+12:00,2026-05-04 23:30:00+12:00,1.105,KWH,,1,actual
,2026-05-04 23:00:00+12:00,2026-05-04 23:30:00+12:00,1.514,KWH,,2,actual
,2026-05-04 23:30:00+12:00,2026-05-05 00:00:00+12:00,1.156,KWH,,2,actual
,2026-05-04 23:30:00+12:00,2026-05-05 00:00:00+12:00,0.448,KWH,,1,actual
,2026-05-05 00:00:00+12:00,2026-05-05 00:30:00+12:00,0,KWH,,2,actual
,2026-05-05 00:00:00+12:00,2026-05-05 00:30:00+12:00,0.428,KWH,,1,actual
,2026-05-05 00:30:00+12:00,2026-05-05 01:00:00+12:00,0.444,KWH,,1,actual
,2026-05-05 00:30:00+12:00,2026-05-05 01:00:00+12:00,0,KWH,,2,actual
,2026-05-05 01:00:00+12:00,2026-05-05 01:30:00+12:00,0.512,KWH,,1,actual
,2026-05-05 01:00:00+12:00,2026-05-05 01:30:00+12:00,0,KWH,,2,actual
,2026-05-05 01:30:00+12:00,2026-05-05 02:00:00+12:00,0,KWH,,2,actual
,2026-05-05 01:30:00+12:00,2026-05-05 02:00:00+12:00,0.458,KWH,,1,actual
,2026-05-05 02:00:00+12:00,2026-05-05 02:30:00+12:00,0.515,KWH,,1,actual
,2026-05-05 02:00:00+12:00,2026-05-05 02:30:00+12:00,0,KWH,,2,actual
,2026-05-05 02:30:00+12:00,2026-05-05 03:00:00+12:00,0,KWH,,2,actual
,2026-05-05 02:30:00+12:00,2026-05-05 03:00:00+12:00,0.52,KWH,,1,actual
,2026-05-05 03:00:00+12:00,2026-05-05 03:30:00+12:00,0,KWH,,2,actual
,2026-05-05 03:00:00+12:00,2026-05-05 03:30:00+12:00,0.541,KWH,,1,actual
,2026-05-05 03:30:00+12:00,2026-05-05 04:00:00+12:00,0.611,KWH,,1,actual
,2026-05-05 03:30:00+12:00,2026-05-05 04:00:00+12:00,0,KWH,,2,actual
,2026-05-05 04:00:00+12:00,2026-05-05 04:30:00+12:00,0,KWH,,2,actual
,2026-05-05 04:00:00+12:00,2026-05-05 04:30:00+12:00,0.541,KWH,,1,actual
,2026-05-05 04:30:00+12:00,2026-05-05 05:00:00+12:00,0.56,KWH,,1,actual
,2026-05-05 04:30:00+12:00,2026-05-05 05:00:00+12:00,0,KWH,,2,actual
,2026-05-05 05:00:00+12:00,2026-05-05 05:30:00+12:00,0.554,KWH,,1,actual
,2026-05-05 05:00:00+12:00,2026-05-05 05:30:00+12:00,0,KWH,,2,actual
,2026-05-05 05:30:00+12:00,2026-05-05 06:00:00+12:00,0,KWH,,2,actual
,2026-05-05 05:30:00+12:00,2026-05-05 06:00:00+12:00,0.583,KWH,,1,actual
,2026-05-05 06:00:00+12:00,2026-05-05 06:30:00+12:00,0,KWH,,2,actual
,2026-05-05 06:00:00+12:00,2026-05-05 06:30:00+12:00,0.587,KWH,,1,actual
,2026-05-05 06:30:00+12:00,2026-05-05 07:00:00+12:00,0,KWH,,2,actual
,2026-05-05 06:30:00+12:00,2026-05-05 07:00:00+12:00,0.61,KWH,,1,actual
,2026-05-05 07:00:00+12:00,2026-05-05 07:30:00+12:00,0.443,KWH,,1,actual
,2026-05-05 07:00:00+12:00,2026-05-05 07:30:00+12:00,0,KWH,,2,actual
,2026-05-05 07:30:00+12:00,2026-05-05 08:00:00+12:00,0.548,KWH,,1,actual
,2026-05-05 07:30:00+12:00,2026-05-05 08:00:00+12:00,0.784,KWH,,2,actual
,2026-05-05 08:00:00+12:00,2026-05-05 08:30:00+12:00,0.633,KWH,,1,actual
,2026-05-05 08:00:00+12:00,2026-05-05 08:30:00+12:00,0.834,KWH,,2,actual
,2026-05-05 08:30:00+12:00,2026-05-05 09:00:00+12:00,0,KWH,,2,actual
,2026-05-05 08:30:00+12:00,2026-05-05 09:00:00+12:00,0.6,KWH,,1,actual
,2026-05-05 09:00:00+12:00,2026-05-05 09:30:00+12:00,0,KWH,,2,actual
,2026-05-05 09:00:00+12:00,2026-05-05 09:30:00+12:00,0.296,KWH,,1,actual
,2026-05-05 09:30:00+12:00,2026-05-05 10:00:00+12:00,0,KWH,,2,actual
,2026-05-05 09:30:00+12:00,2026-05-05 10:00:00+12:00,0.189,KWH,,1,actual
,2026-05-05 10:00:00+12:00,2026-05-05 10:30:00+12:00,0.224,KWH,,1,actual
,2026-05-05 10:00:00+12:00,2026-05-05 10:30:00+12:00,0,KWH,,2,actual
,2026-05-05 10:30:00+12:00,2026-05-05 11:00:00+12:00,0,KWH,,2,actual
,2026-05-05 10:30:00+12:00,2026-05-05 11:00:00+12:00,0.231,KWH,,1,actual
,2026-05-05 11:00:00+12:00,2026-05-05 11:30:00+12:00,0.191,KWH,,1,actual
,2026-05-05 11:00:00+12:00,2026-05-05 11:30:00+12:00,0,KWH,,2,actual
,2026-05-05 11:30:00+12:00,2026-05-05 12:00:00+12:00,0.203,KWH,,1,actual
,2026-05-05 11:30:00+12:00,2026-05-05 12:00:00+12:00,0,KWH,,2,actual
,2026-05-05 12:00:00+12:00,2026-05-05 12:30:00+12:00,0.175,KWH,,1,actual
,2026-05-05 12:00:00+12:00,2026-05-05 12:30:00+12:00,0,KWH,,2,actual
,2026-05-05 12:30:00+12:00,2026-05-05 13:00:00+12:00,0,KWH,,2,actual
,2026-05-05 12:30:00+12:00,2026-05-05 13:00:00+12:00,0.185,KWH,,1,actual
,2026-05-05 13:00:00+12:00,2026-05-05 13:30:00+12:00,0.241,KWH,,1,actual
,2026-05-05 13:00:00+12:00,2026-05-05 13:30:00+12:00,0,KWH,,2,actual
,2026-05-05 13:30:00+12:00,2026-05-05 14:00:00+12:00,0.675,KWH,,1,actual
,2026-05-05 13:30:00+12:00,2026-05-05 14:00:00+12:00,0.355,KWH,,2,actual
,2026-05-05 14:00:00+12:00,2026-05-05 14:30:00+12:00,1.406,KWH,,2,actual
,2026-05-05 14:00:00+12:00,2026-05-05 14:30:00+12:00,0.524,KWH,,1,actual
,2026-05-05 14:30:00+12:00,2026-05-05 15:00:00+12:00,0.477,KWH,,1,actual
,2026-05-05 14:30:00+12:00,2026-05-05 15:00:00+12:00,0,KWH,,2,actual
,2026-05-05 15:00:00+12:00,2026-05-05 15:30:00+12:00,0,KWH,,2,actual
,2026-05-05 15:00:00+12:00,2026-05-05 15:30:00+12:00,0.549,KWH,,1,actual
,2026-05-05 15:30:00+12:00,2026-05-05 16:00:00+12:00,0,KWH,,2,actual
,2026-05-05 15:30:00+12:00,2026-05-05 16:00:00+12:00,0.575,KWH,,1,actual
,2026-05-05 16:00:00+12:00,2026-05-05 16:30:00+12:00,1.122,KWH,,1,actual
,2026-05-05 16:00:00+12:00,2026-05-05 16:30:00+12:00,0,KWH,,2,actual
,2026-05-05 16:30:00+12:00,2026-05-05 17:00:00+12:00,1.375,KWH,,1,actual
,2026-05-05 16:30:00+12:00,2026-05-05 17:00:00+12:00,0,KWH,,2,actual
,2026-05-05 17:00:00+12:00,2026-05-05 17:30:00+12:00,0,KWH,,2,actual
,2026-05-05 17:00:00+12:00,2026-05-05 17:30:00+12:00,1.523,KWH,,1,actual
,2026-05-05 17:30:00+12:00,2026-05-05 18:00:00+12:00,0.524,KWH,,1,actual
,2026-05-05 17:30:00+12:00,2026-05-05 18:00:00+12:00,0,KWH,,2,actual
,2026-05-05 18:00:00+12:00,2026-05-05 18:30:00+12:00,1.147,KWH,,1,actual
,2026-05-05 18:00:00+12:00,2026-05-05 18:30:00+12:00,0.621,KWH,,2,actual
,2026-05-05 18:30:00+12:00,2026-05-05 19:00:00+12:00,1.454,KWH,,2,actual
,2026-05-05 18:30:00+12:00,2026-05-05 19:00:00+12:00,1.119,KWH,,1,actual
,2026-05-05 19:00:00+12:00,2026-05-05 19:30:00+12:00,1.442,KWH,,2,actual
,2026-05-05 19:00:00+12:00,2026-05-05 19:30:00+12:00,0.689,KWH,,1,actual
,2026-05-05 19:30:00+12:00,2026-05-05 20:00:00+12:00,1.477,KWH,,2,actual
,2026-05-05 19:30:00+12:00,2026-05-05 20:00:00+12:00,0.673,KWH,,1,actual
,2026-05-05 20:00:00+12:00,2026-05-05 20:30:00+12:00,0.138,KWH,,2,actual
,2026-05-05 20:00:00+12:00,2026-05-05 20:30:00+12:00,0.652,KWH,,1,actual
,2026-05-05 20:30:00+12:00,2026-05-05 21:00:00+12:00,0,KWH,,2,actual
,2026-05-05 20:30:00+12:00,2026-05-05 21:00:00+12:00,1.017,KWH,,1,actual
,2026-05-05 21:00:00+12:00,2026-05-05 21:30:00+12:00,0,KWH,,2,actual
,2026-05-05 21:00:00+12:00,2026-05-05 21:30:00+12:00,1.54,KWH,,1,actual
,2026-05-05 21:30:00+12:00,2026-05-05 22:00:00+12:00,1.227,KWH,,1,actual
,2026-05-05 21:30:00+12:00,2026-05-05 22:00:00+12:00,0,KWH,,2,actual
,2026-05-05 22:00:00+12:00,2026-05-05 22:30:00+12:00,1.649,KWH,,1,actual
,2026-05-05 22:00:00+12:00,2026-05-05 22:30:00+12:00,0,KWH,,2,actual
,2026-05-05 22:30:00+12:00,2026-05-05 23:00:00+12:00,0.605,KWH,,1,actual
,2026-05-05 22:30:00+12:00,2026-05-05 23:00:00+12:00,0,KWH,,2,actual
,2026-05-05 23:00:00+12:00,2026-05-05 23:30:00+12:00,0.64,KWH,,1,actual
,2026-05-05 23:00:00+12:00,2026-05-05 23:30:00+12:00,0,KWH,,2,actual
,2026-05-05 23:30:00+12:00,2026-05-06 00:00:00+12:00,0.195,KWH,,2,actual
,2026-05-05 23:30:00+12:00,2026-05-06 00:00:00+12:00,0.576,KWH,,1,actual
,2026-05-06 00:00:00+12:00,2026-05-06 00:30:00+12:00,1.314,KWH,,2,actual
,2026-05-06 00:00:00+12:00,2026-05-06 00:30:00+12:00,0.234,KWH,,1,actual
,2026-05-06 00:30:00+12:00,2026-05-06 01:00:00+12:00,0.245,KWH,,1,actual
,2026-05-06 00:30:00+12:00,2026-05-06 01:00:00+12:00,0,KWH,,2,actual
,2026-05-06 01:00:00+12:00,2026-05-06 01:30:00+12:00,0.28,KWH,,1,actual
,2026-05-06 01:00:00+12:00,2026-05-06 01:30:00+12:00,0,KWH,,2,actual
,2026-05-06 01:30:00+12:00,2026-05-06 02:00:00+12:00,0,KWH,,2,actual
,2026-05-06 01:30:00+12:00,2026-05-06 02:00:00+12:00,0.296,KWH,,1,actual
,2026-05-06 02:00:00+12:00,2026-05-06 02:30:00+12:00,0.302,KWH,,1,actual
,2026-05-06 02:00:00+12:00,2026-05-06 02:30:00+12:00,0,KWH,,2,actual
,2026-05-06 02:30:00+12:00,2026-05-06 03:00:00+12:00,0,KWH,,2,actual
,2026-05-06 02:30:00+12:00,2026-05-06 03:00:00+12:00,0.286,KWH,,1,actual
,2026-05-06 03:00:00+12:00,2026-05-06 03:30:00+12:00,0,KWH,,2,actual
,2026-05-06 03:00:00+12:00,2026-05-06 03:30:00+12:00,0.297,KWH,,1,actual
,2026-05-06 03:30:00+12:00,2026-05-06 04:00:00+12:00,0.311,KWH,,1,actual
,2026-05-06 03:30:00+12:00,2026-05-06 04:00:00+12:00,0,KWH,,2,actual
,2026-05-06 04:00:00+12:00,2026-05-06 04:30:00+12:00,0,KWH,,2,actual
,2026-05-06 04:00:00+12:00,2026-05-06 04:30:00+12:00,0.324,KWH,,1,actual
,2026-05-06 04:30:00+12:00,2026-05-06 05:00:00+12:00,0.308,KWH,,1,actual
,2026-05-06 04:30:00+12:00,2026-05-06 05:00:00+12:00,0,KWH,,2,actual
,2026-05-06 05:00:00+12:00,2026-05-06 05:30:00+12:00,0.304,KWH,,1,actual
,2026-05-06 05:00:00+12:00,2026-05-06 05:30:00+12:00,0,KWH,,2,actual
,2026-05-06 05:30:00+12:00,2026-05-06 06:00:00+12:00,0,KWH,,2,actual
,2026-05-06 05:30:00+12:00,2026-05-06 06:00:00+12:00,0.288,KWH,,1,actual
,2026-05-06 06:00:00+12:00,2026-05-06 06:30:00+12:00,0,KWH,,2,actual
,2026-05-06 06:00:00+12:00,2026-05-06 06:30:00+12:00,0.705,KWH,,1,actual
,2026-05-06 06:30:00+12:00,2026-05-06 07:00:00+12:00,0,KWH,,2,actual
,2026-05-06 06:30:00+12:00,2026-05-06 07:00:00+12:00,0.57,KWH,,1,actual
,2026-05-06 07:00:00+12:00,2026-05-06 07:30:00+12:00,0.465,KWH,,1,actual
,2026-05-06 07:00:00+12:00,2026-05-06 07:30:00+12:00,0,KWH,,2,actual
,2026-05-06 07:30:00+12:00,2026-05-06 08:00:00+12:00,0.639,KWH,,1,actual
,2026-05-06 07:30:00+12:00,2026-05-06 08:00:00+12:00,0.601,KWH,,2,actual
,2026-05-06 08:00:00+12:00,2026-05-06 08:30:00+12:00,0.497,KWH,,1,actual
,2026-05-06 08:00:00+12:00,2026-05-06 08:30:00+12:00,1.51,KWH,,2,actual
,2026-05-06 08:30:00+12:00,2026-05-06 09:00:00+12:00,0.483,KWH,,2,actual
,2026-05-06 08:30:00+12:00,2026-05-06 09:00:00+12:00,0.743,KWH,,1,actual
,2026-05-06 09:00:00+12:00,2026-05-06 09:30:00+12:00,0,KWH,,2,actual
,2026-05-06 09:00:00+12:00,2026-05-06 09:30:00+12:00,0.159,KWH,,1,actual
,2026-05-06 09:30:00+12:00,2026-05-06 10:00:00+12:00,0,KWH,,2,actual
,2026-05-06 09:30:00+12:00,2026-05-06 10:00:00+12:00,0.164,KWH,,1,actual
,2026-05-06 10:00:00+12:00,2026-05-06 10:30:00+12:00,0.142,KWH,,1,actual
,2026-05-06 10:00:00+12:00,2026-05-06 10:30:00+12:00,0,KWH,,2,actual
,2026-05-06 10:30:00+12:00,2026-05-06 11:00:00+12:00,0,KWH,,2,actual
,2026-05-06 10:30:00+12:00,2026-05-06 11:00:00+12:00,0.145,KWH,,1,actual
,2026-05-06 11:00:00+12:00,2026-05-06 11:30:00+12:00,0.162,KWH,,1,actual
,2026-05-06 11:00:00+12:00,2026-05-06 11:30:00+12:00,0,KWH,,2,actual
,2026-05-06 11:30:00+12:00,2026-05-06 12:00:00+12:00,0.138,KWH,,1,actual
,2026-05-06 11:30:00+12:00,2026-05-06 12:00:00+12:00,0,KWH,,2,actual
,2026-05-06 12:00:00+12:00,2026-05-06 12:30:00+12:00,0.18,KWH,,1,actual
,2026-05-06 12:00:00+12:00,2026-05-06 12:30:00+12:00,0,KWH,,2,actual
,2026-05-06 12:30:00+12:00,2026-05-06 13:00:00+12:00,0,KWH,,2,actual
,2026-05-06 12:30:00+12:00,2026-05-06 13:00:00+12:00,0.348,KWH,,1,actual
,2026-05-06 13:00:00+12:00,2026-05-06 13:30:00+12:00,0.163,KWH,,1,actual
,2026-05-06 13:00:00+12:00,2026-05-06 13:30:00+12:00,0,KWH,,2,actual
,2026-05-06 13:30:00+12:00,2026-05-06 14:00:00+12:00,0.166,KWH,,1,actual
,2026-05-06 13:30:00+12:00,2026-05-06 14:00:00+12:00,0,KWH,,2,actual
,2026-05-06 14:00:00+12:00,2026-05-06 14:30:00+12:00,0,KWH,,2,actual
,2026-05-06 14:00:00+12:00,2026-05-06 14:30:00+12:00,0.133,KWH,,1,actual
,2026-05-06 14:30:00+12:00,2026-05-06 15:00:00+12:00,0.167,KWH,,1,actual
,2026-05-06 14:30:00+12:00,2026-05-06 15:00:00+12:00,0.749,KWH,,2,actual
,2026-05-06 15:00:00+12:00,2026-05-06 15:30:00+12:00,1.506,KWH,,2,actual
,2026-05-06 15:00:00+12:00,2026-05-06 15:30:00+12:00,0.7,KWH,,1,actual
,2026-05-06 15:30:00+12:00,2026-05-06 16:00:00+12:00,1.472,KWH,,2,actual
,2026-05-06 15:30:00+12:00,2026-05-06 16:00:00+12:00,0.759,KWH,,1,actual
,2026-05-06 16:00:00+12:00,2026-05-06 16:30:00+12:00,0.512,KWH,,1,actual
,2026-05-06 16:00:00+12:00,2026-05-06 16:30:00+12:00,1.464,KWH,,2,actual
,2026-05-06 16:30:00+12:00,2026-05-06 17:00:00+12:00,1.047,KWH,,1,actual
,2026-05-06 16:30:00+12:00,2026-05-06 17:00:00+12:00,1.475,KWH,,2,actual
,2026-05-06 17:00:00+12:00,2026-05-06 17:30:00+12:00,0.935,KWH,,2,actual
,2026-05-06 17:00:00+12:00,2026-05-06 17:30:00+12:00,1.34,KWH,,1,actual
,2026-05-06 17:30:00+12:00,2026-05-06 18:00:00+12:00,0.424,KWH,,1,actual
,2026-05-06 17:30:00+12:00,2026-05-06 18:00:00+12:00,0,KWH,,2,actual
,2026-05-06 18:00:00+12:00,2026-05-06 18:30:00+12:00,0.999,KWH,,1,actual
,2026-05-06 18:00:00+12:00,2026-05-06 18:30:00+12:00,0.695,KWH,,2,actual
,2026-05-06 18:30:00+12:00,2026-05-06 19:00:00+12:00,1.467,KWH,,2,actual
,2026-05-06 18:30:00+12:00,2026-05-06 19:00:00+12:00,1.291,KWH,,1,actual
,2026-05-06 19:00:00+12:00,2026-05-06 19:30:00+12:00,1.471,KWH,,2,actual
,2026-05-06 19:00:00+12:00,2026-05-06 19:30:00+12:00,0.828,KWH,,1,actual
,2026-05-06 19:30:00+12:00,2026-05-06 20:00:00+12:00,0.174,KWH,,2,actual
,2026-05-06 19:30:00+12:00,2026-05-06 20:00:00+12:00,1.434,KWH,,1,actual
,2026-05-06 20:00:00+12:00,2026-05-06 20:30:00+12:00,0,KWH,,2,actual
,2026-05-06 20:00:00+12:00,2026-05-06 20:30:00+12:00,0.723,KWH,,1,actual
,2026-05-06 20:30:00+12:00,2026-05-06 21:00:00+12:00,0,KWH,,2,actual
,2026-05-06 20:30:00+12:00,2026-05-06 21:00:00+12:00,0.742,KWH,,1,actual
,2026-05-06 21:00:00+12:00,2026-05-06 21:30:00+12:00,0,KWH,,2,actual
,2026-05-06 21:00:00+12:00,2026-05-06 21:30:00+12:00,0.766,KWH,,1,actual
,2026-05-06 21:30:00+12:00,2026-05-06 22:00:00+12:00,1.81,KWH,,1,actual
,2026-05-06 21:30:00+12:00,2026-05-06 22:00:00+12:00,0,KWH,,2,actual
,2026-05-06 22:00:00+12:00,2026-05-06 22:30:00+12:00,3.484,KWH,,1,actual
,2026-05-06 22:00:00+12:00,2026-05-06 22:30:00+12:00,1.288,KWH,,2,actual
,2026-05-06 22:30:00+12:00,2026-05-06 23:00:00+12:00,2.005,KWH,,1,actual
,2026-05-06 22:30:00+12:00,2026-05-06 23:00:00+12:00,1.479,KWH,,2,actual
,2026-05-06 23:00:00+12:00,2026-05-06 23:30:00+12:00,1.249,KWH,,1,actual
,2026-05-06 23:00:00+12:00,2026-05-06 23:30:00+12:00,1.502,KWH,,2,actual
,2026-05-06 23:30:00+12:00,2026-05-07 00:00:00+12:00,1.538,KWH,,2,actual
,2026-05-06 23:30:00+12:00,2026-05-07 00:00:00+12:00,0.522,KWH,,1,actual
,2026-05-07 00:00:00+12:00,2026-05-07 00:30:00+12:00,1.527,KWH,,2,actual
,2026-05-07 00:00:00+12:00,2026-05-07 00:30:00+12:00,0.648,KWH,,1,actual
,2026-05-07 00:30:00+12:00,2026-05-07 01:00:00+12:00,0.455,KWH,,1,actual
,2026-05-07 00:30:00+12:00,2026-05-07 01:00:00+12:00,0.58,KWH,,2,actual
,2026-05-07 01:00:00+12:00,2026-05-07 01:30:00+12:00,0.206,KWH,,1,actual
,2026-05-07 01:00:00+12:00,2026-05-07 01:30:00+12:00,0,KWH,,2,actual
,2026-05-07 01:30:00+12:00,2026-05-07 02:00:00+12:00,0,KWH,,2,actual
,2026-05-07 01:30:00+12:00,2026-05-07 02:00:00+12:00,0.203,KWH,,1,actual
,2026-05-07 02:00:00+12:00,2026-05-07 02:30:00+12:00,0.226,KWH,,1,actual
,2026-05-07 02:00:00+12:00,2026-05-07 02:30:00+12:00,0,KWH,,2,actual
,2026-05-07 02:30:00+12:00,2026-05-07 03:00:00+12:00,0,KWH,,2,actual
,2026-05-07 02:30:00+12:00,2026-05-07 03:00:00+12:00,0.198,KWH,,1,actual
,2026-05-07 03:00:00+12:00,2026-05-07 03:30:00+12:00,0,KWH,,2,actual
,2026-05-07 03:00:00+12:00,2026-05-07 03:30:00+12:00,0.207,KWH,,1,actual
,2026-05-07 03:30:00+12:00,2026-05-07 04:00:00+12:00,0.229,KWH,,1,actual
,2026-05-07 03:30:00+12:00,2026-05-07 04:00:00+12:00,0,KWH,,2,actual
,2026-05-07 04:00:00+12:00,2026-05-07 04:30:00+12:00,0,KWH,,2,actual
,2026-05-07 04:00:00+12:00,2026-05-07 04:30:00+12:00,0.215,KWH,,1,actual
,2026-05-07 04:30:00+12:00,2026-05-07 05:00:00+12:00,0.224,KWH,,1,actual
,2026-05-07 04:30:00+12:00,2026-05-07 05:00:00+12:00,0,KWH,,2,actual
,2026-05-07 05:00:00+12:00,2026-05-07 05:30:00+12:00,0.234,KWH,,1,actual
,2026-05-07 05:00:00+12:00,2026-05-07 05:30:00+12:00,0,KWH,,2,actual
,2026-05-07 05:30:00+12:00,2026-05-07 06:00:00+12:00,0,KWH,,2,actual
,2026-05-07 05:30:00+12:00,2026-05-07 06:00:00+12:00,0.217,KWH,,1,actual
,2026-05-07 06:00:00+12:00,2026-05-07 06:30:00+12:00,0,KWH,,2,actual
,2026-05-07 06:00:00+12:00,2026-05-07 06:30:00+12:00,0.462,KWH,,1,actual
,2026-05-07 06:30:00+12:00,2026-05-07 07:00:00+12:00,0,KWH,,2,actual
,2026-05-07 06:30:00+12:00,2026-05-07 07:00:00+12:00,0.404,KWH,,1,actual
,2026-05-07 07:00:00+12:00,2026-05-07 07:30:00+12:00,0.41,KWH,,1,actual
,2026-05-07 07:00:00+12:00,2026-05-07 07:30:00+12:00,0,KWH,,2,actual
,2026-05-07 07:30:00+12:00,2026-05-07 08:00:00+12:00,0.308,KWH,,1,actual
,2026-05-07 07:30:00+12:00,2026-05-07 08:00:00+12:00,0,KWH,,2,actual
,2026-05-07 08:00:00+12:00,2026-05-07 08:30:00+12:00,0.534,KWH,,1,actual
,2026-05-07 08:00:00+12:00,2026-05-07 08:30:00+12:00,0,KWH,,2,actual
,2026-05-07 08:30:00+12:00,2026-05-07 09:00:00+12:00,0,KWH,,2,actual
,2026-05-07 08:30:00+12:00,2026-05-07 09:00:00+12:00,0.447,KWH,,1,actual
,2026-05-07 09:00:00+12:00,2026-05-07 09:30:00+12:00,1.392,KWH,,2,actual
,2026-05-07 09:00:00+12:00,2026-05-07 09:30:00+12:00,0.182,KWH,,1,actual
,2026-05-07 09:30:00+12:00,2026-05-07 10:00:00+12:00,0.215,KWH,,2,actual
,2026-05-07 09:30:00+12:00,2026-05-07 10:00:00+12:00,0.179,KWH,,1,actual
,2026-05-07 10:00:00+12:00,2026-05-07 10:30:00+12:00,0.162,KWH,,1,actual
,2026-05-07 10:00:00+12:00,2026-05-07 10:30:00+12:00,0,KWH,,2,actual
,2026-05-07 10:30:00+12:00,2026-05-07 11:00:00+12:00,0,KWH,,2,actual
,2026-05-07 10:30:00+12:00,2026-05-07 11:00:00+12:00,0.17,KWH,,1,actual
,2026-05-07 11:00:00+12:00,2026-05-07 11:30:00+12:00,0.157,KWH,,1,actual
,2026-05-07 11:00:00+12:00,2026-05-07 11:30:00+12:00,0,KWH,,2,actual
,2026-05-07 11:30:00+12:00,2026-05-07 12:00:00+12:00,0.17,KWH,,1,actual
,2026-05-07 11:30:00+12:00,2026-05-07 12:00:00+12:00,0,KWH,,2,actual
,2026-05-07 12:00:00+12:00,2026-05-07 12:30:00+12:00,0,KWH,,2,actual
,2026-05-07 12:00:00+12:00,2026-05-07 12:30:00+12:00,0.154,KWH,,1,actual
,2026-05-07 12:30:00+12:00,2026-05-07 13:00:00+12:00,0.17,KWH,,1,actual
,2026-05-07 12:30:00+12:00,2026-05-07 13:00:00+12:00,0,KWH,,2,actual
,2026-05-07 13:00:00+12:00,2026-05-07 13:30:00+12:00,0,KWH,,2,actual
,2026-05-07 13:00:00+12:00,2026-05-07 13:30:00+12:00,0.177,KWH,,1,actual
,2026-05-07 13:30:00+12:00,2026-05-07 14:00:00+12:00,0,KWH,,2,actual
,2026-05-07 13:30:00+12:00,2026-05-07 14:00:00+12:00,0.229,KWH,,1,actual
,2026-05-07 14:00:00+12:00,2026-05-07 14:30:00+12:00,0.202,KWH,,1,actual
,2026-05-07 14:00:00+12:00,2026-05-07 14:30:00+12:00,0,KWH,,2,actual
,2026-05-07 14:30:00+12:00,2026-05-07 15:00:00+12:00,0,KWH,,2,actual
,2026-05-07 14:30:00+12:00,2026-05-07 15:00:00+12:00,0.129,KWH,,1,actual
,2026-05-07 15:00:00+12:00,2026-05-07 15:30:00+12:00,0.656,KWH,,1,actual
,2026-05-07 15:00:00+12:00,2026-05-07 15:30:00+12:00,0,KWH,,2,actual
,2026-05-07 15:30:00+12:00,2026-05-07 16:00:00+12:00,0.917,KWH,,1,actual
,2026-05-07 15:30:00+12:00,2026-05-07 16:00:00+12:00,0,KWH,,2,actual
,2026-05-07 16:00:00+12:00,2026-05-07 16:30:00+12:00,0.15,KWH,,2,actual
,2026-05-07 16:00:00+12:00,2026-05-07 16:30:00+12:00,0.281,KWH,,1,actual
,2026-05-07 16:30:00+12:00,2026-05-07 17:00:00+12:00,1.378,KWH,,2,actual
,2026-05-07 16:30:00+12:00,2026-05-07 17:00:00+12:00,0.176,KWH,,1,actual
,2026-05-07 17:00:00+12:00,2026-05-07 17:30:00+12:00,0.174,KWH,,1,actual
,2026-05-07 17:00:00+12:00,2026-05-07 17:30:00+12:00,0,KWH,,2,actual
,2026-05-07 17:30:00+12:00,2026-05-07 18:00:00+12:00,0,KWH,,2,actual
,2026-05-07 17:30:00+12:00,2026-05-07 18:00:00+12:00,0.187,KWH,,1,actual
,2026-05-07 18:00:00+12:00,2026-05-07 18:30:00+12:00,0,KWH,,2,actual
,2026-05-07 18:00:00+12:00,2026-05-07 18:30:00+12:00,0.429,KWH,,1,actual
,2026-05-07 18:30:00+12:00,2026-05-07 19:00:00+12:00,0.381,KWH,,1,actual
,2026-05-07 18:30:00+12:00,2026-05-07 19:00:00+12:00,0,KWH,,2,actual
,2026-05-07 19:00:00+12:00,2026-05-07 19:30:00+12:00,0.318,KWH,,1,actual
,2026-05-07 19:00:00+12:00,2026-05-07 19:30:00+12:00,0,KWH,,2,actual
,2026-05-07 19:30:00+12:00,2026-05-07 20:00:00+12:00,0.291,KWH,,1,actual
,2026-05-07 19:30:00+12:00,2026-05-07 20:00:00+12:00,0,KWH,,2,actual
,2026-05-07 20:00:00+12:00,2026-05-07 20:30:00+12:00,0.352,KWH,,1,actual
,2026-05-07 20:00:00+12:00,2026-05-07 20:30:00+12:00,0,KWH,,2,actual
,2026-05-07 20:30:00+12:00,2026-05-07 21:00:00+12:00,0.358,KWH,,1,actual
,2026-05-07 20:30:00+12:00,2026-05-07 21:00:00+12:00,0,KWH,,2,actual
,2026-05-07 21:00:00+12:00,2026-05-07 21:30:00+12:00,0.363,KWH,,1,actual
,2026-05-07 21:00:00+12:00,2026-05-07 21:30:00+12:00,0,KWH,,2,actual
,2026-05-07 21:30:00+12:00,2026-05-07 22:00:00+12:00,0.913,KWH,,2,actual
,2026-05-07 21:30:00+12:00,2026-05-07 22:00:00+12:00,0.337,KWH,,1,actual
,2026-05-07 22:00:00+12:00,2026-05-07 22:30:00+12:00,1.553,KWH,,2,actual
,2026-05-07 22:00:00+12:00,2026-05-07 22:30:00+12:00,0.792,KWH,,1,actual
,2026-05-07 22:30:00+12:00,2026-05-07 23:00:00+12:00,0.321,KWH,,2,actual
,2026-05-07 22:30:00+12:00,2026-05-07 23:00:00+12:00,2.055,KWH,,1,actual
,2026-05-07 23:00:00+12:00,2026-05-07 23:30:00+12:00,0.745,KWH,,2,actual
,2026-05-07 23:00:00+12:00,2026-05-07 23:30:00+12:00,3.793,KWH,,1,actual
,2026-05-07 23:30:00+12:00,2026-05-08 00:00:00+12:00,3.059,KWH,,1,actual
,2026-05-07 23:30:00+12:00,2026-05-08 00:00:00+12:00,1.447,KWH,,2,actual
,2026-05-08 00:00:00+12:00,2026-05-08 00:30:00+12:00,2.57,KWH,,1,actual
,2026-05-08 00:00:00+12:00,2026-05-08 00:30:00+12:00,1.474,KWH,,2,actual
,2026-05-08 00:30:00+12:00,2026-05-08 01:00:00+12:00,1.489,KWH,,2,actual
,2026-05-08 00:30:00+12:00,2026-05-08 01:00:00+12:00,1.954,KWH,,1,actual
,2026-05-08 01:00:00+12:00,2026-05-08 01:30:00+12:00,0.472,KWH,,2,actual
,2026-05-08 01:00:00+12:00,2026-05-08 01:30:00+12:00,1.933,KWH,,1,actual
,2026-05-08 01:30:00+12:00,2026-05-08 02:00:00+12:00,1.973,KWH,,1,actual
,2026-05-08 01:30:00+12:00,2026-05-08 02:00:00+12:00,0,KWH,,2,actual
,2026-05-08 02:00:00+12:00,2026-05-08 02:30:00+12:00,0,KWH,,2,actual
,2026-05-08 02:00:00+12:00,2026-05-08 02:30:00+12:00,1.979,KWH,,1,actual
,2026-05-08 02:30:00+12:00,2026-05-08 03:00:00+12:00,1.964,KWH,,1,actual
,2026-05-08 02:30:00+12:00,2026-05-08 03:00:00+12:00,0,KWH,,2,actual
,2026-05-08 03:00:00+12:00,2026-05-08 03:30:00+12:00,2.002,KWH,,1,actual
,2026-05-08 03:00:00+12:00,2026-05-08 03:30:00+12:00,0,KWH,,2,actual
,2026-05-08 03:30:00+12:00,2026-05-08 04:00:00+12:00,0,KWH,,2,actual
,2026-05-08 03:30:00+12:00,2026-05-08 04:00:00+12:00,1.998,KWH,,1,actual
,2026-05-08 04:00:00+12:00,2026-05-08 04:30:00+12:00,1.99,KWH,,1,actual
,2026-05-08 04:00:00+12:00,2026-05-08 04:30:00+12:00,0,KWH,,2,actual
,2026-05-08 04:30:00+12:00,2026-05-08 05:00:00+12:00,0,KWH,,2,actual
,2026-05-08 04:30:00+12:00,2026-05-08 05:00:00+12:00,1.994,KWH,,1,actual
,2026-05-08 05:00:00+12:00,2026-05-08 05:30:00+12:00,0,KWH,,2,actual
,2026-05-08 05:00:00+12:00,2026-05-08 05:30:00+12:00,1.976,KWH,,1,actual
,2026-05-08 05:30:00+12:00,2026-05-08 06:00:00+12:00,2.013,KWH,,1,actual
,2026-05-08 05:30:00+12:00,2026-05-08 06:00:00+12:00,0,KWH,,2,actual
,2026-05-08 06:00:00+12:00,2026-05-08 06:30:00+12:00,1.798,KWH,,1,actual
,2026-05-08 06:00:00+12:00,2026-05-08 06:30:00+12:00,0,KWH,,2,actual
,2026-05-08 06:30:00+12:00,2026-05-08 07:00:00+12:00,0.914,KWH,,1,actual
,2026-05-08 06:30:00+12:00,2026-05-08 07:00:00+12:00,0,KWH,,2,actual
,2026-05-08 07:00:00+12:00,2026-05-08 07:30:00+12:00,0,KWH,,2,actual
,2026-05-08 07:00:00+12:00,2026-05-08 07:30:00+12:00,0.453,KWH,,1,actual
,2026-05-08 07:30:00+12:00,2026-05-08 08:00:00+12:00,0,KWH,,2,actual
,2026-05-08 07:30:00+12:00,2026-05-08 08:00:00+12:00,0.957,KWH,,1,actual
,2026-05-08 08:00:00+12:00,2026-05-08 08:30:00+12:00,0,KWH,,2,actual
,2026-05-08 08:00:00+12:00,2026-05-08 08:30:00+12:00,1.328,KWH,,1,actual
,2026-05-08 08:30:00+12:00,2026-05-08 09:00:00+12:00,0.895,KWH,,1,actual
,2026-05-08 08:30:00+12:00,2026-05-08 09:00:00+12:00,0,KWH,,2,actual
,2026-05-08 09:00:00+12:00,2026-05-08 09:30:00+12:00,0.31,KWH,,1,actual
,2026-05-08 09:00:00+12:00,2026-05-08 09:30:00+12:00,0,KWH,,2,actual
,2026-05-08 09:30:00+12:00,2026-05-08 10:00:00+12:00,0.258,KWH,,1,actual
,2026-05-08 09:30:00+12:00,2026-05-08 10:00:00+12:00,0,KWH,,2,actual
,2026-05-08 10:00:00+12:00,2026-05-08 10:30:00+12:00,1.324,KWH,,2,actual
,2026-05-08 10:00:00+12:00,2026-05-08 10:30:00+12:00,0.252,KWH,,1,actual
,2026-05-08 10:30:00+12:00,2026-05-08 11:00:00+12:00,0.261,KWH,,1,actual
,2026-05-08 10:30:00+12:00,2026-05-08 11:00:00+12:00,0.249,KWH,,2,actual
,2026-05-08 11:00:00+12:00,2026-05-08 11:30:00+12:00,0,KWH,,2,actual
,2026-05-08 11:00:00+12:00,2026-05-08 11:30:00+12:00,0.245,KWH,,1,actual
,2026-05-08 11:30:00+12:00,2026-05-08 12:00:00+12:00,0,KWH,,2,actual
,2026-05-08 11:30:00+12:00,2026-05-08 12:00:00+12:00,0.251,KWH,,1,actual
,2026-05-08 12:00:00+12:00,2026-05-08 12:30:00+12:00,0.27,KWH,,1,actual
,2026-05-08 12:00:00+12:00,2026-05-08 12:30:00+12:00,0,KWH,,2,actual
,2026-05-08 12:30:00+12:00,2026-05-08 13:00:00+12:00,0,KWH,,2,actual
,2026-05-08 12:30:00+12:00,2026-05-08 13:00:00+12:00,0.283,KWH,,1,actual
,2026-05-08 13:00:00+12:00,2026-05-08 13:30:00+12:00,0.272,KWH,,1,actual
,2026-05-08 13:00:00+12:00,2026-05-08 13:30:00+12:00,0,KWH,,2,actual
,2026-05-08 13:30:00+12:00,2026-05-08 14:00:00+12:00,0.298,KWH,,1,actual
,2026-05-08 13:30:00+12:00,2026-05-08 14:00:00+12:00,0,KWH,,2,actual
,2026-05-08 14:00:00+12:00,2026-05-08 14:30:00+12:00,0,KWH,,2,actual
,2026-05-08 14:00:00+12:00,2026-05-08 14:30:00+12:00,0.476,KWH,,1,actual
,2026-05-08 14:30:00+12:00,2026-05-08 15:00:00+12:00,0.27,KWH,,1,actual
,2026-05-08 14:30:00+12:00,2026-05-08 15:00:00+12:00,0,KWH,,2,actual
,2026-05-08 15:00:00+12:00,2026-05-08 15:30:00+12:00,0,KWH,,2,actual
,2026-05-08 15:00:00+12:00,2026-05-08 15:30:00+12:00,0.335,KWH,,1,actual
,2026-05-08 15:30:00+12:00,2026-05-08 16:00:00+12:00,0,KWH,,2,actual
,2026-05-08 15:30:00+12:00,2026-05-08 16:00:00+12:00,0.339,KWH,,1,actual
,2026-05-08 16:00:00+12:00,2026-05-08 16:30:00+12:00,0.377,KWH,,1,actual
,2026-05-08 16:00:00+12:00,2026-05-08 16:30:00+12:00,0,KWH,,2,actual
,2026-05-08 16:30:00+12:00,2026-05-08 17:00:00+12:00,0.821,KWH,,1,actual
,2026-05-08 16:30:00+12:00,2026-05-08 17:00:00+12:00,0,KWH,,2,actual
,2026-05-08 17:00:00+12:00,2026-05-08 17:30:00+12:00,0,KWH,,2,actual
,2026-05-08 17:00:00+12:00,2026-05-08 17:30:00+12:00,1.05,KWH,,1,actual
,2026-05-08 17:30:00+12:00,2026-05-08 18:00:00+12:00,0.903,KWH,,1,actual
,2026-05-08 17:30:00+12:00,2026-05-08 18:00:00+12:00,0.668,KWH,,2,actual
,2026-05-08 18:00:00+12:00,2026-05-08 18:30:00+12:00,0.576,KWH,,1,actual
,2026-05-08 18:00:00+12:00,2026-05-08 18:30:00+12:00,1.499,KWH,,2,actual
,2026-05-08 18:30:00+12:00,2026-05-08 19:00:00+12:00,1.482,KWH,,2,actual
,2026-05-08 18:30:00+12:00,2026-05-08 19:00:00+12:00,0.931,KWH,,1,actual
,2026-05-08 19:00:00+12:00,2026-05-08 19:30:00+12:00,1.467,KWH,,2,actual
,2026-05-08 19:00:00+12:00,2026-05-08 19:30:00+12:00,0.544,KWH,,1,actual
,2026-05-08 19:30:00+12:00,2026-05-08 20:00:00+12:00,1.507,KWH,,2,actual
,2026-05-08 19:30:00+12:00,2026-05-08 20:00:00+12:00,0.665,KWH,,1,actual
,2026-05-08 20:00:00+12:00,2026-05-08 20:30:00+12:00,0.463,KWH,,2,actual
,2026-05-08 20:00:00+12:00,2026-05-08 20:30:00+12:00,0.885,KWH,,1,actual
,2026-05-08 20:30:00+12:00,2026-05-08 21:00:00+12:00,0,KWH,,2,actual
,2026-05-08 20:30:00+12:00,2026-05-08 21:00:00+12:00,0.447,KWH,,1,actual
,2026-05-08 21:00:00+12:00,2026-05-08 21:30:00+12:00,0,KWH,,2,actual
,2026-05-08 21:00:00+12:00,2026-05-08 21:30:00+12:00,0.448,KWH,,1,actual
,2026-05-08 21:30:00+12:00,2026-05-08 22:00:00+12:00,0.357,KWH,,1,actual
,2026-05-08 21:30:00+12:00,2026-05-08 22:00:00+12:00,0,KWH,,2,actual
,2026-05-08 22:00:00+12:00,2026-05-08 22:30:00+12:00,0.213,KWH,,1,actual
,2026-05-08 22:00:00+12:00,2026-05-08 22:30:00+12:00,0,KWH,,2,actual
,2026-05-08 22:30:00+12:00,2026-05-08 23:00:00+12:00,0.252,KWH,,1,actual
,2026-05-08 22:30:00+12:00,2026-05-08 23:00:00+12:00,0,KWH,,2,actual
,2026-05-08 23:00:00+12:00,2026-05-08 23:30:00+12:00,0.288,KWH,,1,actual
,2026-05-08 23:00:00+12:00,2026-05-08 23:30:00+12:00,0,KWH,,2,actual
,2026-05-08 23:30:00+12:00,2026-05-09 00:00:00+12:00,0,KWH,,2,actual
,2026-05-08 23:30:00+12:00,2026-05-09 00:00:00+12:00,0.263,KWH,,1,actual
,2026-05-09 00:00:00+12:00,2026-05-09 00:30:00+12:00,0,KWH,,2,actual
,2026-05-09 00:00:00+12:00,2026-05-09 00:30:00+12:00,0.241,KWH,,1,actual
,2026-05-09 00:30:00+12:00,2026-05-09 01:00:00+12:00,0.213,KWH,,1,actual
,2026-05-09 00:30:00+12:00,2026-05-09 01:00:00+12:00,0,KWH,,2,actual
,2026-05-09 01:00:00+12:00,2026-05-09 01:30:00+12:00,0.251,KWH,,1,actual
,2026-05-09 01:00:00+12:00,2026-05-09 01:30:00+12:00,0,KWH,,2,actual
,2026-05-09 01:30:00+12:00,2026-05-09 02:00:00+12:00,0,KWH,,2,actual
,2026-05-09 01:30:00+12:00,2026-05-09 02:00:00+12:00,0.239,KWH,,1,actual
,2026-05-09 02:00:00+12:00,2026-05-09 02:30:00+12:00,0.228,KWH,,1,actual
,2026-05-09 02:00:00+12:00,2026-05-09 02:30:00+12:00,0,KWH,,2,actual
,2026-05-09 02:30:00+12:00,2026-05-09 03:00:00+12:00,0,KWH,,2,actual
,2026-05-09 02:30:00+12:00,2026-05-09 03:00:00+12:00,0.242,KWH,,1,actual
,2026-05-09 03:00:00+12:00,2026-05-09 03:30:00+12:00,0,KWH,,2,actual
,2026-05-09 03:00:00+12:00,2026-05-09 03:30:00+12:00,0.242,KWH,,1,actual
,2026-05-09 03:30:00+12:00,2026-05-09 04:00:00+12:00,0.229,KWH,,1,actual
,2026-05-09 03:30:00+12:00,2026-05-09 04:00:00+12:00,0.427,KWH,,2,actual
,2026-05-09 04:00:00+12:00,2026-05-09 04:30:00+12:00,1.044,KWH,,2,actual
,2026-05-09 04:00:00+12:00,2026-05-09 04:30:00+12:00,0.235,KWH,,1,actual
,2026-05-09 04:30:00+12:00,2026-05-09 05:00:00+12:00,0.247,KWH,,1,actual
,2026-05-09 04:30:00+12:00,2026-05-09 05:00:00+12:00,0,KWH,,2,actual
,2026-05-09 05:00:00+12:00,2026-05-09 05:30:00+12:00,0.234,KWH,,1,actual
,2026-05-09 05:00:00+12:00,2026-05-09 05:30:00+12:00,0,KWH,,2,actual
,2026-05-09 05:30:00+12:00,2026-05-09 06:00:00+12:00,0,KWH,,2,actual
,2026-05-09 05:30:00+12:00,2026-05-09 06:00:00+12:00,0.243,KWH,,1,actual
,2026-05-09 06:00:00+12:00,2026-05-09 06:30:00+12:00,0,KWH,,2,actual
,2026-05-09 06:00:00+12:00,2026-05-09 06:30:00+12:00,0.546,KWH,,1,actual
,2026-05-09 06:30:00+12:00,2026-05-09 07:00:00+12:00,0,KWH,,2,actual
,2026-05-09 06:30:00+12:00,2026-05-09 07:00:00+12:00,0.39,KWH,,1,actual
,2026-05-09 07:00:00+12:00,2026-05-09 07:30:00+12:00,0.31,KWH,,1,actual
,2026-05-09 07:00:00+12:00,2026-05-09 07:30:00+12:00,0,KWH,,2,actual
,2026-05-09 07:30:00+12:00,2026-05-09 08:00:00+12:00,0.365,KWH,,1,actual
,2026-05-09 07:30:00+12:00,2026-05-09 08:00:00+12:00,0,KWH,,2,actual
,2026-05-09 08:00:00+12:00,2026-05-09 08:30:00+12:00,0.351,KWH,,1,actual
,2026-05-09 08:00:00+12:00,2026-05-09 08:30:00+12:00,0,KWH,,2,actual
,2026-05-09 08:30:00+12:00,2026-05-09 09:00:00+12:00,1.171,KWH,,2,actual
,2026-05-09 08:30:00+12:00,2026-05-09 09:00:00+12:00,0.44,KWH,,1,actual
,2026-05-09 09:00:00+12:00,2026-05-09 09:30:00+12:00,1.484,KWH,,2,actual
,2026-05-09 09:00:00+12:00,2026-05-09 09:30:00+12:00,0.996,KWH,,1,actual
,2026-05-09 09:30:00+12:00,2026-05-09 10:00:00+12:00,1.499,KWH,,2,actual
,2026-05-09 09:30:00+12:00,2026-05-09 10:00:00+12:00,0.449,KWH,,1,actual
,2026-05-09 10:00:00+12:00,2026-05-09 10:30:00+12:00,0.921,KWH,,1,actual
,2026-05-09 10:00:00+12:00,2026-05-09 10:30:00+12:00,1.515,KWH,,2,actual
,2026-05-09 10:30:00+12:00,2026-05-09 11:00:00+12:00,1.547,KWH,,2,actual
,2026-05-09 10:30:00+12:00,2026-05-09 11:00:00+12:00,0.492,KWH,,1,actual
,2026-05-09 11:00:00+12:00,2026-05-09 11:30:00+12:00,0.716,KWH,,1,actual
,2026-05-09 11:00:00+12:00,2026-05-09 11:30:00+12:00,1.539,KWH,,2,actual
,2026-05-09 11:30:00+12:00,2026-05-09 12:00:00+12:00,0.497,KWH,,1,actual
,2026-05-09 11:30:00+12:00,2026-05-09 12:00:00+12:00,1.52,KWH,,2,actual
,2026-05-09 12:00:00+12:00,2026-05-09 12:30:00+12:00,0.503,KWH,,1,actual
,2026-05-09 12:00:00+12:00,2026-05-09 12:30:00+12:00,1.529,KWH,,2,actual
,2026-05-09 12:30:00+12:00,2026-05-09 13:00:00+12:00,0.727,KWH,,2,actual
,2026-05-09 12:30:00+12:00,2026-05-09 13:00:00+12:00,0.417,KWH,,1,actual
,2026-05-09 13:00:00+12:00,2026-05-09 13:30:00+12:00,0.352,KWH,,1,actual
,2026-05-09 13:00:00+12:00,2026-05-09 13:30:00+12:00,0,KWH,,2,actual
,2026-05-09 13:30:00+12:00,2026-05-09 14:00:00+12:00,0.209,KWH,,1,actual
,2026-05-09 13:30:00+12:00,2026-05-09 14:00:00+12:00,0,KWH,,2,actual
,2026-05-09 14:00:00+12:00,2026-05-09 14:30:00+12:00,0,KWH,,2,actual
,2026-05-09 14:00:00+12:00,2026-05-09 14:30:00+12:00,0.231,KWH,,1,actual
,2026-05-09 14:30:00+12:00,2026-05-09 15:00:00+12:00,0.253,KWH,,1,actual
,2026-05-09 14:30:00+12:00,2026-05-09 15:00:00+12:00,0,KWH,,2,actual
,2026-05-09 15:00:00+12:00,2026-05-09 15:30:00+12:00,0,KWH,,2,actual
,2026-05-09 15:00:00+12:00,2026-05-09 15:30:00+12:00,0.251,KWH,,1,actual
,2026-05-09 15:30:00+12:00,2026-05-09 16:00:00+12:00,0,KWH,,2,actual
,2026-05-09 15:30:00+12:00,2026-05-09 16:00:00+12:00,0.188,KWH,,1,actual
,2026-05-09 16:00:00+12:00,2026-05-09 16:30:00+12:00,0.172,KWH,,1,actual
,2026-05-09 16:00:00+12:00,2026-05-09 16:30:00+12:00,0,KWH,,2,actual
,2026-05-09 16:30:00+12:00,2026-05-09 17:00:00+12:00,0.548,KWH,,1,actual
,2026-05-09 16:30:00+12:00,2026-05-09 17:00:00+12:00,0.609,KWH,,2,actual
,2026-05-09 17:00:00+12:00,2026-05-09 17:30:00+12:00,1.005,KWH,,2,actual
,2026-05-09 17:00:00+12:00,2026-05-09 17:30:00+12:00,1.09,KWH,,1,actual
,2026-05-09 17:30:00+12:00,2026-05-09 18:00:00+12:00,0.909,KWH,,1,actual
,2026-05-09 17:30:00+12:00,2026-05-09 18:00:00+12:00,0,KWH,,2,actual
,2026-05-09 18:00:00+12:00,2026-05-09 18:30:00+12:00,0.543,KWH,,1,actual
,2026-05-09 18:00:00+12:00,2026-05-09 18:30:00+12:00,0,KWH,,2,actual
,2026-05-09 18:30:00+12:00,2026-05-09 19:00:00+12:00,0,KWH,,2,actual
,2026-05-09 18:30:00+12:00,2026-05-09 19:00:00+12:00,0.394,KWH,,1,actual
,2026-05-09 19:00:00+12:00,2026-05-09 19:30:00+12:00,0,KWH,,2,actual
,2026-05-09 19:00:00+12:00,2026-05-09 19:30:00+12:00,0.351,KWH,,1,actual
,2026-05-09 19:30:00+12:00,2026-05-09 20:00:00+12:00,0,KWH,,2,actual
,2026-05-09 19:30:00+12:00,2026-05-09 20:00:00+12:00,0.346,KWH,,1,actual
,2026-05-09 20:00:00+12:00,2026-05-09 20:30:00+12:00,0,KWH,,2,actual
,2026-05-09 20:00:00+12:00,2026-05-09 20:30:00+12:00,0.472,KWH,,1,actual
,2026-05-09 20:30:00+12:00,2026-05-09 21:00:00+12:00,0.877,KWH,,2,actual
,2026-05-09 20:30:00+12:00,2026-05-09 21:00:00+12:00,0.893,KWH,,1,actual
,2026-05-09 21:00:00+12:00,2026-05-09 21:30:00+12:00,0.666,KWH,,2,actual
,2026-05-09 21:00:00+12:00,2026-05-09 21:30:00+12:00,0.483,KWH,,1,actual
,2026-05-09 21:30:00+12:00,2026-05-09 22:00:00+12:00,1.03,KWH,,1,actual
,2026-05-09 21:30:00+12:00,2026-05-09 22:00:00+12:00,0,KWH,,2,actual
,2026-05-09 22:00:00+12:00,2026-05-09 22:30:00+12:00,0.62,KWH,,1,actual
,2026-05-09 22:00:00+12:00,2026-05-09 22:30:00+12:00,0,KWH,,2,actual
,2026-05-09 22:30:00+12:00,2026-05-09 23:00:00+12:00,0.248,KWH,,1,actual
,2026-05-09 22:30:00+12:00,2026-05-09 23:00:00+12:00,1.369,KWH,,2,actual
,2026-05-09 23:00:00+12:00,2026-05-09 23:30:00+12:00,0.366,KWH,,1,actual
,2026-05-09 23:00:00+12:00,2026-05-09 23:30:00+12:00,0.531,KWH,,2,actual
,2026-05-09 23:30:00+12:00,2026-05-10 00:00:00+12:00,0,KWH,,2,actual
,2026-05-09 23:30:00+12:00,2026-05-10 00:00:00+12:00,0.328,KWH,,1,actual
,2026-05-10 00:00:00+12:00,2026-05-10 00:30:00+12:00,0,KWH,,2,actual
,2026-05-10 00:00:00+12:00,2026-05-10 00:30:00+12:00,0.345,KWH,,1,actual
,2026-05-10 00:30:00+12:00,2026-05-10 01:00:00+12:00,0.405,KWH,,1,actual
,2026-05-10 00:30:00+12:00,2026-05-10 01:00:00+12:00,0,KWH,,2,actual
,2026-05-10 01:00:00+12:00,2026-05-10 01:30:00+12:00,0.358,KWH,,1,actual
,2026-05-10 01:00:00+12:00,2026-05-10 01:30:00+12:00,0,KWH,,2,actual
,2026-05-10 01:30:00+12:00,2026-05-10 02:00:00+12:00,0,KWH,,2,actual
,2026-05-10 01:30:00+12:00,2026-05-10 02:00:00+12:00,0.4,KWH,,1,actual
,2026-05-10 02:00:00+12:00,2026-05-10 02:30:00+12:00,0.376,KWH,,1,actual
,2026-05-10 02:00:00+12:00,2026-05-10 02:30:00+12:00,0,KWH,,2,actual
,2026-05-10 02:30:00+12:00,2026-05-10 03:00:00+12:00,0.277,KWH,,2,actual
,2026-05-10 02:30:00+12:00,2026-05-10 03:00:00+12:00,0.377,KWH,,1,actual
,2026-05-10 03:00:00+12:00,2026-05-10 03:30:00+12:00,1.188,KWH,,2,actual
,2026-05-10 03:00:00+12:00,2026-05-10 03:30:00+12:00,0.424,KWH,,1,actual
,2026-05-10 03:30:00+12:00,2026-05-10 04:00:00+12:00,0.374,KWH,,1,actual
,2026-05-10 03:30:00+12:00,2026-05-10 04:00:00+12:00,0,KWH,,2,actual
,2026-05-10 04:00:00+12:00,2026-05-10 04:30:00+12:00,0,KWH,,2,actual
,2026-05-10 04:00:00+12:00,2026-05-10 04:30:00+12:00,0.395,KWH,,1,actual
,2026-05-10 04:30:00+12:00,2026-05-10 05:00:00+12:00,0.453,KWH,,1,actual
,2026-05-10 04:30:00+12:00,2026-05-10 05:00:00+12:00,0,KWH,,2,actual
,2026-05-10 05:00:00+12:00,2026-05-10 05:30:00+12:00,0.46,KWH,,1,actual
,2026-05-10 05:00:00+12:00,2026-05-10 05:30:00+12:00,0,KWH,,2,actual
,2026-05-10 05:30:00+12:00,2026-05-10 06:00:00+12:00,0,KWH,,2,actual
,2026-05-10 05:30:00+12:00,2026-05-10 06:00:00+12:00,0.438,KWH,,1,actual
,2026-05-10 06:00:00+12:00,2026-05-10 06:30:00+12:00,0,KWH,,2,actual
,2026-05-10 06:00:00+12:00,2026-05-10 06:30:00+12:00,0.91,KWH,,1,actual
,2026-05-10 06:30:00+12:00,2026-05-10 07:00:00+12:00,0,KWH,,2,actual
,2026-05-10 06:30:00+12:00,2026-05-10 07:00:00+12:00,0.78,KWH,,1,actual
,2026-05-10 07:00:00+12:00,2026-05-10 07:30:00+12:00,0.699,KWH,,1,actual
,2026-05-10 07:00:00+12:00,2026-05-10 07:30:00+12:00,0,KWH,,2,actual
,2026-05-10 07:30:00+12:00,2026-05-10 08:00:00+12:00,0.732,KWH,,1,actual
,2026-05-10 07:30:00+12:00,2026-05-10 08:00:00+12:00,0,KWH,,2,actual
,2026-05-10 08:00:00+12:00,2026-05-10 08:30:00+12:00,0.812,KWH,,1,actual
,2026-05-10 08:00:00+12:00,2026-05-10 08:30:00+12:00,0,KWH,,2,actual
,2026-05-10 08:30:00+12:00,2026-05-10 09:00:00+12:00,0,KWH,,2,actual
,2026-05-10 08:30:00+12:00,2026-05-10 09:00:00+12:00,0.817,KWH,,1,actual
,2026-05-10 09:00:00+12:00,2026-05-10 09:30:00+12:00,0.639,KWH,,2,actual
,2026-05-10 09:00:00+12:00,2026-05-10 09:30:00+12:00,0.205,KWH,,1,actual
,2026-05-10 09:30:00+12:00,2026-05-10 10:00:00+12:00,1.016,KWH,,2,actual
,2026-05-10 09:30:00+12:00,2026-05-10 10:00:00+12:00,0.592,KWH,,1,actual
,2026-05-10 10:00:00+12:00,2026-05-10 10:30:00+12:00,1.926,KWH,,1,actual
,2026-05-10 10:00:00+12:00,2026-05-10 10:30:00+12:00,1.312,KWH,,2,actual
,2026-05-10 10:30:00+12:00,2026-05-10 11:00:00+12:00,1.456,KWH,,2,actual
,2026-05-10 10:30:00+12:00,2026-05-10 11:00:00+12:00,1.913,KWH,,1,actual
,2026-05-10 11:00:00+12:00,2026-05-10 11:30:00+12:00,2.868,KWH,,1,actual
,2026-05-10 11:00:00+12:00,2026-05-10 11:30:00+12:00,1.418,KWH,,2,actual
,2026-05-10 11:30:00+12:00,2026-05-10 12:00:00+12:00,2.407,KWH,,1,actual
,2026-05-10 11:30:00+12:00,2026-05-10 12:00:00+12:00,1.447,KWH,,2,actual
,2026-05-10 12:00:00+12:00,2026-05-10 12:30:00+12:00,1.965,KWH,,1,actual
,2026-05-10 12:00:00+12:00,2026-05-10 12:30:00+12:00,1.471,KWH,,2,actual
,2026-05-10 12:30:00+12:00,2026-05-10 13:00:00+12:00,1.512,KWH,,2,actual
,2026-05-10 12:30:00+12:00,2026-05-10 13:00:00+12:00,0.211,KWH,,1,actual
,2026-05-10 13:00:00+12:00,2026-05-10 13:30:00+12:00,0.172,KWH,,1,actual
,2026-05-10 13:00:00+12:00,2026-05-10 13:30:00+12:00,0,KWH,,2,actual
,2026-05-10 13:30:00+12:00,2026-05-10 14:00:00+12:00,0.098,KWH,,1,actual
,2026-05-10 13:30:00+12:00,2026-05-10 14:00:00+12:00,0,KWH,,2,actual
,2026-05-10 14:00:00+12:00,2026-05-10 14:30:00+12:00,0,KWH,,2,actual
,2026-05-10 14:00:00+12:00,2026-05-10 14:30:00+12:00,0.112,KWH,,1,actual
,2026-05-10 14:30:00+12:00,2026-05-10 15:00:00+12:00,0.092,KWH,,1,actual
,2026-05-10 14:30:00+12:00,2026-05-10 15:00:00+12:00,0,KWH,,2,actual
,2026-05-10 15:00:00+12:00,2026-05-10 15:30:00+12:00,0,KWH,,2,actual
,2026-05-10 15:00:00+12:00,2026-05-10 15:30:00+12:00,0.175,KWH,,1,actual
,2026-05-10 15:30:00+12:00,2026-05-10 16:00:00+12:00,0,KWH,,2,actual
,2026-05-10 15:30:00+12:00,2026-05-10 16:00:00+12:00,0.161,KWH,,1,actual
,2026-05-10 16:00:00+12:00,2026-05-10 16:30:00+12:00,0.169,KWH,,1,actual
,2026-05-10 16:00:00+12:00,2026-05-10 16:30:00+12:00,0,KWH,,2,actual
,2026-05-10 16:30:00+12:00,2026-05-10 17:00:00+12:00,0.446,KWH,,1,actual
,2026-05-10 16:30:00+12:00,2026-05-10 17:00:00+12:00,0,KWH,,2,actual
,2026-05-10 17:00:00+12:00,2026-05-10 17:30:00+12:00,1.461,KWH,,2,actual
,2026-05-10 17:00:00+12:00,2026-05-10 17:30:00+12:00,0.643,KWH,,1,actual
,2026-05-10 17:30:00+12:00,2026-05-10 18:00:00+12:00,0.854,KWH,,1,actual
,2026-05-10 17:30:00+12:00,2026-05-10 18:00:00+12:00,1.491,KWH,,2,actual
,2026-05-10 18:00:00+12:00,2026-05-10 18:30:00+12:00,0.869,KWH,,1,actual
,2026-05-10 18:00:00+12:00,2026-05-10 18:30:00+12:00,1.496,KWH,,2,actual
,2026-05-10 18:30:00+12:00,2026-05-10 19:00:00+12:00,1.496,KWH,,2,actual
,2026-05-10 18:30:00+12:00,2026-05-10 19:00:00+12:00,0.926,KWH,,1,actual
,2026-05-10 19:00:00+12:00,2026-05-10 19:30:00+12:00,0.461,KWH,,2,actual
,2026-05-10 19:00:00+12:00,2026-05-10 19:30:00+12:00,0.847,KWH,,1,actual
,2026-05-10 19:30:00+12:00,2026-05-10 20:00:00+12:00,0,KWH,,2,actual
,2026-05-10 19:30:00+12:00,2026-05-10 20:00:00+12:00,0.921,KWH,,1,actual
,2026-05-10 20:00:00+12:00,2026-05-10 20:30:00+12:00,0,KWH,,2,actual
,2026-05-10 20:00:00+12:00,2026-05-10 20:30:00+12:00,0.907,KWH,,1,actual
,2026-05-10 20:30:00+12:00,2026-05-10 21:00:00+12:00,1.35,KWH,,2,actual
,2026-05-10 20:30:00+12:00,2026-05-10 21:00:00+12:00,1.507,KWH,,1,actual
,2026-05-10 21:00:00+12:00,2026-05-10 21:30:00+12:00,1.432,KWH,,2,actual
,2026-05-10 21:00:00+12:00,2026-05-10 21:30:00+12:00,2.188,KWH,,1,actual
,2026-05-10 21:30:00+12:00,2026-05-10 22:00:00+12:00,3.795,KWH,,1,actual
,2026-05-10 21:30:00+12:00,2026-05-10 22:00:00+12:00,1.157,KWH,,2,actual
,2026-05-10 22:00:00+12:00,2026-05-10 22:30:00+12:00,2.602,KWH,,1,actual
,2026-05-10 22:00:00+12:00,2026-05-10 22:30:00+12:00,1.51,KWH,,2,actual
,2026-05-10 22:30:00+12:00,2026-05-10 23:00:00+12:00,0.655,KWH,,1,actual
,2026-05-10 22:30:00+12:00,2026-05-10 23:00:00+12:00,1.57,KWH,,2,actual
,2026-05-10 23:00:00+12:00,2026-05-10 23:30:00+12:00,0.246,KWH,,1,actual
,2026-05-10 23:00:00+12:00,2026-05-10 23:30:00+12:00,0.103,KWH,,2,actual
,2026-05-10 23:30:00+12:00,2026-05-11 00:00:00+12:00,0,KWH,,2,actual
,2026-05-10 23:30:00+12:00,2026-05-11 00:00:00+12:00,0.386,KWH,,1,actual
,2026-05-11 00:00:00+12:00,2026-05-11 00:30:00+12:00,0,KWH,,2,actual
,2026-05-11 00:00:00+12:00,2026-05-11 00:30:00+12:00,0.377,KWH,,1,actual
,2026-05-11 00:30:00+12:00,2026-05-11 01:00:00+12:00,0.458,KWH,,1,actual
,2026-05-11 00:30:00+12:00,2026-05-11 01:00:00+12:00,0,KWH,,2,actual
,2026-05-11 01:00:00+12:00,2026-05-11 01:30:00+12:00,0.466,KWH,,1,actual
,2026-05-11 01:00:00+12:00,2026-05-11 01:30:00+12:00,0,KWH,,2,actual
,2026-05-11 01:30:00+12:00,2026-05-11 02:00:00+12:00,0,KWH,,2,actual
,2026-05-11 01:30:00+12:00,2026-05-11 02:00:00+12:00,0.501,KWH,,1,actual
,2026-05-11 02:00:00+12:00,2026-05-11 02:30:00+12:00,0.517,KWH,,1,actual
,2026-05-11 02:00:00+12:00,2026-05-11 02:30:00+12:00,0,KWH,,2,actual
,2026-05-11 02:30:00+12:00,2026-05-11 03:00:00+12:00,0,KWH,,2,actual
,2026-05-11 02:30:00+12:00,2026-05-11 03:00:00+12:00,0.433,KWH,,1,actual
,2026-05-11 03:00:00+12:00,2026-05-11 03:30:00+12:00,0,KWH,,2,actual
,2026-05-11 03:00:00+12:00,2026-05-11 03:30:00+12:00,0.623,KWH,,1,actual
,2026-05-11 03:30:00+12:00,2026-05-11 04:00:00+12:00,0.578,KWH,,1,actual
,2026-05-11 03:30:00+12:00,2026-05-11 04:00:00+12:00,0,KWH,,2,actual
,2026-05-11 04:00:00+12:00,2026-05-11 04:30:00+12:00,0,KWH,,2,actual
,2026-05-11 04:00:00+12:00,2026-05-11 04:30:00+12:00,0.632,KWH,,1,actual
,2026-05-11 04:30:00+12:00,2026-05-11 05:00:00+12:00,0.642,KWH,,1,actual
,2026-05-11 04:30:00+12:00,2026-05-11 05:00:00+12:00,0,KWH,,2,actual
,2026-05-11 05:00:00+12:00,2026-05-11 05:30:00+12:00,0.66,KWH,,1,actual
,2026-05-11 05:00:00+12:00,2026-05-11 05:30:00+12:00,0,KWH,,2,actual
,2026-05-11 05:30:00+12:00,2026-05-11 06:00:00+12:00,0,KWH,,2,actual
,2026-05-11 05:30:00+12:00,2026-05-11 06:00:00+12:00,0.746,KWH,,1,actual
,2026-05-11 06:00:00+12:00,2026-05-11 06:30:00+12:00,0,KWH,,2,actual
,2026-05-11 06:00:00+12:00,2026-05-11 06:30:00+12:00,1.253,KWH,,1,actual
,2026-05-11 06:30:00+12:00,2026-05-11 07:00:00+12:00,0,KWH,,2,actual
,2026-05-11 06:30:00+12:00,2026-05-11 07:00:00+12:00,1.132,KWH,,1,actual
,2026-05-11 07:00:00+12:00,2026-05-11 07:30:00+12:00,0.989,KWH,,1,actual
,2026-05-11 07:00:00+12:00,2026-05-11 07:30:00+12:00,0,KWH,,2,actual
,2026-05-11 07:30:00+12:00,2026-05-11 08:00:00+12:00,1.494,KWH,,1,actual
,2026-05-11 07:30:00+12:00,2026-05-11 08:00:00+12:00,0.587,KWH,,2,actual
,2026-05-11 08:00:00+12:00,2026-05-11 08:30:00+12:00,1.867,KWH,,1,actual
,2026-05-11 08:00:00+12:00,2026-05-11 08:30:00+12:00,1.449,KWH,,2,actual
,2026-05-11 08:30:00+12:00,2026-05-11 09:00:00+12:00,0,KWH,,2,actual
,2026-05-11 08:30:00+12:00,2026-05-11 09:00:00+12:00,1.422,KWH,,1,actual
,2026-05-11 09:00:00+12:00,2026-05-11 09:30:00+12:00,0,KWH,,2,actual
,2026-05-11 09:00:00+12:00,2026-05-11 09:30:00+12:00,0.766,KWH,,1,actual
,2026-05-11 09:30:00+12:00,2026-05-11 10:00:00+12:00,0,KWH,,2,actual
,2026-05-11 09:30:00+12:00,2026-05-11 10:00:00+12:00,0.771,KWH,,1,actual
,2026-05-11 10:00:00+12:00,2026-05-11 10:30:00+12:00,0.744,KWH,,1,actual
,2026-05-11 10:00:00+12:00,2026-05-11 10:30:00+12:00,0.876,KWH,,2,actual
,2026-05-11 10:30:00+12:00,2026-05-11 11:00:00+12:00,1.499,KWH,,2,actual
,2026-05-11 10:30:00+12:00,2026-05-11 11:00:00+12:00,1.012,KWH,,1,actual
,2026-05-11 11:00:00+12:00,2026-05-11 11:30:00+12:00,0.785,KWH,,1,actual
,2026-05-11 11:00:00+12:00,2026-05-11 11:30:00+12:00,1.508,KWH,,2,actual
,2026-05-11 11:30:00+12:00,2026-05-11 12:00:00+12:00,0.338,KWH,,1,actual
,2026-05-11 11:30:00+12:00,2026-05-11 12:00:00+12:00,1.51,KWH,,2,actual
,2026-05-11 12:00:00+12:00,2026-05-11 12:30:00+12:00,0.329,KWH,,1,actual
,2026-05-11 12:00:00+12:00,2026-05-11 12:30:00+12:00,1.492,KWH,,2,actual
,2026-05-11 12:30:00+12:00,2026-05-11 13:00:00+12:00,1.473,KWH,,2,actual
,2026-05-11 12:30:00+12:00,2026-05-11 13:00:00+12:00,0.243,KWH,,1,actual
,2026-05-11 13:00:00+12:00,2026-05-11 13:30:00+12:00,0.342,KWH,,1,actual
,2026-05-11 13:00:00+12:00,2026-05-11 13:30:00+12:00,0.83,KWH,,2,actual
,2026-05-11 13:30:00+12:00,2026-05-11 14:00:00+12:00,0.251,KWH,,1,actual
,2026-05-11 13:30:00+12:00,2026-05-11 14:00:00+12:00,0,KWH,,2,actual
,2026-05-11 14:00:00+12:00,2026-05-11 14:30:00+12:00,0,KWH,,2,actual
,2026-05-11 14:00:00+12:00,2026-05-11 14:30:00+12:00,0.4,KWH,,1,actual
,2026-05-11 14:30:00+12:00,2026-05-11 15:00:00+12:00,1.314,KWH,,1,actual
,2026-05-11 14:30:00+12:00,2026-05-11 15:00:00+12:00,0,KWH,,2,actual
,2026-05-11 15:00:00+12:00,2026-05-11 15:30:00+12:00,0,KWH,,2,actual
,2026-05-11 15:00:00+12:00,2026-05-11 15:30:00+12:00,1.248,KWH,,1,actual
,2026-05-11 15:30:00+12:00,2026-05-11 16:00:00+12:00,0,KWH,,2,actual
,2026-05-11 15:30:00+12:00,2026-05-11 16:00:00+12:00,1.186,KWH,,1,actual
,2026-05-11 16:00:00+12:00,2026-05-11 16:30:00+12:00,0.674,KWH,,1,actual
,2026-05-11 16:00:00+12:00,2026-05-11 16:30:00+12:00,0,KWH,,2,actual
,2026-05-11 16:30:00+12:00,2026-05-11 17:00:00+12:00,0.616,KWH,,1,actual
,2026-05-11 16:30:00+12:00,2026-05-11 17:00:00+12:00,0,KWH,,2,actual
,2026-05-11 17:00:00+12:00,2026-05-11 17:30:00+12:00,0,KWH,,2,actual
,2026-05-11 17:00:00+12:00,2026-05-11 17:30:00+12:00,0.391,KWH,,1,actual
,2026-05-11 17:30:00+12:00,2026-05-11 18:00:00+12:00,0.881,KWH,,1,actual
,2026-05-11 17:30:00+12:00,2026-05-11 18:00:00+12:00,0,KWH,,2,actual
,2026-05-11 18:00:00+12:00,2026-05-11 18:30:00+12:00,1.027,KWH,,1,actual
,2026-05-11 18:00:00+12:00,2026-05-11 18:30:00+12:00,1.427,KWH,,2,actual
,2026-05-11 18:30:00+12:00,2026-05-11 19:00:00+12:00,0.558,KWH,,2,actual
,2026-05-11 18:30:00+12:00,2026-05-11 19:00:00+12:00,0.552,KWH,,1,actual
,2026-05-11 19:00:00+12:00,2026-05-11 19:30:00+12:00,1.496,KWH,,2,actual
,2026-05-11 19:00:00+12:00,2026-05-11 19:30:00+12:00,0.459,KWH,,1,actual
,2026-05-11 19:30:00+12:00,2026-05-11 20:00:00+12:00,1.5,KWH,,2,actual
,2026-05-11 19:30:00+12:00,2026-05-11 20:00:00+12:00,0.474,KWH,,1,actual
,2026-05-11 20:00:00+12:00,2026-05-11 20:30:00+12:00,1.512,KWH,,2,actual
,2026-05-11 20:00:00+12:00,2026-05-11 20:30:00+12:00,0.497,KWH,,1,actual
,2026-05-11 20:30:00+12:00,2026-05-11 21:00:00+12:00,1.512,KWH,,2,actual
,2026-05-11 20:30:00+12:00,2026-05-11 21:00:00+12:00,1.136,KWH,,1,actual
,2026-05-11 21:00:00+12:00,2026-05-11 21:30:00+12:00,0.39,KWH,,2,actual
,2026-05-11 21:00:00+12:00,2026-05-11 21:30:00+12:00,0.816,KWH,,1,actual
,2026-05-11 21:30:00+12:00,2026-05-11 22:00:00+12:00,0.875,KWH,,1,actual
,2026-05-11 21:30:00+12:00,2026-05-11 22:00:00+12:00,0,KWH,,2,actual
,2026-05-11 22:00:00+12:00,2026-05-11 22:30:00+12:00,1.136,KWH,,1,actual
,2026-05-11 22:00:00+12:00,2026-05-11 22:30:00+12:00,0.458,KWH,,2,actual
,2026-05-11 22:30:00+12:00,2026-05-11 23:00:00+12:00,0.371,KWH,,1,actual
,2026-05-11 22:30:00+12:00,2026-05-11 23:00:00+12:00,1.56,KWH,,2,actual
,2026-05-11 23:00:00+12:00,2026-05-11 23:30:00+12:00,1.205,KWH,,1,actual
,2026-05-11 23:00:00+12:00,2026-05-11 23:30:00+12:00,0.383,KWH,,2,actual
,2026-05-11 23:30:00+12:00,2026-05-12 00:00:00+12:00,1.375,KWH,,2,actual
,2026-05-11 23:30:00+12:00,2026-05-12 00:00:00+12:00,0.528,KWH,,1,actual
,2026-05-12 00:00:00+12:00,2026-05-12 00:30:00+12:00,1.504,KWH,,2,actual
,2026-05-12 00:00:00+12:00,2026-05-12 00:30:00+12:00,0.462,KWH,,1,actual
,2026-05-12 00:30:00+12:00,2026-05-12 01:00:00+12:00,0.434,KWH,,1,actual
,2026-05-12 00:30:00+12:00,2026-05-12 01:00:00+12:00,1.511,KWH,,2,actual
,2026-05-12 01:00:00+12:00,2026-05-12 01:30:00+12:00,0.454,KWH,,1,actual
,2026-05-12 01:00:00+12:00,2026-05-12 01:30:00+12:00,0.179,KWH,,2,actual
,2026-05-12 01:30:00+12:00,2026-05-12 02:00:00+12:00,0,KWH,,2,actual
,2026-05-12 01:30:00+12:00,2026-05-12 02:00:00+12:00,0.433,KWH,,1,actual
,2026-05-12 02:00:00+12:00,2026-05-12 02:30:00+12:00,0.466,KWH,,1,actual
,2026-05-12 02:00:00+12:00,2026-05-12 02:30:00+12:00,0,KWH,,2,actual
,2026-05-12 02:30:00+12:00,2026-05-12 03:00:00+12:00,0,KWH,,2,actual
,2026-05-12 02:30:00+12:00,2026-05-12 03:00:00+12:00,0.499,KWH,,1,actual
,2026-05-12 03:00:00+12:00,2026-05-12 03:30:00+12:00,0,KWH,,2,actual
,2026-05-12 03:00:00+12:00,2026-05-12 03:30:00+12:00,0.458,KWH,,1,actual
,2026-05-12 03:30:00+12:00,2026-05-12 04:00:00+12:00,0.522,KWH,,1,actual
,2026-05-12 03:30:00+12:00,2026-05-12 04:00:00+12:00,0,KWH,,2,actual
,2026-05-12 04:00:00+12:00,2026-05-12 04:30:00+12:00,0,KWH,,2,actual
,2026-05-12 04:00:00+12:00,2026-05-12 04:30:00+12:00,0.437,KWH,,1,actual
,2026-05-12 04:30:00+12:00,2026-05-12 05:00:00+12:00,0.493,KWH,,1,actual
,2026-05-12 04:30:00+12:00,2026-05-12 05:00:00+12:00,0,KWH,,2,actual
,2026-05-12 05:00:00+12:00,2026-05-12 05:30:00+12:00,0.511,KWH,,1,actual
,2026-05-12 05:00:00+12:00,2026-05-12 05:30:00+12:00,0,KWH,,2,actual
,2026-05-12 05:30:00+12:00,2026-05-12 06:00:00+12:00,0,KWH,,2,actual
,2026-05-12 05:30:00+12:00,2026-05-12 06:00:00+12:00,0.481,KWH,,1,actual
,2026-05-12 06:00:00+12:00,2026-05-12 06:30:00+12:00,0,KWH,,2,actual
,2026-05-12 06:00:00+12:00,2026-05-12 06:30:00+12:00,0.894,KWH,,1,actual
,2026-05-12 06:30:00+12:00,2026-05-12 07:00:00+12:00,0,KWH,,2,actual
,2026-05-12 06:30:00+12:00,2026-05-12 07:00:00+12:00,0.757,KWH,,1,actual
,2026-05-12 07:00:00+12:00,2026-05-12 07:30:00+12:00,0.684,KWH,,1,actual
,2026-05-12 07:00:00+12:00,2026-05-12 07:30:00+12:00,0,KWH,,2,actual
,2026-05-12 07:30:00+12:00,2026-05-12 08:00:00+12:00,0.715,KWH,,1,actual
,2026-05-12 07:30:00+12:00,2026-05-12 08:00:00+12:00,0,KWH,,2,actual
,2026-05-12 08:00:00+12:00,2026-05-12 08:30:00+12:00,0.812,KWH,,1,actual
,2026-05-12 08:00:00+12:00,2026-05-12 08:30:00+12:00,0,KWH,,2,actual
,2026-05-12 08:30:00+12:00,2026-05-12 09:00:00+12:00,0,KWH,,2,actual
,2026-05-12 08:30:00+12:00,2026-05-12 09:00:00+12:00,0.672,KWH,,1,actual
,2026-05-12 09:00:00+12:00,2026-05-12 09:30:00+12:00,0,KWH,,2,actual
,2026-05-12 09:00:00+12:00,2026-05-12 09:30:00+12:00,0.158,KWH,,1,actual
,2026-05-12 09:30:00+12:00,2026-05-12 10:00:00+12:00,1.052,KWH,,2,actual
,2026-05-12 09:30:00+12:00,2026-05-12 10:00:00+12:00,0.143,KWH,,1,actual
,2026-05-12 10:00:00+12:00,2026-05-12 10:30:00+12:00,0.14,KWH,,1,actual
,2026-05-12 10:00:00+12:00,2026-05-12 10:30:00+12:00,0.492,KWH,,2,actual
,2026-05-12 10:30:00+12:00,2026-05-12 11:00:00+12:00,0,KWH,,2,actual
,2026-05-12 10:30:00+12:00,2026-05-12 11:00:00+12:00,0.155,KWH,,1,actual
,2026-05-12 11:00:00+12:00,2026-05-12 11:30:00+12:00,0.135,KWH,,1,actual
,2026-05-12 11:00:00+12:00,2026-05-12 11:30:00+12:00,0,KWH,,2,actual
,2026-05-12 11:30:00+12:00,2026-05-12 12:00:00+12:00,0.152,KWH,,1,actual
,2026-05-12 11:30:00+12:00,2026-05-12 12:00:00+12:00,0,KWH,,2,actual
,2026-05-12 12:00:00+12:00,2026-05-12 12:30:00+12:00,0.534,KWH,,2,actual
,2026-05-12 12:00:00+12:00,2026-05-12 12:30:00+12:00,0.169,KWH,,1,actual
,2026-05-12 12:30:00+12:00,2026-05-12 13:00:00+12:00,0.614,KWH,,1,actual
,2026-05-12 12:30:00+12:00,2026-05-12 13:00:00+12:00,1.482,KWH,,2,actual
,2026-05-12 13:00:00+12:00,2026-05-12 13:30:00+12:00,1.484,KWH,,2,actual
,2026-05-12 13:00:00+12:00,2026-05-12 13:30:00+12:00,0.789,KWH,,1,actual
,2026-05-12 13:30:00+12:00,2026-05-12 14:00:00+12:00,1.491,KWH,,2,actual
,2026-05-12 13:30:00+12:00,2026-05-12 14:00:00+12:00,0.341,KWH,,1,actual
,2026-05-12 14:00:00+12:00,2026-05-12 14:30:00+12:00,0.212,KWH,,1,actual
,2026-05-12 14:00:00+12:00,2026-05-12 14:30:00+12:00,1.501,KWH,,2,actual
,2026-05-12 14:30:00+12:00,2026-05-12 15:00:00+12:00,0.015,KWH,,2,actual
,2026-05-12 14:30:00+12:00,2026-05-12 15:00:00+12:00,0.172,KWH,,1,actual
,2026-05-12 15:00:00+12:00,2026-05-12 15:30:00+12:00,0.194,KWH,,1,actual
,2026-05-12 15:00:00+12:00,2026-05-12 15:30:00+12:00,0,KWH,,2,actual
,2026-05-12 15:30:00+12:00,2026-05-12 16:00:00+12:00,0.209,KWH,,1,actual
,2026-05-12 15:30:00+12:00,2026-05-12 16:00:00+12:00,0,KWH,,2,actual
,2026-05-12 16:00:00+12:00,2026-05-12 16:30:00+12:00,0,KWH,,2,actual
,2026-05-12 16:00:00+12:00,2026-05-12 16:30:00+12:00,0.272,KWH,,1,actual
,2026-05-12 16:30:00+12:00,2026-05-12 17:00:00+12:00,0,KWH,,2,actual
,2026-05-12 16:30:00+12:00,2026-05-12 17:00:00+12:00,0.889,KWH,,1,actual
,2026-05-12 17:00:00+12:00,2026-05-12 17:30:00+12:00,0.792,KWH,,1,actual
,2026-05-12 17:00:00+12:00,2026-05-12 17:30:00+12:00,0,KWH,,2,actual
,2026-05-12 17:30:00+12:00,2026-05-12 18:00:00+12:00,0,KWH,,2,actual
,2026-05-12 17:30:00+12:00,2026-05-12 18:00:00+12:00,0.595,KWH,,1,actual
,2026-05-12 18:00:00+12:00,2026-05-12 18:30:00+12:00,0,KWH,,2,actual
,2026-05-12 18:00:00+12:00,2026-05-12 18:30:00+12:00,0.745,KWH,,1,actual
,2026-05-12 18:30:00+12:00,2026-05-12 19:00:00+12:00,0.645,KWH,,1,actual
,2026-05-12 18:30:00+12:00,2026-05-12 19:00:00+12:00,0.868,KWH,,2,actual
,2026-05-12 19:00:00+12:00,2026-05-12 19:30:00+12:00,0.932,KWH,,1,actual
,2026-05-12 19:00:00+12:00,2026-05-12 19:30:00+12:00,0.897,KWH,,2,actual
,2026-05-12 19:30:00+12:00,2026-05-12 20:00:00+12:00,0.697,KWH,,1,actual
,2026-05-12 19:30:00+12:00,2026-05-12 20:00:00+12:00,0,KWH,,2,actual
,2026-05-12 20:00:00+12:00,2026-05-12 20:30:00+12:00,0.706,KWH,,1,actual
,2026-05-12 20:00:00+12:00,2026-05-12 20:30:00+12:00,0,KWH,,2,actual
,2026-05-12 20:30:00+12:00,2026-05-12 21:00:00+12:00,1.305,KWH,,1,actual
,2026-05-12 20:30:00+12:00,2026-05-12 21:00:00+12:00,0,KWH,,2,actual
,2026-05-12 21:00:00+12:00,2026-05-12 21:30:00+12:00,3.3,KWH,,1,actual
,2026-05-12 21:00:00+12:00,2026-05-12 21:30:00+12:00,0,KWH,,2,actual
,2026-05-12 21:30:00+12:00,2026-05-12 22:00:00+12:00,0,KWH,,2,actual
,2026-05-12 21:30:00+12:00,2026-05-12 22:00:00+12:00,3.14,KWH,,1,actual
,2026-05-12 22:00:00+12:00,2026-05-12 22:30:00+12:00,0,KWH,,2,actual
,2026-05-12 22:00:00+12:00,2026-05-12 22:30:00+12:00,2.371,KWH,,1,actual
,2026-05-12 22:30:00+12:00,2026-05-12 23:00:00+12:00,0,KWH,,2,actual
,2026-05-12 22:30:00+12:00,2026-05-12 23:00:00+12:00,2.322,KWH,,1,actual
,2026-05-12 23:00:00+12:00,2026-05-12 23:30:00+12:00,0.619,KWH,,2,actual
,2026-05-12 23:00:00+12:00,2026-05-12 23:30:00+12:00,2.265,KWH,,1,actual
,2026-05-12 23:30:00+12:00,2026-05-13 00:00:00+12:00,1.964,KWH,,1,actual
,2026-05-12 23:30:00+12:00,2026-05-13 00:00:00+12:00,1.48,KWH,,2,actual
,2026-05-13 00:00:00+12:00,2026-05-13 00:30:00+12:00,1.971,KWH,,1,actual
,2026-05-13 00:00:00+12:00,2026-05-13 00:30:00+12:00,0.819,KWH,,2,actual
,2026-05-13 00:30:00+12:00,2026-05-13 01:00:00+12:00,0,KWH,,2,actual
,2026-05-13 00:30:00+12:00,2026-05-13 01:00:00+12:00,1.98,KWH,,1,actual
,2026-05-13 01:00:00+12:00,2026-05-13 01:30:00+12:00,0,KWH,,2,actual
,2026-05-13 01:00:00+12:00,2026-05-13 01:30:00+12:00,1.987,KWH,,1,actual
,2026-05-13 01:30:00+12:00,2026-05-13 02:00:00+12:00,1.959,KWH,,1,actual
,2026-05-13 01:30:00+12:00,2026-05-13 02:00:00+12:00,0,KWH,,2,actual
,2026-05-13 02:00:00+12:00,2026-05-13 02:30:00+12:00,0,KWH,,2,actual
,2026-05-13 02:00:00+12:00,2026-05-13 02:30:00+12:00,1.981,KWH,,1,actual
,2026-05-13 02:30:00+12:00,2026-05-13 03:00:00+12:00,1.984,KWH,,1,actual
,2026-05-13 02:30:00+12:00,2026-05-13 03:00:00+12:00,0,KWH,,2,actual
,2026-05-13 03:00:00+12:00,2026-05-13 03:30:00+12:00,1.966,KWH,,1,actual
,2026-05-13 03:00:00+12:00,2026-05-13 03:30:00+12:00,0,KWH,,2,actual
,2026-05-13 03:30:00+12:00,2026-05-13 04:00:00+12:00,0,KWH,,2,actual
,2026-05-13 03:30:00+12:00,2026-05-13 04:00:00+12:00,1.994,KWH,,1,actual
,2026-05-13 04:00:00+12:00,2026-05-13 04:30:00+12:00,1.975,KWH,,1,actual
,2026-05-13 04:00:00+12:00,2026-05-13 04:30:00+12:00,0,KWH,,2,actual
,2026-05-13 04:30:00+12:00,2026-05-13 05:00:00+12:00,0,KWH,,2,actual
,2026-05-13 04:30:00+12:00,2026-05-13 05:00:00+12:00,1.258,KWH,,1,actual
,2026-05-13 05:00:00+12:00,2026-05-13 05:30:00+12:00,0,KWH,,2,actual
,2026-05-13 05:00:00+12:00,2026-05-13 05:30:00+12:00,0.572,KWH,,1,actual
,2026-05-13 05:30:00+12:00,2026-05-13 06:00:00+12:00,0.371,KWH,,1,actual
,2026-05-13 05:30:00+12:00,2026-05-13 06:00:00+12:00,0,KWH,,2,actual
,2026-05-13 06:00:00+12:00,2026-05-13 06:30:00+12:00,0.634,KWH,,1,actual
,2026-05-13 06:00:00+12:00,2026-05-13 06:30:00+12:00,0,KWH,,2,actual
,2026-05-13 06:30:00+12:00,2026-05-13 07:00:00+12:00,0.535,KWH,,1,actual
,2026-05-13 06:30:00+12:00,2026-05-13 07:00:00+12:00,0,KWH,,2,actual
,2026-05-13 07:00:00+12:00,2026-05-13 07:30:00+12:00,0,KWH,,2,actual
,2026-05-13 07:00:00+12:00,2026-05-13 07:30:00+12:00,0.438,KWH,,1,actual
,2026-05-13 07:30:00+12:00,2026-05-13 08:00:00+12:00,0,KWH,,2,actual
,2026-05-13 07:30:00+12:00,2026-05-13 08:00:00+12:00,0.53,KWH,,1,actual
,2026-05-13 08:00:00+12:00,2026-05-13 08:30:00+12:00,0,KWH,,2,actual
,2026-05-13 08:00:00+12:00,2026-05-13 08:30:00+12:00,0.602,KWH,,1,actual
,2026-05-13 08:30:00+12:00,2026-05-13 09:00:00+12:00,0.48,KWH,,1,actual
,2026-05-13 08:30:00+12:00,2026-05-13 09:00:00+12:00,0.201,KWH,,2,actual
,2026-05-13 09:00:00+12:00,2026-05-13 09:30:00+12:00,0.097,KWH,,1,actual
,2026-05-13 09:00:00+12:00,2026-05-13 09:30:00+12:00,1.359,KWH,,2,actual
,2026-05-13 09:30:00+12:00,2026-05-13 10:00:00+12:00,0.106,KWH,,1,actual
,2026-05-13 09:30:00+12:00,2026-05-13 10:00:00+12:00,0,KWH,,2,actual
,2026-05-13 10:00:00+12:00,2026-05-13 10:30:00+12:00,0,KWH,,2,actual
,2026-05-13 10:00:00+12:00,2026-05-13 10:30:00+12:00,0.11,KWH,,1,actual
,2026-05-13 10:30:00+12:00,2026-05-13 11:00:00+12:00,0.143,KWH,,1,actual
,2026-05-13 10:30:00+12:00,2026-05-13 11:00:00+12:00,0,KWH,,2,actual
,2026-05-13 11:00:00+12:00,2026-05-13 11:30:00+12:00,1.261,KWH,,2,actual
,2026-05-13 11:00:00+12:00,2026-05-13 11:30:00+12:00,0.217,KWH,,1,actual
,2026-05-13 11:30:00+12:00,2026-05-13 12:00:00+12:00,1.484,KWH,,2,actual
,2026-05-13 11:30:00+12:00,2026-05-13 12:00:00+12:00,0.256,KWH,,1,actual
,2026-05-13 12:00:00+12:00,2026-05-13 12:30:00+12:00,0.22,KWH,,1,actual
,2026-05-13 12:00:00+12:00,2026-05-13 12:30:00+12:00,1.47,KWH,,2,actual
,2026-05-13 12:30:00+12:00,2026-05-13 13:00:00+12:00,1.482,KWH,,2,actual
,2026-05-13 12:30:00+12:00,2026-05-13 13:00:00+12:00,0.212,KWH,,1,actual
,2026-05-13 13:00:00+12:00,2026-05-13 13:30:00+12:00,0.266,KWH,,1,actual
,2026-05-13 13:00:00+12:00,2026-05-13 13:30:00+12:00,1.491,KWH,,2,actual
,2026-05-13 13:30:00+12:00,2026-05-13 14:00:00+12:00,0.351,KWH,,1,actual
,2026-05-13 13:30:00+12:00,2026-05-13 14:00:00+12:00,1.031,KWH,,2,actual
,2026-05-13 14:00:00+12:00,2026-05-13 14:30:00+12:00,0,KWH,,2,actual
,2026-05-13 14:00:00+12:00,2026-05-13 14:30:00+12:00,1.431,KWH,,1,actual
,2026-05-13 14:30:00+12:00,2026-05-13 15:00:00+12:00,1.224,KWH,,1,actual
,2026-05-13 14:30:00+12:00,2026-05-13 15:00:00+12:00,0,KWH,,2,actual
,2026-05-13 15:00:00+12:00,2026-05-13 15:30:00+12:00,0,KWH,,2,actual
,2026-05-13 15:00:00+12:00,2026-05-13 15:30:00+12:00,0.808,KWH,,1,actual
,2026-05-13 15:30:00+12:00,2026-05-13 16:00:00+12:00,0,KWH,,2,actual
,2026-05-13 15:30:00+12:00,2026-05-13 16:00:00+12:00,0.656,KWH,,1,actual
,2026-05-13 16:00:00+12:00,2026-05-13 16:30:00+12:00,0.681,KWH,,1,actual
,2026-05-13 16:00:00+12:00,2026-05-13 16:30:00+12:00,0,KWH,,2,actual
,2026-05-13 16:30:00+12:00,2026-05-13 17:00:00+12:00,0.795,KWH,,1,actual
,2026-05-13 16:30:00+12:00,2026-05-13 17:00:00+12:00,0,KWH,,2,actual
,2026-05-13 17:00:00+12:00,2026-05-13 17:30:00+12:00,0,KWH,,2,actual
,2026-05-13 17:00:00+12:00,2026-05-13 17:30:00+12:00,0.977,KWH,,1,actual
,2026-05-13 17:30:00+12:00,2026-05-13 18:00:00+12:00,0.503,KWH,,1,actual
,2026-05-13 17:30:00+12:00,2026-05-13 18:00:00+12:00,0.566,KWH,,2,actual
,2026-05-13 18:00:00+12:00,2026-05-13 18:30:00+12:00,0.498,KWH,,1,actual
,2026-05-13 18:00:00+12:00,2026-05-13 18:30:00+12:00,0.996,KWH,,2,actual
,2026-05-13 18:30:00+12:00,2026-05-13 19:00:00+12:00,0.658,KWH,,2,actual
,2026-05-13 18:30:00+12:00,2026-05-13 19:00:00+12:00,0.446,KWH,,1,actual
,2026-05-13 19:00:00+12:00,2026-05-13 19:30:00+12:00,1.498,KWH,,2,actual
,2026-05-13 19:00:00+12:00,2026-05-13 19:30:00+12:00,1.09,KWH,,1,actual
,2026-05-13 19:30:00+12:00,2026-05-13 20:00:00+12:00,1.52,KWH,,2,actual
,2026-05-13 19:30:00+12:00,2026-05-13 20:00:00+12:00,0.811,KWH,,1,actual
,2026-05-13 20:00:00+12:00,2026-05-13 20:30:00+12:00,1.517,KWH,,2,actual
,2026-05-13 20:00:00+12:00,2026-05-13 20:30:00+12:00,1.443,KWH,,1,actual
,2026-05-13 20:30:00+12:00,2026-05-13 21:00:00+12:00,1.542,KWH,,2,actual
,2026-05-13 20:30:00+12:00,2026-05-13 21:00:00+12:00,0.747,KWH,,1,actual
,2026-05-13 21:00:00+12:00,2026-05-13 21:30:00+12:00,0.27,KWH,,2,actual
,2026-05-13 21:00:00+12:00,2026-05-13 21:30:00+12:00,0.248,KWH,,1,actual
,2026-05-13 21:30:00+12:00,2026-05-13 22:00:00+12:00,0.257,KWH,,1,actual
,2026-05-13 21:30:00+12:00,2026-05-13 22:00:00+12:00,0,KWH,,2,actual
,2026-05-13 22:00:00+12:00,2026-05-13 22:30:00+12:00,0.149,KWH,,1,actual
,2026-05-13 22:00:00+12:00,2026-05-13 22:30:00+12:00,0,KWH,,2,actual
,2026-05-13 22:30:00+12:00,2026-05-13 23:00:00+12:00,1.108,KWH,,1,actual
,2026-05-13 22:30:00+12:00,2026-05-13 23:00:00+12:00,0.448,KWH,,2,actual
,2026-05-13 23:00:00+12:00,2026-05-13 23:30:00+12:00,2.658,KWH,,1,actual
,2026-05-13 23:00:00+12:00,2026-05-13 23:30:00+12:00,1.328,KWH,,2,actual
,2026-05-13 23:30:00+12:00,2026-05-14 00:00:00+12:00,0,KWH,,2,actual
,2026-05-13 23:30:00+12:00,2026-05-14 00:00:00+12:00,1.722,KWH,,1,actual
,2026-05-14 00:00:00+12:00,2026-05-14 00:30:00+12:00,0,KWH,,2,actual
,2026-05-14 00:00:00+12:00,2026-05-14 00:30:00+12:00,0.476,KWH,,1,actual
,2026-05-14 00:30:00+12:00,2026-05-14 01:00:00+12:00,0.188,KWH,,1,actual
,2026-05-14 00:30:00+12:00,2026-05-14 01:00:00+12:00,0,KWH,,2,actual
,2026-05-14 01:00:00+12:00,2026-05-14 01:30:00+12:00,0.194,KWH,,1,actual
,2026-05-14 01:00:00+12:00,2026-05-14 01:30:00+12:00,0,KWH,,2,actual
,2026-05-14 01:30:00+12:00,2026-05-14 02:00:00+12:00,0,KWH,,2,actual
,2026-05-14 01:30:00+12:00,2026-05-14 02:00:00+12:00,0.202,KWH,,1,actual
,2026-05-14 02:00:00+12:00,2026-05-14 02:30:00+12:00,0.199,KWH,,1,actual
,2026-05-14 02:00:00+12:00,2026-05-14 02:30:00+12:00,0,KWH,,2,actual
,2026-05-14 02:30:00+12:00,2026-05-14 03:00:00+12:00,0,KWH,,2,actual
,2026-05-14 02:30:00+12:00,2026-05-14 03:00:00+12:00,0.222,KWH,,1,actual
,2026-05-14 03:00:00+12:00,2026-05-14 03:30:00+12:00,0,KWH,,2,actual
,2026-05-14 03:00:00+12:00,2026-05-14 03:30:00+12:00,0.197,KWH,,1,actual
,2026-05-14 03:30:00+12:00,2026-05-14 04:00:00+12:00,0.219,KWH,,1,actual
,2026-05-14 03:30:00+12:00,2026-05-14 04:00:00+12:00,0,KWH,,2,actual
,2026-05-14 04:00:00+12:00,2026-05-14 04:30:00+12:00,0,KWH,,2,actual
,2026-05-14 04:00:00+12:00,2026-05-14 04:30:00+12:00,0.213,KWH,,1,actual
,2026-05-14 04:30:00+12:00,2026-05-14 05:00:00+12:00,0.216,KWH,,1,actual
,2026-05-14 04:30:00+12:00,2026-05-14 05:00:00+12:00,0,KWH,,2,actual
,2026-05-14 05:00:00+12:00,2026-05-14 05:30:00+12:00,0.249,KWH,,1,actual
,2026-05-14 05:00:00+12:00,2026-05-14 05:30:00+12:00,0,KWH,,2,actual
,2026-05-14 05:30:00+12:00,2026-05-14 06:00:00+12:00,0,KWH,,2,actual
,2026-05-14 05:30:00+12:00,2026-05-14 06:00:00+12:00,0.216,KWH,,1,actual
,2026-05-14 06:00:00+12:00,2026-05-14 06:30:00+12:00,0,KWH,,2,actual
,2026-05-14 06:00:00+12:00,2026-05-14 06:30:00+12:00,0.622,KWH,,1,actual
,2026-05-14 06:30:00+12:00,2026-05-14 07:00:00+12:00,0,KWH,,2,actual
,2026-05-14 06:30:00+12:00,2026-05-14 07:00:00+12:00,0.535,KWH,,1,actual
,2026-05-14 07:00:00+12:00,2026-05-14 07:30:00+12:00,0.476,KWH,,1,actual
,2026-05-14 07:00:00+12:00,2026-05-14 07:30:00+12:00,0,KWH,,2,actual
,2026-05-14 07:30:00+12:00,2026-05-14 08:00:00+12:00,0.763,KWH,,1,actual
,2026-05-14 07:30:00+12:00,2026-05-14 08:00:00+12:00,0.703,KWH,,2,actual
,2026-05-14 08:00:00+12:00,2026-05-14 08:30:00+12:00,0.884,KWH,,1,actual
,2026-05-14 08:00:00+12:00,2026-05-14 08:30:00+12:00,1.507,KWH,,2,actual
,2026-05-14 08:30:00+12:00,2026-05-14 09:00:00+12:00,0.247,KWH,,2,actual
,2026-05-14 08:30:00+12:00,2026-05-14 09:00:00+12:00,0.839,KWH,,1,actual
,2026-05-14 09:00:00+12:00,2026-05-14 09:30:00+12:00,1.499,KWH,,2,actual
,2026-05-14 09:00:00+12:00,2026-05-14 09:30:00+12:00,0.614,KWH,,1,actual
,2026-05-14 09:30:00+12:00,2026-05-14 10:00:00+12:00,1.494,KWH,,2,actual
,2026-05-14 09:30:00+12:00,2026-05-14 10:00:00+12:00,0.613,KWH,,1,actual
,2026-05-14 10:00:00+12:00,2026-05-14 10:30:00+12:00,0.447,KWH,,1,actual
,2026-05-14 10:00:00+12:00,2026-05-14 10:30:00+12:00,1.488,KWH,,2,actual
,2026-05-14 10:30:00+12:00,2026-05-14 11:00:00+12:00,1.503,KWH,,2,actual
,2026-05-14 10:30:00+12:00,2026-05-14 11:00:00+12:00,0.225,KWH,,1,actual
,2026-05-14 11:00:00+12:00,2026-05-14 11:30:00+12:00,0.283,KWH,,1,actual
,2026-05-14 11:00:00+12:00,2026-05-14 11:30:00+12:00,1.489,KWH,,2,actual
,2026-05-14 11:30:00+12:00,2026-05-14 12:00:00+12:00,0.221,KWH,,1,actual
,2026-05-14 11:30:00+12:00,2026-05-14 12:00:00+12:00,1.256,KWH,,2,actual
,2026-05-14 12:00:00+12:00,2026-05-14 12:30:00+12:00,0,KWH,,2,actual
,2026-05-14 12:00:00+12:00,2026-05-14 12:30:00+12:00,0.234,KWH,,1,actual
,2026-05-14 12:30:00+12:00,2026-05-14 13:00:00+12:00,0.209,KWH,,1,actual
,2026-05-14 12:30:00+12:00,2026-05-14 13:00:00+12:00,0,KWH,,2,actual
,2026-05-14 13:00:00+12:00,2026-05-14 13:30:00+12:00,0,KWH,,2,actual
,2026-05-14 13:00:00+12:00,2026-05-14 13:30:00+12:00,0.224,KWH,,1,actual
,2026-05-14 13:30:00+12:00,2026-05-14 14:00:00+12:00,0,KWH,,2,actual
,2026-05-14 13:30:00+12:00,2026-05-14 14:00:00+12:00,0.401,KWH,,1,actual
,2026-05-14 14:00:00+12:00,2026-05-14 14:30:00+12:00,0.176,KWH,,1,actual
,2026-05-14 14:00:00+12:00,2026-05-14 14:30:00+12:00,0,KWH,,2,actual
,2026-05-14 14:30:00+12:00,2026-05-14 15:00:00+12:00,0,KWH,,2,actual
,2026-05-14 14:30:00+12:00,2026-05-14 15:00:00+12:00,0.19,KWH,,1,actual
,2026-05-14 15:00:00+12:00,2026-05-14 15:30:00+12:00,0.214,KWH,,1,actual
,2026-05-14 15:00:00+12:00,2026-05-14 15:30:00+12:00,0,KWH,,2,actual
,2026-05-14 15:30:00+12:00,2026-05-14 16:00:00+12:00,1.127,KWH,,1,actual
,2026-05-14 15:30:00+12:00,2026-05-14 16:00:00+12:00,0,KWH,,2,actual
,2026-05-14 16:00:00+12:00,2026-05-14 16:30:00+12:00,0,KWH,,2,actual
,2026-05-14 16:00:00+12:00,2026-05-14 16:30:00+12:00,0.222,KWH,,1,actual
,2026-05-14 16:30:00+12:00,2026-05-14 17:00:00+12:00,0,KWH,,2,actual
,2026-05-14 16:30:00+12:00,2026-05-14 17:00:00+12:00,0.197,KWH,,1,actual
,2026-05-14 17:00:00+12:00,2026-05-14 17:30:00+12:00,0.171,KWH,,1,actual
,2026-05-14 17:00:00+12:00,2026-05-14 17:30:00+12:00,0,KWH,,2,actual
,2026-05-14 17:30:00+12:00,2026-05-14 18:00:00+12:00,0,KWH,,2,actual
,2026-05-14 17:30:00+12:00,2026-05-14 18:00:00+12:00,0.163,KWH,,1,actual
,2026-05-14 18:00:00+12:00,2026-05-14 18:30:00+12:00,0,KWH,,2,actual
,2026-05-14 18:00:00+12:00,2026-05-14 18:30:00+12:00,0.411,KWH,,1,actual
,2026-05-14 18:30:00+12:00,2026-05-14 19:00:00+12:00,0.634,KWH,,1,actual
,2026-05-14 18:30:00+12:00,2026-05-14 19:00:00+12:00,0.478,KWH,,2,actual
,2026-05-14 19:00:00+12:00,2026-05-14 19:30:00+12:00,0.775,KWH,,1,actual
,2026-05-14 19:00:00+12:00,2026-05-14 19:30:00+12:00,1.149,KWH,,2,actual
,2026-05-14 19:30:00+12:00,2026-05-14 20:00:00+12:00,0.774,KWH,,1,actual
,2026-05-14 19:30:00+12:00,2026-05-14 20:00:00+12:00,0,KWH,,2,actual
,2026-05-14 20:00:00+12:00,2026-05-14 20:30:00+12:00,1.429,KWH,,1,actual
,2026-05-14 20:00:00+12:00,2026-05-14 20:30:00+12:00,0,KWH,,2,actual
,2026-05-14 20:30:00+12:00,2026-05-14 21:00:00+12:00,1.179,KWH,,1,actual
,2026-05-14 20:30:00+12:00,2026-05-14 21:00:00+12:00,0,KWH,,2,actual
,2026-05-14 21:00:00+12:00,2026-05-14 21:30:00+12:00,0.777,KWH,,1,actual
,2026-05-14 21:00:00+12:00,2026-05-14 21:30:00+12:00,0,KWH,,2,actual
,2026-05-14 21:30:00+12:00,2026-05-14 22:00:00+12:00,0,KWH,,2,actual
,2026-05-14 21:30:00+12:00,2026-05-14 22:00:00+12:00,0.914,KWH,,1,actual
,2026-05-14 22:00:00+12:00,2026-05-14 22:30:00+12:00,0,KWH,,2,actual
,2026-05-14 22:00:00+12:00,2026-05-14 22:30:00+12:00,1.109,KWH,,1,actual
,2026-05-14 22:30:00+12:00,2026-05-14 23:00:00+12:00,0,KWH,,2,actual
,2026-05-14 22:30:00+12:00,2026-05-14 23:00:00+12:00,2.52,KWH,,1,actual
,2026-05-14 23:00:00+12:00,2026-05-14 23:30:00+12:00,0,KWH,,2,actual
,2026-05-14 23:00:00+12:00,2026-05-14 23:30:00+12:00,2.11,KWH,,1,actual
,2026-05-14 23:30:00+12:00,2026-05-15 00:00:00+12:00,2.032,KWH,,1,actual
,2026-05-14 23:30:00+12:00,2026-05-15 00:00:00+12:00,0,KWH,,2,actual
,2026-05-15 00:00:00+12:00,2026-05-15 00:30:00+12:00,0.418,KWH,,1,actual
,2026-05-15 00:00:00+12:00,2026-05-15 00:30:00+12:00,0,KWH,,2,actual
,2026-05-15 00:30:00+12:00,2026-05-15 01:00:00+12:00,0,KWH,,2,actual
,2026-05-15 00:30:00+12:00,2026-05-15 01:00:00+12:00,0.295,KWH,,1,actual
,2026-05-15 01:00:00+12:00,2026-05-15 01:30:00+12:00,0,KWH,,2,actual
,2026-05-15 01:00:00+12:00,2026-05-15 01:30:00+12:00,0.298,KWH,,1,actual
,2026-05-15 01:30:00+12:00,2026-05-15 02:00:00+12:00,0.274,KWH,,1,actual
,2026-05-15 01:30:00+12:00,2026-05-15 02:00:00+12:00,0,KWH,,2,actual
,2026-05-15 02:00:00+12:00,2026-05-15 02:30:00+12:00,0,KWH,,2,actual
,2026-05-15 02:00:00+12:00,2026-05-15 02:30:00+12:00,0.364,KWH,,1,actual
,2026-05-15 02:30:00+12:00,2026-05-15 03:00:00+12:00,0.337,KWH,,1,actual
,2026-05-15 02:30:00+12:00,2026-05-15 03:00:00+12:00,1.175,KWH,,2,actual
,2026-05-15 03:00:00+12:00,2026-05-15 03:30:00+12:00,0.351,KWH,,1,actual
,2026-05-15 03:00:00+12:00,2026-05-15 03:30:00+12:00,0.382,KWH,,2,actual
,2026-05-15 03:30:00+12:00,2026-05-15 04:00:00+12:00,0,KWH,,2,actual
,2026-05-15 03:30:00+12:00,2026-05-15 04:00:00+12:00,0.429,KWH,,1,actual
,2026-05-15 04:00:00+12:00,2026-05-15 04:30:00+12:00,0.373,KWH,,1,actual
,2026-05-15 04:00:00+12:00,2026-05-15 04:30:00+12:00,0,KWH,,2,actual
,2026-05-15 04:30:00+12:00,2026-05-15 05:00:00+12:00,0,KWH,,2,actual
,2026-05-15 04:30:00+12:00,2026-05-15 05:00:00+12:00,0.425,KWH,,1,actual
,2026-05-15 05:00:00+12:00,2026-05-15 05:30:00+12:00,0,KWH,,2,actual
,2026-05-15 05:00:00+12:00,2026-05-15 05:30:00+12:00,0.464,KWH,,1,actual
,2026-05-15 05:30:00+12:00,2026-05-15 06:00:00+12:00,0.527,KWH,,1,actual
,2026-05-15 05:30:00+12:00,2026-05-15 06:00:00+12:00,0,KWH,,2,actual
,2026-05-15 06:00:00+12:00,2026-05-15 06:30:00+12:00,1.106,KWH,,1,actual
,2026-05-15 06:00:00+12:00,2026-05-15 06:30:00+12:00,0,KWH,,2,actual
,2026-05-15 06:30:00+12:00,2026-05-15 07:00:00+12:00,0.952,KWH,,1,actual
,2026-05-15 06:30:00+12:00,2026-05-15 07:00:00+12:00,0,KWH,,2,actual
,2026-05-15 07:00:00+12:00,2026-05-15 07:30:00+12:00,0,KWH,,2,actual
,2026-05-15 07:00:00+12:00,2026-05-15 07:30:00+12:00,0.623,KWH,,1,actual
,2026-05-15 07:30:00+12:00,2026-05-15 08:00:00+12:00,0,KWH,,2,actual
,2026-05-15 07:30:00+12:00,2026-05-15 08:00:00+12:00,0.627,KWH,,1,actual
,2026-05-15 08:00:00+12:00,2026-05-15 08:30:00+12:00,0,KWH,,2,actual
,2026-05-15 08:00:00+12:00,2026-05-15 08:30:00+12:00,0.612,KWH,,1,actual
,2026-05-15 08:30:00+12:00,2026-05-15 09:00:00+12:00,0.682,KWH,,1,actual
,2026-05-15 08:30:00+12:00,2026-05-15 09:00:00+12:00,0,KWH,,2,actual
,2026-05-15 09:00:00+12:00,2026-05-15 09:30:00+12:00,0.174,KWH,,1,actual
,2026-05-15 09:00:00+12:00,2026-05-15 09:30:00+12:00,0.669,KWH,,2,actual
,2026-05-15 09:30:00+12:00,2026-05-15 10:00:00+12:00,0.201,KWH,,1,actual
,2026-05-15 09:30:00+12:00,2026-05-15 10:00:00+12:00,1.501,KWH,,2,actual
,2026-05-15 10:00:00+12:00,2026-05-15 10:30:00+12:00,1.534,KWH,,2,actual
,2026-05-15 10:00:00+12:00,2026-05-15 10:30:00+12:00,0.162,KWH,,1,actual
,2026-05-15 10:30:00+12:00,2026-05-15 11:00:00+12:00,0.183,KWH,,1,actual
,2026-05-15 10:30:00+12:00,2026-05-15 11:00:00+12:00,1.53,KWH,,2,actual
,2026-05-15 11:00:00+12:00,2026-05-15 11:30:00+12:00,1.521,KWH,,2,actual
,2026-05-15 11:00:00+12:00,2026-05-15 11:30:00+12:00,0.168,KWH,,1,actual
,2026-05-15 11:30:00+12:00,2026-05-15 12:00:00+12:00,0.849,KWH,,2,actual
,2026-05-15 11:30:00+12:00,2026-05-15 12:00:00+12:00,0.167,KWH,,1,actual
,2026-05-15 12:00:00+12:00,2026-05-15 12:30:00+12:00,0,KWH,,2,actual
,2026-05-15 12:00:00+12:00,2026-05-15 12:30:00+12:00,0.18,KWH,,1,actual
,2026-05-15 12:30:00+12:00,2026-05-15 13:00:00+12:00,0.479,KWH,,1,actual
,2026-05-15 12:30:00+12:00,2026-05-15 13:00:00+12:00,0,KWH,,2,actual
,2026-05-15 13:00:00+12:00,2026-05-15 13:30:00+12:00,0,KWH,,2,actual
,2026-05-15 13:00:00+12:00,2026-05-15 13:30:00+12:00,0.363,KWH,,1,actual
,2026-05-15 13:30:00+12:00,2026-05-15 14:00:00+12:00,0.948,KWH,,2,actual
,2026-05-15 13:30:00+12:00,2026-05-15 14:00:00+12:00,0.829,KWH,,1,actual
,2026-05-15 14:00:00+12:00,2026-05-15 14:30:00+12:00,0.871,KWH,,1,actual
,2026-05-15 14:00:00+12:00,2026-05-15 14:30:00+12:00,1.503,KWH,,2,actual
,2026-05-15 14:30:00+12:00,2026-05-15 15:00:00+12:00,1.511,KWH,,2,actual
,2026-05-15 14:30:00+12:00,2026-05-15 15:00:00+12:00,0.344,KWH,,1,actual
,2026-05-15 15:00:00+12:00,2026-05-15 15:30:00+12:00,0.375,KWH,,1,actual
,2026-05-15 15:00:00+12:00,2026-05-15 15:30:00+12:00,1.525,KWH,,2,actual
,2026-05-15 15:30:00+12:00,2026-05-15 16:00:00+12:00,0.334,KWH,,1,actual
,2026-05-15 15:30:00+12:00,2026-05-15 16:00:00+12:00,1.499,KWH,,2,actual
,2026-05-15 16:00:00+12:00,2026-05-15 16:30:00+12:00,0.468,KWH,,2,actual
,2026-05-15 16:00:00+12:00,2026-05-15 16:30:00+12:00,0.442,KWH,,1,actual
,2026-05-15 16:30:00+12:00,2026-05-15 17:00:00+12:00,0,KWH,,2,actual
,2026-05-15 16:30:00+12:00,2026-05-15 17:00:00+12:00,0.681,KWH,,1,actual
,2026-05-15 17:00:00+12:00,2026-05-15 17:30:00+12:00,0.732,KWH,,1,actual
,2026-05-15 17:00:00+12:00,2026-05-15 17:30:00+12:00,0,KWH,,2,actual
,2026-05-15 17:30:00+12:00,2026-05-15 18:00:00+12:00,0,KWH,,2,actual
,2026-05-15 17:30:00+12:00,2026-05-15 18:00:00+12:00,0.625,KWH,,1,actual
,2026-05-15 18:00:00+12:00,2026-05-15 18:30:00+12:00,0,KWH,,2,actual
,2026-05-15 18:00:00+12:00,2026-05-15 18:30:00+12:00,0.856,KWH,,1,actual
,2026-05-15 18:30:00+12:00,2026-05-15 19:00:00+12:00,0.62,KWH,,1,actual
,2026-05-15 18:30:00+12:00,2026-05-15 19:00:00+12:00,0,KWH,,2,actual
,2026-05-15 19:00:00+12:00,2026-05-15 19:30:00+12:00,0.481,KWH,,1,actual
,2026-05-15 19:00:00+12:00,2026-05-15 19:30:00+12:00,0,KWH,,2,actual
,2026-05-15 19:30:00+12:00,2026-05-15 20:00:00+12:00,0.397,KWH,,1,actual
,2026-05-15 19:30:00+12:00,2026-05-15 20:00:00+12:00,1.229,KWH,,2,actual
,2026-05-15 20:00:00+12:00,2026-05-15 20:30:00+12:00,0.416,KWH,,1,actual
,2026-05-15 20:00:00+12:00,2026-05-15 20:30:00+12:00,0.432,KWH,,2,actual
,2026-05-15 20:30:00+12:00,2026-05-15 21:00:00+12:00,0.397,KWH,,1,actual
,2026-05-15 20:30:00+12:00,2026-05-15 21:00:00+12:00,0,KWH,,2,actual
,2026-05-15 21:00:00+12:00,2026-05-15 21:30:00+12:00,0.356,KWH,,1,actual
,2026-05-15 21:00:00+12:00,2026-05-15 21:30:00+12:00,0,KWH,,2,actual
,2026-05-15 21:30:00+12:00,2026-05-15 22:00:00+12:00,0,KWH,,2,actual
,2026-05-15 21:30:00+12:00,2026-05-15 22:00:00+12:00,0.391,KWH,,1,actual
,2026-05-15 22:00:00+12:00,2026-05-15 22:30:00+12:00,0,KWH,,2,actual
,2026-05-15 22:00:00+12:00,2026-05-15 22:30:00+12:00,0.113,KWH,,1,actual
,2026-05-15 22:30:00+12:00,2026-05-15 23:00:00+12:00,0,KWH,,2,actual
,2026-05-15 22:30:00+12:00,2026-05-15 23:00:00+12:00,0.131,KWH,,1,actual
,2026-05-15 23:00:00+12:00,2026-05-15 23:30:00+12:00,0,KWH,,2,actual
,2026-05-15 23:00:00+12:00,2026-05-15 23:30:00+12:00,0.196,KWH,,1,actual
,2026-05-15 23:30:00+12:00,2026-05-16 00:00:00+12:00,0.194,KWH,,1,actual
,2026-05-15 23:30:00+12:00,2026-05-16 00:00:00+12:00,0,KWH,,2,actual
,2026-05-16 00:00:00+12:00,2026-05-16 00:30:00+12:00,0.201,KWH,,1,actual
,2026-05-16 00:00:00+12:00,2026-05-16 00:30:00+12:00,0,KWH,,2,actual
,2026-05-16 00:30:00+12:00,2026-05-16 01:00:00+12:00,0,KWH,,2,actual
,2026-05-16 00:30:00+12:00,2026-05-16 01:00:00+12:00,0.198,KWH,,1,actual
,2026-05-16 01:00:00+12:00,2026-05-16 01:30:00+12:00,0,KWH,,2,actual
,2026-05-16 01:00:00+12:00,2026-05-16 01:30:00+12:00,0.2,KWH,,1,actual
,2026-05-16 01:30:00+12:00,2026-05-16 02:00:00+12:00,0.204,KWH,,1,actual
,2026-05-16 01:30:00+12:00,2026-05-16 02:00:00+12:00,0,KWH,,2,actual
,2026-05-16 02:00:00+12:00,2026-05-16 02:30:00+12:00,0,KWH,,2,actual
,2026-05-16 02:00:00+12:00,2026-05-16 02:30:00+12:00,0.264,KWH,,1,actual
,2026-05-16 02:30:00+12:00,2026-05-16 03:00:00+12:00,0.272,KWH,,1,actual
,2026-05-16 02:30:00+12:00,2026-05-16 03:00:00+12:00,0,KWH,,2,actual
,2026-05-16 03:00:00+12:00,2026-05-16 03:30:00+12:00,0.269,KWH,,1,actual
,2026-05-16 03:00:00+12:00,2026-05-16 03:30:00+12:00,0,KWH,,2,actual
,2026-05-16 03:30:00+12:00,2026-05-16 04:00:00+12:00,0,KWH,,2,actual
,2026-05-16 03:30:00+12:00,2026-05-16 04:00:00+12:00,0.299,KWH,,1,actual
,2026-05-16 04:00:00+12:00,2026-05-16 04:30:00+12:00,0.249,KWH,,1,actual
,2026-05-16 04:00:00+12:00,2026-05-16 04:30:00+12:00,0,KWH,,2,actual
,2026-05-16 04:30:00+12:00,2026-05-16 05:00:00+12:00,0,KWH,,2,actual
,2026-05-16 04:30:00+12:00,2026-05-16 05:00:00+12:00,0.364,KWH,,1,actual
,2026-05-16 05:00:00+12:00,2026-05-16 05:30:00+12:00,0.788,KWH,,2,actual
,2026-05-16 05:00:00+12:00,2026-05-16 05:30:00+12:00,0.384,KWH,,1,actual
,2026-05-16 05:30:00+12:00,2026-05-16 06:00:00+12:00,0.346,KWH,,1,actual
,2026-05-16 05:30:00+12:00,2026-05-16 06:00:00+12:00,0.719,KWH,,2,actual
,2026-05-16 06:00:00+12:00,2026-05-16 06:30:00+12:00,0.719,KWH,,1,actual
,2026-05-16 06:00:00+12:00,2026-05-16 06:30:00+12:00,0,KWH,,2,actual
,2026-05-16 06:30:00+12:00,2026-05-16 07:00:00+12:00,0.584,KWH,,1,actual
,2026-05-16 06:30:00+12:00,2026-05-16 07:00:00+12:00,0,KWH,,2,actual
,2026-05-16 07:00:00+12:00,2026-05-16 07:30:00+12:00,0,KWH,,2,actual
,2026-05-16 07:00:00+12:00,2026-05-16 07:30:00+12:00,0.49,KWH,,1,actual
,2026-05-16 07:30:00+12:00,2026-05-16 08:00:00+12:00,0,KWH,,2,actual
,2026-05-16 07:30:00+12:00,2026-05-16 08:00:00+12:00,0.625,KWH,,1,actual
,2026-05-16 08:00:00+12:00,2026-05-16 08:30:00+12:00,0,KWH,,2,actual
,2026-05-16 08:00:00+12:00,2026-05-16 08:30:00+12:00,0.604,KWH,,1,actual
,2026-05-16 08:30:00+12:00,2026-05-16 09:00:00+12:00,0.933,KWH,,1,actual
,2026-05-16 08:30:00+12:00,2026-05-16 09:00:00+12:00,0,KWH,,2,actual
,2026-05-16 09:00:00+12:00,2026-05-16 09:30:00+12:00,0.37,KWH,,1,actual
,2026-05-16 09:00:00+12:00,2026-05-16 09:30:00+12:00,0.511,KWH,,2,actual
,2026-05-16 09:30:00+12:00,2026-05-16 10:00:00+12:00,0.791,KWH,,1,actual
,2026-05-16 09:30:00+12:00,2026-05-16 10:00:00+12:00,1.46,KWH,,2,actual
,2026-05-16 10:00:00+12:00,2026-05-16 10:30:00+12:00,1.477,KWH,,2,actual
,2026-05-16 10:00:00+12:00,2026-05-16 10:30:00+12:00,0.713,KWH,,1,actual
,2026-05-16 10:30:00+12:00,2026-05-16 11:00:00+12:00,0.29,KWH,,1,actual
,2026-05-16 10:30:00+12:00,2026-05-16 11:00:00+12:00,1.495,KWH,,2,actual
,2026-05-16 11:00:00+12:00,2026-05-16 11:30:00+12:00,1.487,KWH,,2,actual
,2026-05-16 11:00:00+12:00,2026-05-16 11:30:00+12:00,0.923,KWH,,1,actual
,2026-05-16 11:30:00+12:00,2026-05-16 12:00:00+12:00,0.804,KWH,,2,actual
,2026-05-16 11:30:00+12:00,2026-05-16 12:00:00+12:00,0.39,KWH,,1,actual
,2026-05-16 12:00:00+12:00,2026-05-16 12:30:00+12:00,0,KWH,,2,actual
,2026-05-16 12:00:00+12:00,2026-05-16 12:30:00+12:00,0.247,KWH,,1,actual
,2026-05-16 12:30:00+12:00,2026-05-16 13:00:00+12:00,0.203,KWH,,1,actual
,2026-05-16 12:30:00+12:00,2026-05-16 13:00:00+12:00,0,KWH,,2,actual
,2026-05-16 13:00:00+12:00,2026-05-16 13:30:00+12:00,0,KWH,,2,actual
,2026-05-16 13:00:00+12:00,2026-05-16 13:30:00+12:00,0.481,KWH,,1,actual
,2026-05-16 13:30:00+12:00,2026-05-16 14:00:00+12:00,0,KWH,,2,actual
,2026-05-16 13:30:00+12:00,2026-05-16 14:00:00+12:00,0.828,KWH,,1,actual
,2026-05-16 14:00:00+12:00,2026-05-16 14:30:00+12:00,1.351,KWH,,1,actual
,2026-05-16 14:00:00+12:00,2026-05-16 14:30:00+12:00,0.785,KWH,,2,actual
,2026-05-16 14:30:00+12:00,2026-05-16 15:00:00+12:00,0.94,KWH,,2,actual
,2026-05-16 14:30:00+12:00,2026-05-16 15:00:00+12:00,2.065,KWH,,1,actual
,2026-05-16 15:00:00+12:00,2026-05-16 15:30:00+12:00,2.097,KWH,,1,actual
,2026-05-16 15:00:00+12:00,2026-05-16 15:30:00+12:00,0,KWH,,2,actual
,2026-05-16 15:30:00+12:00,2026-05-16 16:00:00+12:00,1.953,KWH,,1,actual
,2026-05-16 15:30:00+12:00,2026-05-16 16:00:00+12:00,0,KWH,,2,actual
,2026-05-16 16:00:00+12:00,2026-05-16 16:30:00+12:00,0,KWH,,2,actual
,2026-05-16 16:00:00+12:00,2026-05-16 16:30:00+12:00,1.968,KWH,,1,actual
,2026-05-16 16:30:00+12:00,2026-05-16 17:00:00+12:00,0,KWH,,2,actual
,2026-05-16 16:30:00+12:00,2026-05-16 17:00:00+12:00,1.976,KWH,,1,actual
,2026-05-16 17:00:00+12:00,2026-05-16 17:30:00+12:00,2.022,KWH,,1,actual
,2026-05-16 17:00:00+12:00,2026-05-16 17:30:00+12:00,1.404,KWH,,2,actual
,2026-05-16 17:30:00+12:00,2026-05-16 18:00:00+12:00,1.455,KWH,,2,actual
,2026-05-16 17:30:00+12:00,2026-05-16 18:00:00+12:00,3.144,KWH,,1,actual
,2026-05-16 18:00:00+12:00,2026-05-16 18:30:00+12:00,0.217,KWH,,2,actual
,2026-05-16 18:00:00+12:00,2026-05-16 18:30:00+12:00,2.696,KWH,,1,actual
,2026-05-16 18:30:00+12:00,2026-05-16 19:00:00+12:00,2.388,KWH,,1,actual
,2026-05-16 18:30:00+12:00,2026-05-16 19:00:00+12:00,0,KWH,,2,actual
,2026-05-16 19:00:00+12:00,2026-05-16 19:30:00+12:00,2.594,KWH,,1,actual
,2026-05-16 19:00:00+12:00,2026-05-16 19:30:00+12:00,1.339,KWH,,2,actual
,2026-05-16 19:30:00+12:00,2026-05-16 20:00:00+12:00,2.549,KWH,,1,actual
,2026-05-16 19:30:00+12:00,2026-05-16 20:00:00+12:00,1.478,KWH,,2,actual
,2026-05-16 20:00:00+12:00,2026-05-16 20:30:00+12:00,1.607,KWH,,1,actual
,2026-05-16 20:00:00+12:00,2026-05-16 20:30:00+12:00,1.499,KWH,,2,actual
,2026-05-16 20:30:00+12:00,2026-05-16 21:00:00+12:00,0.5,KWH,,1,actual
,2026-05-16 20:30:00+12:00,2026-05-16 21:00:00+12:00,1.528,KWH,,2,actual
,2026-05-16 21:00:00+12:00,2026-05-16 21:30:00+12:00,0.39,KWH,,1,actual
,2026-05-16 21:00:00+12:00,2026-05-16 21:30:00+12:00,0.746,KWH,,2,actual
,2026-05-16 21:30:00+12:00,2026-05-16 22:00:00+12:00,0,KWH,,2,actual
,2026-05-16 21:30:00+12:00,2026-05-16 22:00:00+12:00,1.195,KWH,,1,actual
,2026-05-16 22:00:00+12:00,2026-05-16 22:30:00+12:00,0,KWH,,2,actual
,2026-05-16 22:00:00+12:00,2026-05-16 22:30:00+12:00,0.613,KWH,,1,actual
,2026-05-16 22:30:00+12:00,2026-05-16 23:00:00+12:00,0,KWH,,2,actual
,2026-05-16 22:30:00+12:00,2026-05-16 23:00:00+12:00,0.282,KWH,,1,actual
,2026-05-16 23:00:00+12:00,2026-05-16 23:30:00+12:00,0,KWH,,2,actual
,2026-05-16 23:00:00+12:00,2026-05-16 23:30:00+12:00,1.222,KWH,,1,actual
,2026-05-16 23:30:00+12:00,2026-05-17 00:00:00+12:00,0.628,KWH,,1,actual
,2026-05-16 23:30:00+12:00,2026-05-17 00:00:00+12:00,1.459,KWH,,2,actual
,2026-05-17 00:00:00+12:00,2026-05-17 00:30:00+12:00,0.186,KWH,,1,actual
,2026-05-17 00:00:00+12:00,2026-05-17 00:30:00+12:00,1.544,KWH,,2,actual
,2026-05-17 00:30:00+12:00,2026-05-17 01:00:00+12:00,1.542,KWH,,2,actual
,2026-05-17 00:30:00+12:00,2026-05-17 01:00:00+12:00,0.203,KWH,,1,actual
,2026-05-17 01:00:00+12:00,2026-05-17 01:30:00+12:00,0.815,KWH,,2,actual
,2026-05-17 01:00:00+12:00,2026-05-17 01:30:00+12:00,0.187,KWH,,1,actual
,2026-05-17 01:30:00+12:00,2026-05-17 02:00:00+12:00,0.234,KWH,,1,actual
,2026-05-17 01:30:00+12:00,2026-05-17 02:00:00+12:00,0,KWH,,2,actual
,2026-05-17 02:00:00+12:00,2026-05-17 02:30:00+12:00,0,KWH,,2,actual
,2026-05-17 02:00:00+12:00,2026-05-17 02:30:00+12:00,0.213,KWH,,1,actual
,2026-05-17 02:30:00+12:00,2026-05-17 03:00:00+12:00,0.221,KWH,,1,actual
,2026-05-17 02:30:00+12:00,2026-05-17 03:00:00+12:00,0,KWH,,2,actual
,2026-05-17 03:00:00+12:00,2026-05-17 03:30:00+12:00,0.23,KWH,,1,actual
,2026-05-17 03:00:00+12:00,2026-05-17 03:30:00+12:00,0,KWH,,2,actual
,2026-05-17 03:30:00+12:00,2026-05-17 04:00:00+12:00,0,KWH,,2,actual
,2026-05-17 03:30:00+12:00,2026-05-17 04:00:00+12:00,0.211,KWH,,1,actual
,2026-05-17 04:00:00+12:00,2026-05-17 04:30:00+12:00,0.221,KWH,,1,actual
,2026-05-17 04:00:00+12:00,2026-05-17 04:30:00+12:00,0,KWH,,2,actual
,2026-05-17 04:30:00+12:00,2026-05-17 05:00:00+12:00,0,KWH,,2,actual
,2026-05-17 04:30:00+12:00,2026-05-17 05:00:00+12:00,0.216,KWH,,1,actual
,2026-05-17 05:00:00+12:00,2026-05-17 05:30:00+12:00,0,KWH,,2,actual
,2026-05-17 05:00:00+12:00,2026-05-17 05:30:00+12:00,0.226,KWH,,1,actual
,2026-05-17 05:30:00+12:00,2026-05-17 06:00:00+12:00,0.225,KWH,,1,actual
,2026-05-17 05:30:00+12:00,2026-05-17 06:00:00+12:00,0,KWH,,2,actual
,2026-05-17 06:00:00+12:00,2026-05-17 06:30:00+12:00,0.594,KWH,,1,actual
,2026-05-17 06:00:00+12:00,2026-05-17 06:30:00+12:00,0,KWH,,2,actual
,2026-05-17 06:30:00+12:00,2026-05-17 07:00:00+12:00,0.53,KWH,,1,actual
,2026-05-17 06:30:00+12:00,2026-05-17 07:00:00+12:00,0,KWH,,2,actual
,2026-05-17 07:00:00+12:00,2026-05-17 07:30:00+12:00,0,KWH,,2,actual
,2026-05-17 07:00:00+12:00,2026-05-17 07:30:00+12:00,0.44,KWH,,1,actual
,2026-05-17 07:30:00+12:00,2026-05-17 08:00:00+12:00,1.387,KWH,,2,actual
,2026-05-17 07:30:00+12:00,2026-05-17 08:00:00+12:00,0.478,KWH,,1,actual
,2026-05-17 08:00:00+12:00,2026-05-17 08:30:00+12:00,1.491,KWH,,2,actual
,2026-05-17 08:00:00+12:00,2026-05-17 08:30:00+12:00,0.29,KWH,,1,actual
,2026-05-17 08:30:00+12:00,2026-05-17 09:00:00+12:00,0.44,KWH,,1,actual
,2026-05-17 08:30:00+12:00,2026-05-17 09:00:00+12:00,1.489,KWH,,2,actual
,2026-05-17 09:00:00+12:00,2026-05-17 09:30:00+12:00,0.634,KWH,,1,actual
,2026-05-17 09:00:00+12:00,2026-05-17 09:30:00+12:00,1.453,KWH,,2,actual
,2026-05-17 09:30:00+12:00,2026-05-17 10:00:00+12:00,0.63,KWH,,1,actual
,2026-05-17 09:30:00+12:00,2026-05-17 10:00:00+12:00,1.465,KWH,,2,actual
,2026-05-17 10:00:00+12:00,2026-05-17 10:30:00+12:00,1.468,KWH,,2,actual
,2026-05-17 10:00:00+12:00,2026-05-17 10:30:00+12:00,0.155,KWH,,1,actual
,2026-05-17 10:30:00+12:00,2026-05-17 11:00:00+12:00,0.141,KWH,,1,actual
,2026-05-17 10:30:00+12:00,2026-05-17 11:00:00+12:00,1.482,KWH,,2,actual
,2026-05-17 11:00:00+12:00,2026-05-17 11:30:00+12:00,1.467,KWH,,2,actual
,2026-05-17 11:00:00+12:00,2026-05-17 11:30:00+12:00,0.137,KWH,,1,actual
,2026-05-17 11:30:00+12:00,2026-05-17 12:00:00+12:00,1.475,KWH,,2,actual
,2026-05-17 11:30:00+12:00,2026-05-17 12:00:00+12:00,0.51,KWH,,1,actual
,2026-05-17 12:00:00+12:00,2026-05-17 12:30:00+12:00,1.492,KWH,,2,actual
,2026-05-17 12:00:00+12:00,2026-05-17 12:30:00+12:00,0.22,KWH,,1,actual
,2026-05-17 12:30:00+12:00,2026-05-17 13:00:00+12:00,0.221,KWH,,1,actual
,2026-05-17 12:30:00+12:00,2026-05-17 13:00:00+12:00,1.473,KWH,,2,actual
,2026-05-17 13:00:00+12:00,2026-05-17 13:30:00+12:00,1.479,KWH,,2,actual
,2026-05-17 13:00:00+12:00,2026-05-17 13:30:00+12:00,0.462,KWH,,1,actual
,2026-05-17 13:30:00+12:00,2026-05-17 14:00:00+12:00,0.779,KWH,,2,actual
,2026-05-17 13:30:00+12:00,2026-05-17 14:00:00+12:00,0.67,KWH,,1,actual
,2026-05-17 14:00:00+12:00,2026-05-17 14:30:00+12:00,0.623,KWH,,1,actual
,2026-05-17 14:00:00+12:00,2026-05-17 14:30:00+12:00,0,KWH,,2,actual
,2026-05-17 14:30:00+12:00,2026-05-17 15:00:00+12:00,0,KWH,,2,actual
,2026-05-17 14:30:00+12:00,2026-05-17 15:00:00+12:00,0.618,KWH,,1,actual
,2026-05-17 15:00:00+12:00,2026-05-17 15:30:00+12:00,0.594,KWH,,1,actual
,2026-05-17 15:00:00+12:00,2026-05-17 15:30:00+12:00,0,KWH,,2,actual
,2026-05-17 15:30:00+12:00,2026-05-17 16:00:00+12:00,0.214,KWH,,1,actual
,2026-05-17 15:30:00+12:00,2026-05-17 16:00:00+12:00,0,KWH,,2,actual
,2026-05-17 16:00:00+12:00,2026-05-17 16:30:00+12:00,0,KWH,,2,actual
,2026-05-17 16:00:00+12:00,2026-05-17 16:30:00+12:00,0.185,KWH,,1,actual
,2026-05-17 16:30:00+12:00,2026-05-17 17:00:00+12:00,0,KWH,,2,actual
,2026-05-17 16:30:00+12:00,2026-05-17 17:00:00+12:00,0.204,KWH,,1,actual
,2026-05-17 17:00:00+12:00,2026-05-17 17:30:00+12:00,0.196,KWH,,1,actual
,2026-05-17 17:00:00+12:00,2026-05-17 17:30:00+12:00,0,KWH,,2,actual
,2026-05-17 17:30:00+12:00,2026-05-17 18:00:00+12:00,0,KWH,,2,actual
,2026-05-17 17:30:00+12:00,2026-05-17 18:00:00+12:00,0.162,KWH,,1,actual
,2026-05-17 18:00:00+12:00,2026-05-17 18:30:00+12:00,0,KWH,,2,actual
,2026-05-17 18:00:00+12:00,2026-05-17 18:30:00+12:00,0.631,KWH,,1,actual
,2026-05-17 18:30:00+12:00,2026-05-17 19:00:00+12:00,0.522,KWH,,1,actual
,2026-05-17 18:30:00+12:00,2026-05-17 19:00:00+12:00,0,KWH,,2,actual
,2026-05-17 19:00:00+12:00,2026-05-17 19:30:00+12:00,0.547,KWH,,1,actual
,2026-05-17 19:00:00+12:00,2026-05-17 19:30:00+12:00,0,KWH,,2,actual
,2026-05-17 19:30:00+12:00,2026-05-17 20:00:00+12:00,0.466,KWH,,1,actual
,2026-05-17 19:30:00+12:00,2026-05-17 20:00:00+12:00,0,KWH,,2,actual
,2026-05-17 20:00:00+12:00,2026-05-17 20:30:00+12:00,0.885,KWH,,1,actual
,2026-05-17 20:00:00+12:00,2026-05-17 20:30:00+12:00,0,KWH,,2,actual
,2026-05-17 20:30:00+12:00,2026-05-17 21:00:00+12:00,1.488,KWH,,1,actual
,2026-05-17 20:30:00+12:00,2026-05-17 21:00:00+12:00,0,KWH,,2,actual
,2026-05-17 21:00:00+12:00,2026-05-17 21:30:00+12:00,2.831,KWH,,1,actual
,2026-05-17 21:00:00+12:00,2026-05-17 21:30:00+12:00,0,KWH,,2,actual
,2026-05-17 21:30:00+12:00,2026-05-17 22:00:00+12:00,0.401,KWH,,2,actual
,2026-05-17 21:30:00+12:00,2026-05-17 22:00:00+12:00,1.907,KWH,,1,actual
,2026-05-17 22:00:00+12:00,2026-05-17 22:30:00+12:00,1.528,KWH,,2,actual
,2026-05-17 22:00:00+12:00,2026-05-17 22:30:00+12:00,1.122,KWH,,1,actual
,2026-05-17 22:30:00+12:00,2026-05-17 23:00:00+12:00,0.214,KWH,,2,actual
,2026-05-17 22:30:00+12:00,2026-05-17 23:00:00+12:00,1.518,KWH,,1,actual
,2026-05-17 23:00:00+12:00,2026-05-17 23:30:00+12:00,0,KWH,,2,actual
,2026-05-17 23:00:00+12:00,2026-05-17 23:30:00+12:00,0.815,KWH,,1,actual
,2026-05-17 23:30:00+12:00,2026-05-18 00:00:00+12:00,0.753,KWH,,1,actual
,2026-05-17 23:30:00+12:00,2026-05-18 00:00:00+12:00,0,KWH,,2,actual
,2026-05-18 00:00:00+12:00,2026-05-18 00:30:00+12:00,0.451,KWH,,1,actual
,2026-05-18 00:00:00+12:00,2026-05-18 00:30:00+12:00,0,KWH,,2,actual
,2026-05-18 00:30:00+12:00,2026-05-18 01:00:00+12:00,0,KWH,,2,actual
,2026-05-18 00:30:00+12:00,2026-05-18 01:00:00+12:00,0.405,KWH,,1,actual
,2026-05-18 01:00:00+12:00,2026-05-18 01:30:00+12:00,0,KWH,,2,actual
,2026-05-18 01:00:00+12:00,2026-05-18 01:30:00+12:00,0.443,KWH,,1,actual
,2026-05-18 01:30:00+12:00,2026-05-18 02:00:00+12:00,0.509,KWH,,1,actual
,2026-05-18 01:30:00+12:00,2026-05-18 02:00:00+12:00,0,KWH,,2,actual
,2026-05-18 02:00:00+12:00,2026-05-18 02:30:00+12:00,0,KWH,,2,actual
,2026-05-18 02:00:00+12:00,2026-05-18 02:30:00+12:00,0.487,KWH,,1,actual
,2026-05-18 02:30:00+12:00,2026-05-18 03:00:00+12:00,0.576,KWH,,1,actual
,2026-05-18 02:30:00+12:00,2026-05-18 03:00:00+12:00,0,KWH,,2,actual
,2026-05-18 03:00:00+12:00,2026-05-18 03:30:00+12:00,0.549,KWH,,1,actual
,2026-05-18 03:00:00+12:00,2026-05-18 03:30:00+12:00,0,KWH,,2,actual
,2026-05-18 03:30:00+12:00,2026-05-18 04:00:00+12:00,0,KWH,,2,actual
,2026-05-18 03:30:00+12:00,2026-05-18 04:00:00+12:00,0.551,KWH,,1,actual
,2026-05-18 04:00:00+12:00,2026-05-18 04:30:00+12:00,0.628,KWH,,1,actual
,2026-05-18 04:00:00+12:00,2026-05-18 04:30:00+12:00,0,KWH,,2,actual
,2026-05-18 04:30:00+12:00,2026-05-18 05:00:00+12:00,0,KWH,,2,actual
,2026-05-18 04:30:00+12:00,2026-05-18 05:00:00+12:00,0.644,KWH,,1,actual
,2026-05-18 05:00:00+12:00,2026-05-18 05:30:00+12:00,0,KWH,,2,actual
,2026-05-18 05:00:00+12:00,2026-05-18 05:30:00+12:00,0.632,KWH,,1,actual
,2026-05-18 05:30:00+12:00,2026-05-18 06:00:00+12:00,0.697,KWH,,1,actual
,2026-05-18 05:30:00+12:00,2026-05-18 06:00:00+12:00,0,KWH,,2,actual
,2026-05-18 06:00:00+12:00,2026-05-18 06:30:00+12:00,1.235,KWH,,1,actual
,2026-05-18 06:00:00+12:00,2026-05-18 06:30:00+12:00,0,KWH,,2,actual
,2026-05-18 06:30:00+12:00,2026-05-18 07:00:00+12:00,1.135,KWH,,1,actual
,2026-05-18 06:30:00+12:00,2026-05-18 07:00:00+12:00,0,KWH,,2,actual
,2026-05-18 07:00:00+12:00,2026-05-18 07:30:00+12:00,0.321,KWH,,2,actual
,2026-05-18 07:00:00+12:00,2026-05-18 07:30:00+12:00,1.07,KWH,,1,actual
,2026-05-18 07:30:00+12:00,2026-05-18 08:00:00+12:00,1.486,KWH,,2,actual
,2026-05-18 07:30:00+12:00,2026-05-18 08:00:00+12:00,1.566,KWH,,1,actual
,2026-05-18 08:00:00+12:00,2026-05-18 08:30:00+12:00,1.447,KWH,,2,actual
,2026-05-18 08:00:00+12:00,2026-05-18 08:30:00+12:00,2.385,KWH,,1,actual
,2026-05-18 08:30:00+12:00,2026-05-18 09:00:00+12:00,2.502,KWH,,1,actual
,2026-05-18 08:30:00+12:00,2026-05-18 09:00:00+12:00,1.443,KWH,,2,actual
,2026-05-18 09:00:00+12:00,2026-05-18 09:30:00+12:00,1.419,KWH,,1,actual
,2026-05-18 09:00:00+12:00,2026-05-18 09:30:00+12:00,1.471,KWH,,2,actual
,2026-05-18 09:30:00+12:00,2026-05-18 10:00:00+12:00,0.512,KWH,,1,actual
,2026-05-18 09:30:00+12:00,2026-05-18 10:00:00+12:00,1.497,KWH,,2,actual
,2026-05-18 10:00:00+12:00,2026-05-18 10:30:00+12:00,0.027,KWH,,2,actual
,2026-05-18 10:00:00+12:00,2026-05-18 10:30:00+12:00,0.346,KWH,,1,actual
,2026-05-18 10:30:00+12:00,2026-05-18 11:00:00+12:00,0.348,KWH,,1,actual
,2026-05-18 10:30:00+12:00,2026-05-18 11:00:00+12:00,0,KWH,,2,actual
,2026-05-18 11:00:00+12:00,2026-05-18 11:30:00+12:00,0,KWH,,2,actual
,2026-05-18 11:00:00+12:00,2026-05-18 11:30:00+12:00,0.282,KWH,,1,actual
,2026-05-18 11:30:00+12:00,2026-05-18 12:00:00+12:00,0,KWH,,2,actual
,2026-05-18 11:30:00+12:00,2026-05-18 12:00:00+12:00,0.226,KWH,,1,actual
,2026-05-18 12:00:00+12:00,2026-05-18 12:30:00+12:00,0.246,KWH,,1,actual
,2026-05-18 12:00:00+12:00,2026-05-18 12:30:00+12:00,0,KWH,,2,actual
,2026-05-18 12:30:00+12:00,2026-05-18 13:00:00+12:00,0,KWH,,2,actual
,2026-05-18 12:30:00+12:00,2026-05-18 13:00:00+12:00,0.297,KWH,,1,actual
,2026-05-18 13:00:00+12:00,2026-05-18 13:30:00+12:00,0.283,KWH,,1,actual
,2026-05-18 13:00:00+12:00,2026-05-18 13:30:00+12:00,0,KWH,,2,actual
,2026-05-18 13:30:00+12:00,2026-05-18 14:00:00+12:00,0.134,KWH,,1,actual
,2026-05-18 13:30:00+12:00,2026-05-18 14:00:00+12:00,0,KWH,,2,actual
,2026-05-18 14:00:00+12:00,2026-05-18 14:30:00+12:00,0,KWH,,2,actual
,2026-05-18 14:00:00+12:00,2026-05-18 14:30:00+12:00,0.405,KWH,,1,actual
,2026-05-18 14:30:00+12:00,2026-05-18 15:00:00+12:00,0.426,KWH,,1,actual
,2026-05-18 14:30:00+12:00,2026-05-18 15:00:00+12:00,0,KWH,,2,actual
,2026-05-18 15:00:00+12:00,2026-05-18 15:30:00+12:00,0,KWH,,2,actual
,2026-05-18 15:00:00+12:00,2026-05-18 15:30:00+12:00,0.254,KWH,,1,actual
,2026-05-18 15:30:00+12:00,2026-05-18 16:00:00+12:00,0,KWH,,2,actual
,2026-05-18 15:30:00+12:00,2026-05-18 16:00:00+12:00,0.61,KWH,,1,actual
,2026-05-18 16:00:00+12:00,2026-05-18 16:30:00+12:00,0.296,KWH,,1,actual
,2026-05-18 16:00:00+12:00,2026-05-18 16:30:00+12:00,0,KWH,,2,actual
,2026-05-18 16:30:00+12:00,2026-05-18 17:00:00+12:00,0.336,KWH,,1,actual
,2026-05-18 16:30:00+12:00,2026-05-18 17:00:00+12:00,0,KWH,,2,actual
,2026-05-18 17:00:00+12:00,2026-05-18 17:30:00+12:00,0,KWH,,2,actual
,2026-05-18 17:00:00+12:00,2026-05-18 17:30:00+12:00,0.81,KWH,,1,actual
,2026-05-18 17:30:00+12:00,2026-05-18 18:00:00+12:00,1.281,KWH,,1,actual
,2026-05-18 17:30:00+12:00,2026-05-18 18:00:00+12:00,0.61,KWH,,2,actual
,2026-05-18 18:00:00+12:00,2026-05-18 18:30:00+12:00,0.748,KWH,,1,actual
,2026-05-18 18:00:00+12:00,2026-05-18 18:30:00+12:00,0.985,KWH,,2,actual
,2026-05-18 18:30:00+12:00,2026-05-18 19:00:00+12:00,0.513,KWH,,2,actual
,2026-05-18 18:30:00+12:00,2026-05-18 19:00:00+12:00,0.886,KWH,,1,actual
,2026-05-18 19:00:00+12:00,2026-05-18 19:30:00+12:00,1.504,KWH,,2,actual
,2026-05-18 19:00:00+12:00,2026-05-18 19:30:00+12:00,0.983,KWH,,1,actual
,2026-05-18 19:30:00+12:00,2026-05-18 20:00:00+12:00,1.531,KWH,,2,actual
,2026-05-18 19:30:00+12:00,2026-05-18 20:00:00+12:00,0.782,KWH,,1,actual
,2026-05-18 20:00:00+12:00,2026-05-18 20:30:00+12:00,1.391,KWH,,2,actual
,2026-05-18 20:00:00+12:00,2026-05-18 20:30:00+12:00,0.636,KWH,,1,actual
,2026-05-18 20:30:00+12:00,2026-05-18 21:00:00+12:00,0.428,KWH,,2,actual
,2026-05-18 20:30:00+12:00,2026-05-18 21:00:00+12:00,0.447,KWH,,1,actual
,2026-05-18 21:00:00+12:00,2026-05-18 21:30:00+12:00,1.505,KWH,,2,actual
,2026-05-18 21:00:00+12:00,2026-05-18 21:30:00+12:00,0.977,KWH,,1,actual
,2026-05-18 21:30:00+12:00,2026-05-18 22:00:00+12:00,0.581,KWH,,1,actual
,2026-05-18 21:30:00+12:00,2026-05-18 22:00:00+12:00,1.535,KWH,,2,actual
,2026-05-18 22:00:00+12:00,2026-05-18 22:30:00+12:00,0.535,KWH,,1,actual
,2026-05-18 22:00:00+12:00,2026-05-18 22:30:00+12:00,1.549,KWH,,2,actual
,2026-05-18 22:30:00+12:00,2026-05-18 23:00:00+12:00,0.766,KWH,,1,actual
,2026-05-18 22:30:00+12:00,2026-05-18 23:00:00+12:00,1.553,KWH,,2,actual
,2026-05-18 23:00:00+12:00,2026-05-18 23:30:00+12:00,0.233,KWH,,1,actual
,2026-05-18 23:00:00+12:00,2026-05-18 23:30:00+12:00,1.521,KWH,,2,actual
,2026-05-18 23:30:00+12:00,2026-05-19 00:00:00+12:00,1.501,KWH,,2,actual
,2026-05-18 23:30:00+12:00,2026-05-19 00:00:00+12:00,0.229,KWH,,1,actual
,2026-05-19 00:00:00+12:00,2026-05-19 00:30:00+12:00,1.522,KWH,,2,actual
,2026-05-19 00:00:00+12:00,2026-05-19 00:30:00+12:00,0.231,KWH,,1,actual
,2026-05-19 00:30:00+12:00,2026-05-19 01:00:00+12:00,0.233,KWH,,1,actual
,2026-05-19 00:30:00+12:00,2026-05-19 01:00:00+12:00,0.262,KWH,,2,actual
,2026-05-19 01:00:00+12:00,2026-05-19 01:30:00+12:00,0.239,KWH,,1,actual
,2026-05-19 01:00:00+12:00,2026-05-19 01:30:00+12:00,0,KWH,,2,actual
,2026-05-19 01:30:00+12:00,2026-05-19 02:00:00+12:00,0,KWH,,2,actual
,2026-05-19 01:30:00+12:00,2026-05-19 02:00:00+12:00,0.29,KWH,,1,actual
,2026-05-19 02:00:00+12:00,2026-05-19 02:30:00+12:00,0.276,KWH,,1,actual
,2026-05-19 02:00:00+12:00,2026-05-19 02:30:00+12:00,0,KWH,,2,actual
,2026-05-19 02:30:00+12:00,2026-05-19 03:00:00+12:00,0,KWH,,2,actual
,2026-05-19 02:30:00+12:00,2026-05-19 03:00:00+12:00,0.371,KWH,,1,actual
,2026-05-19 03:00:00+12:00,2026-05-19 03:30:00+12:00,0,KWH,,2,actual
,2026-05-19 03:00:00+12:00,2026-05-19 03:30:00+12:00,0.438,KWH,,1,actual
,2026-05-19 03:30:00+12:00,2026-05-19 04:00:00+12:00,0.465,KWH,,1,actual
,2026-05-19 03:30:00+12:00,2026-05-19 04:00:00+12:00,0,KWH,,2,actual
,2026-05-19 04:00:00+12:00,2026-05-19 04:30:00+12:00,0,KWH,,2,actual
,2026-05-19 04:00:00+12:00,2026-05-19 04:30:00+12:00,0.476,KWH,,1,actual
,2026-05-19 04:30:00+12:00,2026-05-19 05:00:00+12:00,0.572,KWH,,1,actual
,2026-05-19 04:30:00+12:00,2026-05-19 05:00:00+12:00,0,KWH,,2,actual
,2026-05-19 05:00:00+12:00,2026-05-19 05:30:00+12:00,0.458,KWH,,1,actual
,2026-05-19 05:00:00+12:00,2026-05-19 05:30:00+12:00,0,KWH,,2,actual
,2026-05-19 05:30:00+12:00,2026-05-19 06:00:00+12:00,0,KWH,,2,actual
,2026-05-19 05:30:00+12:00,2026-05-19 06:00:00+12:00,0.563,KWH,,1,actual
,2026-05-19 06:00:00+12:00,2026-05-19 06:30:00+12:00,0,KWH,,2,actual
,2026-05-19 06:00:00+12:00,2026-05-19 06:30:00+12:00,1.129,KWH,,1,actual
,2026-05-19 06:30:00+12:00,2026-05-19 07:00:00+12:00,0,KWH,,2,actual
,2026-05-19 06:30:00+12:00,2026-05-19 07:00:00+12:00,1.029,KWH,,1,actual
,2026-05-19 07:00:00+12:00,2026-05-19 07:30:00+12:00,1.22,KWH,,1,actual
,2026-05-19 07:00:00+12:00,2026-05-19 07:30:00+12:00,0.506,KWH,,2,actual
,2026-05-19 07:30:00+12:00,2026-05-19 08:00:00+12:00,1.444,KWH,,1,actual
,2026-05-19 07:30:00+12:00,2026-05-19 08:00:00+12:00,1.494,KWH,,2,actual
,2026-05-19 08:00:00+12:00,2026-05-19 08:30:00+12:00,1.339,KWH,,1,actual
,2026-05-19 08:00:00+12:00,2026-05-19 08:30:00+12:00,1.5,KWH,,2,actual
,2026-05-19 08:30:00+12:00,2026-05-19 09:00:00+12:00,1.497,KWH,,2,actual
,2026-05-19 08:30:00+12:00,2026-05-19 09:00:00+12:00,1.061,KWH,,1,actual
,2026-05-19 09:00:00+12:00,2026-05-19 09:30:00+12:00,1.176,KWH,,2,actual
,2026-05-19 09:00:00+12:00,2026-05-19 09:30:00+12:00,0.117,KWH,,1,actual
,2026-05-19 09:30:00+12:00,2026-05-19 10:00:00+12:00,0,KWH,,2,actual
,2026-05-19 09:30:00+12:00,2026-05-19 10:00:00+12:00,0.123,KWH,,1,actual
,2026-05-19 10:00:00+12:00,2026-05-19 10:30:00+12:00,0.119,KWH,,1,actual
,2026-05-19 10:00:00+12:00,2026-05-19 10:30:00+12:00,0,KWH,,2,actual
,2026-05-19 10:30:00+12:00,2026-05-19 11:00:00+12:00,0,KWH,,2,actual
,2026-05-19 10:30:00+12:00,2026-05-19 11:00:00+12:00,0.522,KWH,,1,actual
,2026-05-19 11:00:00+12:00,2026-05-19 11:30:00+12:00,1.532,KWH,,1,actual
,2026-05-19 11:00:00+12:00,2026-05-19 11:30:00+12:00,0,KWH,,2,actual
,2026-05-19 11:30:00+12:00,2026-05-19 12:00:00+12:00,1.722,KWH,,1,actual
,2026-05-19 11:30:00+12:00,2026-05-19 12:00:00+12:00,0,KWH,,2,actual
,2026-05-19 12:00:00+12:00,2026-05-19 12:30:00+12:00,0.813,KWH,,1,actual
,2026-05-19 12:00:00+12:00,2026-05-19 12:30:00+12:00,0,KWH,,2,actual
,2026-05-19 12:30:00+12:00,2026-05-19 13:00:00+12:00,0,KWH,,2,actual
,2026-05-19 12:30:00+12:00,2026-05-19 13:00:00+12:00,1.313,KWH,,1,actual
,2026-05-19 13:00:00+12:00,2026-05-19 13:30:00+12:00,0.789,KWH,,1,actual
,2026-05-19 13:00:00+12:00,2026-05-19 13:30:00+12:00,0,KWH,,2,actual
,2026-05-19 13:30:00+12:00,2026-05-19 14:00:00+12:00,2.45,KWH,,1,actual
,2026-05-19 13:30:00+12:00,2026-05-19 14:00:00+12:00,0,KWH,,2,actual
,2026-05-19 14:00:00+12:00,2026-05-19 14:30:00+12:00,0,KWH,,2,actual
,2026-05-19 14:00:00+12:00,2026-05-19 14:30:00+12:00,2.102,KWH,,1,actual
,2026-05-19 14:30:00+12:00,2026-05-19 15:00:00+12:00,1.661,KWH,,1,actual
,2026-05-19 14:30:00+12:00,2026-05-19 15:00:00+12:00,1.084,KWH,,2,actual
,2026-05-19 15:00:00+12:00,2026-05-19 15:30:00+12:00,0.686,KWH,,2,actual
,2026-05-19 15:00:00+12:00,2026-05-19 15:30:00+12:00,0.737,KWH,,1,actual
,2026-05-19 15:30:00+12:00,2026-05-19 16:00:00+12:00,0,KWH,,2,actual
,2026-05-19 15:30:00+12:00,2026-05-19 16:00:00+12:00,0.629,KWH,,1,actual
,2026-05-19 16:00:00+12:00,2026-05-19 16:30:00+12:00,2.785,KWH,,1,actual
,2026-05-19 16:00:00+12:00,2026-05-19 16:30:00+12:00,0,KWH,,2,actual
,2026-05-19 16:30:00+12:00,2026-05-19 17:00:00+12:00,2.891,KWH,,1,actual
,2026-05-19 16:30:00+12:00,2026-05-19 17:00:00+12:00,0,KWH,,2,actual
,2026-05-19 17:00:00+12:00,2026-05-19 17:30:00+12:00,0,KWH,,2,actual
,2026-05-19 17:00:00+12:00,2026-05-19 17:30:00+12:00,2.057,KWH,,1,actual
,2026-05-19 17:30:00+12:00,2026-05-19 18:00:00+12:00,1.141,KWH,,1,actual
,2026-05-19 17:30:00+12:00,2026-05-19 18:00:00+12:00,0,KWH,,2,actual
,2026-05-19 18:00:00+12:00,2026-05-19 18:30:00+12:00,0.693,KWH,,1,actual
,2026-05-19 18:00:00+12:00,2026-05-19 18:30:00+12:00,0,KWH,,2,actual
,2026-05-19 18:30:00+12:00,2026-05-19 19:00:00+12:00,0.325,KWH,,2,actual
,2026-05-19 18:30:00+12:00,2026-05-19 19:00:00+12:00,0.936,KWH,,1,actual
,2026-05-19 19:00:00+12:00,2026-05-19 19:30:00+12:00,1.511,KWH,,2,actual
,2026-05-19 19:00:00+12:00,2026-05-19 19:30:00+12:00,1.034,KWH,,1,actual
,2026-05-19 19:30:00+12:00,2026-05-19 20:00:00+12:00,1.52,KWH,,2,actual
,2026-05-19 19:30:00+12:00,2026-05-19 20:00:00+12:00,0.281,KWH,,1,actual
,2026-05-19 20:00:00+12:00,2026-05-19 20:30:00+12:00,1.486,KWH,,2,actual
,2026-05-19 20:00:00+12:00,2026-05-19 20:30:00+12:00,1.065,KWH,,1,actual
,2026-05-19 20:30:00+12:00,2026-05-19 21:00:00+12:00,1.54,KWH,,2,actual
,2026-05-19 20:30:00+12:00,2026-05-19 21:00:00+12:00,0.322,KWH,,1,actual
,2026-05-19 21:00:00+12:00,2026-05-19 21:30:00+12:00,0.393,KWH,,2,actual
,2026-05-19 21:00:00+12:00,2026-05-19 21:30:00+12:00,0.302,KWH,,1,actual
,2026-05-19 21:30:00+12:00,2026-05-19 22:00:00+12:00,0.367,KWH,,1,actual
,2026-05-19 21:30:00+12:00,2026-05-19 22:00:00+12:00,0,KWH,,2,actual
,2026-05-19 22:00:00+12:00,2026-05-19 22:30:00+12:00,0.359,KWH,,1,actual
,2026-05-19 22:00:00+12:00,2026-05-19 22:30:00+12:00,0,KWH,,2,actual
,2026-05-19 22:30:00+12:00,2026-05-19 23:00:00+12:00,1.515,KWH,,1,actual
,2026-05-19 22:30:00+12:00,2026-05-19 23:00:00+12:00,0,KWH,,2,actual
,2026-05-19 23:00:00+12:00,2026-05-19 23:30:00+12:00,1.304,KWH,,1,actual
,2026-05-19 23:00:00+12:00,2026-05-19 23:30:00+12:00,0,KWH,,2,actual
,2026-05-19 23:30:00+12:00,2026-05-20 00:00:00+12:00,0,KWH,,2,actual
,2026-05-19 23:30:00+12:00,2026-05-20 00:00:00+12:00,0.681,KWH,,1,actual
,2026-05-20 00:00:00+12:00,2026-05-20 00:30:00+12:00,0,KWH,,2,actual
,2026-05-20 00:00:00+12:00,2026-05-20 00:30:00+12:00,0.227,KWH,,1,actual
,2026-05-20 00:30:00+12:00,2026-05-20 01:00:00+12:00,0.224,KWH,,1,actual
,2026-05-20 00:30:00+12:00,2026-05-20 01:00:00+12:00,1.287,KWH,,2,actual
,2026-05-20 01:00:00+12:00,2026-05-20 01:30:00+12:00,0.245,KWH,,1,actual
,2026-05-20 01:00:00+12:00,2026-05-20 01:30:00+12:00,0.251,KWH,,2,actual
,2026-05-20 01:30:00+12:00,2026-05-20 02:00:00+12:00,0,KWH,,2,actual
,2026-05-20 01:30:00+12:00,2026-05-20 02:00:00+12:00,0.223,KWH,,1,actual
,2026-05-20 02:00:00+12:00,2026-05-20 02:30:00+12:00,0.237,KWH,,1,actual
,2026-05-20 02:00:00+12:00,2026-05-20 02:30:00+12:00,0,KWH,,2,actual
,2026-05-20 02:30:00+12:00,2026-05-20 03:00:00+12:00,0,KWH,,2,actual
,2026-05-20 02:30:00+12:00,2026-05-20 03:00:00+12:00,0.243,KWH,,1,actual
,2026-05-20 03:00:00+12:00,2026-05-20 03:30:00+12:00,0,KWH,,2,actual
,2026-05-20 03:00:00+12:00,2026-05-20 03:30:00+12:00,0.23,KWH,,1,actual
,2026-05-20 03:30:00+12:00,2026-05-20 04:00:00+12:00,0.273,KWH,,1,actual
,2026-05-20 03:30:00+12:00,2026-05-20 04:00:00+12:00,0,KWH,,2,actual
,2026-05-20 04:00:00+12:00,2026-05-20 04:30:00+12:00,0,KWH,,2,actual
,2026-05-20 04:00:00+12:00,2026-05-20 04:30:00+12:00,0.265,KWH,,1,actual
,2026-05-20 04:30:00+12:00,2026-05-20 05:00:00+12:00,0.289,KWH,,1,actual
,2026-05-20 04:30:00+12:00,2026-05-20 05:00:00+12:00,0,KWH,,2,actual
,2026-05-20 05:00:00+12:00,2026-05-20 05:30:00+12:00,0.296,KWH,,1,actual
,2026-05-20 05:00:00+12:00,2026-05-20 05:30:00+12:00,0,KWH,,2,actual
,2026-05-20 05:30:00+12:00,2026-05-20 06:00:00+12:00,0,KWH,,2,actual
,2026-05-20 05:30:00+12:00,2026-05-20 06:00:00+12:00,0.286,KWH,,1,actual
,2026-05-20 06:00:00+12:00,2026-05-20 06:30:00+12:00,0,KWH,,2,actual
,2026-05-20 06:00:00+12:00,2026-05-20 06:30:00+12:00,0.752,KWH,,1,actual
,2026-05-20 06:30:00+12:00,2026-05-20 07:00:00+12:00,0,KWH,,2,actual
,2026-05-20 06:30:00+12:00,2026-05-20 07:00:00+12:00,0.647,KWH,,1,actual
,2026-05-20 07:00:00+12:00,2026-05-20 07:30:00+12:00,1.214,KWH,,1,actual
,2026-05-20 07:00:00+12:00,2026-05-20 07:30:00+12:00,0,KWH,,2,actual
,2026-05-20 07:30:00+12:00,2026-05-20 08:00:00+12:00,1.081,KWH,,1,actual
,2026-05-20 07:30:00+12:00,2026-05-20 08:00:00+12:00,0,KWH,,2,actual
,2026-05-20 08:00:00+12:00,2026-05-20 08:30:00+12:00,0.981,KWH,,1,actual
,2026-05-20 08:00:00+12:00,2026-05-20 08:30:00+12:00,0,KWH,,2,actual
,2026-05-20 08:30:00+12:00,2026-05-20 09:00:00+12:00,1.151,KWH,,2,actual
,2026-05-20 08:30:00+12:00,2026-05-20 09:00:00+12:00,0.783,KWH,,1,actual
,2026-05-20 09:00:00+12:00,2026-05-20 09:30:00+12:00,0.556,KWH,,2,actual
,2026-05-20 09:00:00+12:00,2026-05-20 09:30:00+12:00,0.291,KWH,,1,actual
,2026-05-20 09:30:00+12:00,2026-05-20 10:00:00+12:00,0,KWH,,2,actual
,2026-05-20 09:30:00+12:00,2026-05-20 10:00:00+12:00,0.115,KWH,,1,actual
,2026-05-20 10:00:00+12:00,2026-05-20 10:30:00+12:00,0.191,KWH,,1,actual
,2026-05-20 10:00:00+12:00,2026-05-20 10:30:00+12:00,0,KWH,,2,actual
,2026-05-20 10:30:00+12:00,2026-05-20 11:00:00+12:00,0,KWH,,2,actual
,2026-05-20 10:30:00+12:00,2026-05-20 11:00:00+12:00,0.185,KWH,,1,actual
,2026-05-20 11:00:00+12:00,2026-05-20 11:30:00+12:00,0.322,KWH,,1,actual
,2026-05-20 11:00:00+12:00,2026-05-20 11:30:00+12:00,0,KWH,,2,actual
,2026-05-20 11:30:00+12:00,2026-05-20 12:00:00+12:00,0.211,KWH,,1,actual
,2026-05-20 11:30:00+12:00,2026-05-20 12:00:00+12:00,0,KWH,,2,actual
,2026-05-20 12:00:00+12:00,2026-05-20 12:30:00+12:00,0.211,KWH,,1,actual
,2026-05-20 12:00:00+12:00,2026-05-20 12:30:00+12:00,0,KWH,,2,actual
,2026-05-20 12:30:00+12:00,2026-05-20 13:00:00+12:00,0,KWH,,2,actual
,2026-05-20 12:30:00+12:00,2026-05-20 13:00:00+12:00,0.67,KWH,,1,actual
,2026-05-20 13:00:00+12:00,2026-05-20 13:30:00+12:00,1.193,KWH,,1,actual
,2026-05-20 13:00:00+12:00,2026-05-20 13:30:00+12:00,0,KWH,,2,actual
,2026-05-20 13:30:00+12:00,2026-05-20 14:00:00+12:00,1.201,KWH,,1,actual
,2026-05-20 13:30:00+12:00,2026-05-20 14:00:00+12:00,0,KWH,,2,actual
,2026-05-20 14:00:00+12:00,2026-05-20 14:30:00+12:00,1.118,KWH,,2,actual
,2026-05-20 14:00:00+12:00,2026-05-20 14:30:00+12:00,0.905,KWH,,1,actual
,2026-05-20 14:30:00+12:00,2026-05-20 15:00:00+12:00,0.553,KWH,,1,actual
,2026-05-20 14:30:00+12:00,2026-05-20 15:00:00+12:00,1.182,KWH,,2,actual
,2026-05-20 15:00:00+12:00,2026-05-20 15:30:00+12:00,0,KWH,,2,actual
,2026-05-20 15:00:00+12:00,2026-05-20 15:30:00+12:00,0.592,KWH,,1,actual
,2026-05-20 15:30:00+12:00,2026-05-20 16:00:00+12:00,0,KWH,,2,actual
,2026-05-20 15:30:00+12:00,2026-05-20 16:00:00+12:00,0.572,KWH,,1,actual
,2026-05-20 16:00:00+12:00,2026-05-20 16:30:00+12:00,0.663,KWH,,1,actual
,2026-05-20 16:00:00+12:00,2026-05-20 16:30:00+12:00,0,KWH,,2,actual
,2026-05-20 16:30:00+12:00,2026-05-20 17:00:00+12:00,0.654,KWH,,1,actual
,2026-05-20 16:30:00+12:00,2026-05-20 17:00:00+12:00,0,KWH,,2,actual
,2026-05-20 17:00:00+12:00,2026-05-20 17:30:00+12:00,0,KWH,,2,actual
,2026-05-20 17:00:00+12:00,2026-05-20 17:30:00+12:00,0.865,KWH,,1,actual
,2026-05-20 17:30:00+12:00,2026-05-20 18:00:00+12:00,0.253,KWH,,1,actual
,2026-05-20 17:30:00+12:00,2026-05-20 18:00:00+12:00,0,KWH,,2,actual
,2026-05-20 18:00:00+12:00,2026-05-20 18:30:00+12:00,0.451,KWH,,1,actual
,2026-05-20 18:00:00+12:00,2026-05-20 18:30:00+12:00,1.337,KWH,,2,actual
,2026-05-20 18:30:00+12:00,2026-05-20 19:00:00+12:00,1.283,KWH,,2,actual
,2026-05-20 18:30:00+12:00,2026-05-20 19:00:00+12:00,0.765,KWH,,1,actual
,2026-05-20 19:00:00+12:00,2026-05-20 19:30:00+12:00,0,KWH,,2,actual
,2026-05-20 19:00:00+12:00,2026-05-20 19:30:00+12:00,0.341,KWH,,1,actual
,2026-05-20 19:30:00+12:00,2026-05-20 20:00:00+12:00,0,KWH,,2,actual
,2026-05-20 19:30:00+12:00,2026-05-20 20:00:00+12:00,0.796,KWH,,1,actual
,2026-05-20 20:00:00+12:00,2026-05-20 20:30:00+12:00,0,KWH,,2,actual
,2026-05-20 20:00:00+12:00,2026-05-20 20:30:00+12:00,0.506,KWH,,1,actual
,2026-05-20 20:30:00+12:00,2026-05-20 21:00:00+12:00,1.271,KWH,,2,actual
,2026-05-20 20:30:00+12:00,2026-05-20 21:00:00+12:00,0.262,KWH,,1,actual
,2026-05-20 21:00:00+12:00,2026-05-20 21:30:00+12:00,0.762,KWH,,2,actual
,2026-05-20 21:00:00+12:00,2026-05-20 21:30:00+12:00,0.296,KWH,,1,actual
,2026-05-20 21:30:00+12:00,2026-05-20 22:00:00+12:00,0.252,KWH,,1,actual
,2026-05-20 21:30:00+12:00,2026-05-20 22:00:00+12:00,0,KWH,,2,actual
,2026-05-20 22:00:00+12:00,2026-05-20 22:30:00+12:00,0.238,KWH,,1,actual
,2026-05-20 22:00:00+12:00,2026-05-20 22:30:00+12:00,0,KWH,,2,actual
,2026-05-20 22:30:00+12:00,2026-05-20 23:00:00+12:00,0.178,KWH,,1,actual
,2026-05-20 22:30:00+12:00,2026-05-20 23:00:00+12:00,0,KWH,,2,actual
,2026-05-20 23:00:00+12:00,2026-05-20 23:30:00+12:00,0.245,KWH,,1,actual
,2026-05-20 23:00:00+12:00,2026-05-20 23:30:00+12:00,0,KWH,,2,actual
,2026-05-20 23:30:00+12:00,2026-05-21 00:00:00+12:00,0,KWH,,2,actual
,2026-05-20 23:30:00+12:00,2026-05-21 00:00:00+12:00,0.273,KWH,,1,actual
,2026-05-21 00:00:00+12:00,2026-05-21 00:30:00+12:00,0,KWH,,2,actual
,2026-05-21 00:00:00+12:00,2026-05-21 00:30:00+12:00,0.261,KWH,,1,actual
,2026-05-21 00:30:00+12:00,2026-05-21 01:00:00+12:00,0.331,KWH,,1,actual
,2026-05-21 00:30:00+12:00,2026-05-21 01:00:00+12:00,0,KWH,,2,actual
,2026-05-21 01:00:00+12:00,2026-05-21 01:30:00+12:00,0.247,KWH,,1,actual
,2026-05-21 01:00:00+12:00,2026-05-21 01:30:00+12:00,0,KWH,,2,actual
,2026-05-21 01:30:00+12:00,2026-05-21 02:00:00+12:00,0,KWH,,2,actual
,2026-05-21 01:30:00+12:00,2026-05-21 02:00:00+12:00,0.232,KWH,,1,actual
,2026-05-21 02:00:00+12:00,2026-05-21 02:30:00+12:00,0.248,KWH,,1,actual
,2026-05-21 02:00:00+12:00,2026-05-21 02:30:00+12:00,0,KWH,,2,actual
,2026-05-21 02:30:00+12:00,2026-05-21 03:00:00+12:00,0,KWH,,2,actual
,2026-05-21 02:30:00+12:00,2026-05-21 03:00:00+12:00,0.224,KWH,,1,actual
,2026-05-21 03:00:00+12:00,2026-05-21 03:30:00+12:00,0,KWH,,2,actual
,2026-05-21 03:00:00+12:00,2026-05-21 03:30:00+12:00,0.216,KWH,,1,actual
,2026-05-21 03:30:00+12:00,2026-05-21 04:00:00+12:00,0.229,KWH,,1,actual
,2026-05-21 03:30:00+12:00,2026-05-21 04:00:00+12:00,0,KWH,,2,actual
,2026-05-21 04:00:00+12:00,2026-05-21 04:30:00+12:00,0,KWH,,2,actual
,2026-05-21 04:00:00+12:00,2026-05-21 04:30:00+12:00,0.225,KWH,,1,actual
,2026-05-21 04:30:00+12:00,2026-05-21 05:00:00+12:00,0.241,KWH,,1,actual
,2026-05-21 04:30:00+12:00,2026-05-21 05:00:00+12:00,0,KWH,,2,actual
,2026-05-21 05:00:00+12:00,2026-05-21 05:30:00+12:00,0.234,KWH,,1,actual
,2026-05-21 05:00:00+12:00,2026-05-21 05:30:00+12:00,0.671,KWH,,2,actual
,2026-05-21 05:30:00+12:00,2026-05-21 06:00:00+12:00,0.847,KWH,,2,actual
,2026-05-21 05:30:00+12:00,2026-05-21 06:00:00+12:00,0.251,KWH,,1,actual
,2026-05-21 06:00:00+12:00,2026-05-21 06:30:00+12:00,0,KWH,,2,actual
,2026-05-21 06:00:00+12:00,2026-05-21 06:30:00+12:00,0.476,KWH,,1,actual
,2026-05-21 06:30:00+12:00,2026-05-21 07:00:00+12:00,0,KWH,,2,actual
,2026-05-21 06:30:00+12:00,2026-05-21 07:00:00+12:00,0.421,KWH,,1,actual
,2026-05-21 07:00:00+12:00,2026-05-21 07:30:00+12:00,0.275,KWH,,1,actual
,2026-05-21 07:00:00+12:00,2026-05-21 07:30:00+12:00,0,KWH,,2,actual
,2026-05-21 07:30:00+12:00,2026-05-21 08:00:00+12:00,0.494,KWH,,1,actual
,2026-05-21 07:30:00+12:00,2026-05-21 08:00:00+12:00,0,KWH,,2,actual
,2026-05-21 08:00:00+12:00,2026-05-21 08:30:00+12:00,0.366,KWH,,1,actual
,2026-05-21 08:00:00+12:00,2026-05-21 08:30:00+12:00,0,KWH,,2,actual
,2026-05-21 08:30:00+12:00,2026-05-21 09:00:00+12:00,0.897,KWH,,2,actual
,2026-05-21 08:30:00+12:00,2026-05-21 09:00:00+12:00,0.997,KWH,,1,actual
,2026-05-21 09:00:00+12:00,2026-05-21 09:30:00+12:00,1.544,KWH,,2,actual
,2026-05-21 09:00:00+12:00,2026-05-21 09:30:00+12:00,0.343,KWH,,1,actual
,2026-05-21 09:30:00+12:00,2026-05-21 10:00:00+12:00,1.524,KWH,,2,actual
,2026-05-21 09:30:00+12:00,2026-05-21 10:00:00+12:00,0.264,KWH,,1,actual
,2026-05-21 10:00:00+12:00,2026-05-21 10:30:00+12:00,0.174,KWH,,1,actual
,2026-05-21 10:00:00+12:00,2026-05-21 10:30:00+12:00,1.514,KWH,,2,actual
,2026-05-21 10:30:00+12:00,2026-05-21 11:00:00+12:00,1.517,KWH,,2,actual
,2026-05-21 10:30:00+12:00,2026-05-21 11:00:00+12:00,0.167,KWH,,1,actual
,2026-05-21 11:00:00+12:00,2026-05-21 11:30:00+12:00,0.165,KWH,,1,actual
,2026-05-21 11:00:00+12:00,2026-05-21 11:30:00+12:00,0.305,KWH,,2,actual
,2026-05-21 11:30:00+12:00,2026-05-21 12:00:00+12:00,0.183,KWH,,1,actual
,2026-05-21 11:30:00+12:00,2026-05-21 12:00:00+12:00,0,KWH,,2,actual
,2026-05-21 12:00:00+12:00,2026-05-21 12:30:00+12:00,0,KWH,,2,actual
,2026-05-21 12:00:00+12:00,2026-05-21 12:30:00+12:00,0.163,KWH,,1,actual
,2026-05-21 12:30:00+12:00,2026-05-21 13:00:00+12:00,0.182,KWH,,1,actual
,2026-05-21 12:30:00+12:00,2026-05-21 13:00:00+12:00,0,KWH,,2,actual
,2026-05-21 13:00:00+12:00,2026-05-21 13:30:00+12:00,0,KWH,,2,actual
,2026-05-21 13:00:00+12:00,2026-05-21 13:30:00+12:00,0.182,KWH,,1,actual
,2026-05-21 13:30:00+12:00,2026-05-21 14:00:00+12:00,0,KWH,,2,actual
,2026-05-21 13:30:00+12:00,2026-05-21 14:00:00+12:00,0.401,KWH,,1,actual
,2026-05-21 14:00:00+12:00,2026-05-21 14:30:00+12:00,0.9,KWH,,1,actual
,2026-05-21 14:00:00+12:00,2026-05-21 14:30:00+12:00,0,KWH,,2,actual
,2026-05-21 14:30:00+12:00,2026-05-21 15:00:00+12:00,0,KWH,,2,actual
,2026-05-21 14:30:00+12:00,2026-05-21 15:00:00+12:00,1.858,KWH,,1,actual
,2026-05-21 15:00:00+12:00,2026-05-21 15:30:00+12:00,1.931,KWH,,1,actual
,2026-05-21 15:00:00+12:00,2026-05-21 15:30:00+12:00,0,KWH,,2,actual
,2026-05-21 15:30:00+12:00,2026-05-21 16:00:00+12:00,2.767,KWH,,1,actual
,2026-05-21 15:30:00+12:00,2026-05-21 16:00:00+12:00,0,KWH,,2,actual
,2026-05-21 16:00:00+12:00,2026-05-21 16:30:00+12:00,0.68,KWH,,2,actual
,2026-05-21 16:00:00+12:00,2026-05-21 16:30:00+12:00,1.604,KWH,,1,actual
,2026-05-21 16:30:00+12:00,2026-05-21 17:00:00+12:00,1.004,KWH,,2,actual
,2026-05-21 16:30:00+12:00,2026-05-21 17:00:00+12:00,0.217,KWH,,1,actual
,2026-05-21 17:00:00+12:00,2026-05-21 17:30:00+12:00,0.185,KWH,,1,actual
,2026-05-21 17:00:00+12:00,2026-05-21 17:30:00+12:00,0,KWH,,2,actual
,2026-05-21 17:30:00+12:00,2026-05-21 18:00:00+12:00,0,KWH,,2,actual
,2026-05-21 17:30:00+12:00,2026-05-21 18:00:00+12:00,0.197,KWH,,1,actual
,2026-05-21 18:00:00+12:00,2026-05-21 18:30:00+12:00,0,KWH,,2,actual
,2026-05-21 18:00:00+12:00,2026-05-21 18:30:00+12:00,0.438,KWH,,1,actual
,2026-05-21 18:30:00+12:00,2026-05-21 19:00:00+12:00,0.621,KWH,,1,actual
,2026-05-21 18:30:00+12:00,2026-05-21 19:00:00+12:00,0,KWH,,2,actual
,2026-05-21 19:00:00+12:00,2026-05-21 19:30:00+12:00,0.792,KWH,,1,actual
,2026-05-21 19:00:00+12:00,2026-05-21 19:30:00+12:00,0,KWH,,2,actual
,2026-05-21 19:30:00+12:00,2026-05-21 20:00:00+12:00,1.183,KWH,,1,actual
,2026-05-21 19:30:00+12:00,2026-05-21 20:00:00+12:00,0,KWH,,2,actual
,2026-05-21 20:00:00+12:00,2026-05-21 20:30:00+12:00,1.03,KWH,,1,actual
,2026-05-21 20:00:00+12:00,2026-05-21 20:30:00+12:00,0,KWH,,2,actual
,2026-05-21 20:30:00+12:00,2026-05-21 21:00:00+12:00,1.105,KWH,,1,actual
,2026-05-21 20:30:00+12:00,2026-05-21 21:00:00+12:00,0,KWH,,2,actual
,2026-05-21 21:00:00+12:00,2026-05-21 21:30:00+12:00,2.383,KWH,,1,actual
,2026-05-21 21:00:00+12:00,2026-05-21 21:30:00+12:00,0,KWH,,2,actual
,2026-05-21 21:30:00+12:00,2026-05-21 22:00:00+12:00,1.354,KWH,,2,actual
,2026-05-21 21:30:00+12:00,2026-05-21 22:00:00+12:00,2.394,KWH,,1,actual
,2026-05-21 22:00:00+12:00,2026-05-21 22:30:00+12:00,0,KWH,,2,actual
,2026-05-21 22:00:00+12:00,2026-05-21 22:30:00+12:00,2.234,KWH,,1,actual
,2026-05-21 22:30:00+12:00,2026-05-21 23:00:00+12:00,0,KWH,,2,actual
,2026-05-21 22:30:00+12:00,2026-05-21 23:00:00+12:00,1.986,KWH,,1,actual
,2026-05-21 23:00:00+12:00,2026-05-21 23:30:00+12:00,0,KWH,,2,actual
,2026-05-21 23:00:00+12:00,2026-05-21 23:30:00+12:00,1.974,KWH,,1,actual
,2026-05-21 23:30:00+12:00,2026-05-22 00:00:00+12:00,1.991,KWH,,1,actual
,2026-05-21 23:30:00+12:00,2026-05-22 00:00:00+12:00,0,KWH,,2,actual
,2026-05-22 00:00:00+12:00,2026-05-22 00:30:00+12:00,1.968,KWH,,1,actual
,2026-05-22 00:00:00+12:00,2026-05-22 00:30:00+12:00,0,KWH,,2,actual
,2026-05-22 00:30:00+12:00,2026-05-22 01:00:00+12:00,0,KWH,,2,actual
,2026-05-22 00:30:00+12:00,2026-05-22 01:00:00+12:00,1.94,KWH,,1,actual
,2026-05-22 01:00:00+12:00,2026-05-22 01:30:00+12:00,0,KWH,,2,actual
,2026-05-22 01:00:00+12:00,2026-05-22 01:30:00+12:00,1.954,KWH,,1,actual
,2026-05-22 01:30:00+12:00,2026-05-22 02:00:00+12:00,1.954,KWH,,1,actual
,2026-05-22 01:30:00+12:00,2026-05-22 02:00:00+12:00,0,KWH,,2,actual
,2026-05-22 02:00:00+12:00,2026-05-22 02:30:00+12:00,0,KWH,,2,actual
,2026-05-22 02:00:00+12:00,2026-05-22 02:30:00+12:00,1.954,KWH,,1,actual
,2026-05-22 02:30:00+12:00,2026-05-22 03:00:00+12:00,1.936,KWH,,1,actual
,2026-05-22 02:30:00+12:00,2026-05-22 03:00:00+12:00,0,KWH,,2,actual
,2026-05-22 03:00:00+12:00,2026-05-22 03:30:00+12:00,1.956,KWH,,1,actual
,2026-05-22 03:00:00+12:00,2026-05-22 03:30:00+12:00,0,KWH,,2,actual
,2026-05-22 03:30:00+12:00,2026-05-22 04:00:00+12:00,0,KWH,,2,actual
,2026-05-22 03:30:00+12:00,2026-05-22 04:00:00+12:00,1.947,KWH,,1,actual
,2026-05-22 04:00:00+12:00,2026-05-22 04:30:00+12:00,1.977,KWH,,1,actual
,2026-05-22 04:00:00+12:00,2026-05-22 04:30:00+12:00,0,KWH,,2,actual
,2026-05-22 04:30:00+12:00,2026-05-22 05:00:00+12:00,0,KWH,,2,actual
,2026-05-22 04:30:00+12:00,2026-05-22 05:00:00+12:00,1.953,KWH,,1,actual
,2026-05-22 05:00:00+12:00,2026-05-22 05:30:00+12:00,0,KWH,,2,actual
,2026-05-22 05:00:00+12:00,2026-05-22 05:30:00+12:00,1.066,KWH,,1,actual
,2026-05-22 05:30:00+12:00,2026-05-22 06:00:00+12:00,0.509,KWH,,1,actual
,2026-05-22 05:30:00+12:00,2026-05-22 06:00:00+12:00,1.403,KWH,,2,actual
,2026-05-22 06:00:00+12:00,2026-05-22 06:30:00+12:00,0.741,KWH,,1,actual
,2026-05-22 06:00:00+12:00,2026-05-22 06:30:00+12:00,0.068,KWH,,2,actual
,2026-05-22 06:30:00+12:00,2026-05-22 07:00:00+12:00,0.56,KWH,,1,actual
,2026-05-22 06:30:00+12:00,2026-05-22 07:00:00+12:00,0,KWH,,2,actual
,2026-05-22 07:00:00+12:00,2026-05-22 07:30:00+12:00,0,KWH,,2,actual
,2026-05-22 07:00:00+12:00,2026-05-22 07:30:00+12:00,0.548,KWH,,1,actual
,2026-05-22 07:30:00+12:00,2026-05-22 08:00:00+12:00,0,KWH,,2,actual
,2026-05-22 07:30:00+12:00,2026-05-22 08:00:00+12:00,0.982,KWH,,1,actual
,2026-05-22 08:00:00+12:00,2026-05-22 08:30:00+12:00,0,KWH,,2,actual
,2026-05-22 08:00:00+12:00,2026-05-22 08:30:00+12:00,0.573,KWH,,1,actual
,2026-05-22 08:30:00+12:00,2026-05-22 09:00:00+12:00,0.51,KWH,,1,actual
,2026-05-22 08:30:00+12:00,2026-05-22 09:00:00+12:00,1.228,KWH,,2,actual
,2026-05-22 09:00:00+12:00,2026-05-22 09:30:00+12:00,0.169,KWH,,1,actual
,2026-05-22 09:00:00+12:00,2026-05-22 09:30:00+12:00,0.208,KWH,,2,actual
,2026-05-22 09:30:00+12:00,2026-05-22 10:00:00+12:00,0.21,KWH,,1,actual
,2026-05-22 09:30:00+12:00,2026-05-22 10:00:00+12:00,0.941,KWH,,2,actual
,2026-05-22 10:00:00+12:00,2026-05-22 10:30:00+12:00,1.513,KWH,,2,actual
,2026-05-22 10:00:00+12:00,2026-05-22 10:30:00+12:00,0.19,KWH,,1,actual
,2026-05-22 10:30:00+12:00,2026-05-22 11:00:00+12:00,0.181,KWH,,1,actual
,2026-05-22 10:30:00+12:00,2026-05-22 11:00:00+12:00,1.535,KWH,,2,actual
,2026-05-22 11:00:00+12:00,2026-05-22 11:30:00+12:00,1.524,KWH,,2,actual
,2026-05-22 11:00:00+12:00,2026-05-22 11:30:00+12:00,0.296,KWH,,1,actual
,2026-05-22 11:30:00+12:00,2026-05-22 12:00:00+12:00,1.238,KWH,,2,actual
,2026-05-22 11:30:00+12:00,2026-05-22 12:00:00+12:00,0.183,KWH,,1,actual
,2026-05-22 12:00:00+12:00,2026-05-22 12:30:00+12:00,0,KWH,,2,actual
,2026-05-22 12:00:00+12:00,2026-05-22 12:30:00+12:00,0.203,KWH,,1,actual
,2026-05-22 12:30:00+12:00,2026-05-22 13:00:00+12:00,0.19,KWH,,1,actual
,2026-05-22 12:30:00+12:00,2026-05-22 13:00:00+12:00,0,KWH,,2,actual
,2026-05-22 13:00:00+12:00,2026-05-22 13:30:00+12:00,0,KWH,,2,actual
,2026-05-22 13:00:00+12:00,2026-05-22 13:30:00+12:00,0.195,KWH,,1,actual
,2026-05-22 13:30:00+12:00,2026-05-22 14:00:00+12:00,0,KWH,,2,actual
,2026-05-22 13:30:00+12:00,2026-05-22 14:00:00+12:00,0.196,KWH,,1,actual
,2026-05-22 14:00:00+12:00,2026-05-22 14:30:00+12:00,0.323,KWH,,1,actual
,2026-05-22 14:00:00+12:00,2026-05-22 14:30:00+12:00,0,KWH,,2,actual
,2026-05-22 14:30:00+12:00,2026-05-22 15:00:00+12:00,0,KWH,,2,actual
,2026-05-22 14:30:00+12:00,2026-05-22 15:00:00+12:00,0.234,KWH,,1,actual
,2026-05-22 15:00:00+12:00,2026-05-22 15:30:00+12:00,0.222,KWH,,1,actual
,2026-05-22 15:00:00+12:00,2026-05-22 15:30:00+12:00,0,KWH,,2,actual
,2026-05-22 15:30:00+12:00,2026-05-22 16:00:00+12:00,0.228,KWH,,1,actual
,2026-05-22 15:30:00+12:00,2026-05-22 16:00:00+12:00,0,KWH,,2,actual
,2026-05-22 16:00:00+12:00,2026-05-22 16:30:00+12:00,0,KWH,,2,actual
,2026-05-22 16:00:00+12:00,2026-05-22 16:30:00+12:00,0.218,KWH,,1,actual
,2026-05-22 16:30:00+12:00,2026-05-22 17:00:00+12:00,0,KWH,,2,actual
,2026-05-22 16:30:00+12:00,2026-05-22 17:00:00+12:00,0.326,KWH,,1,actual
,2026-05-22 17:00:00+12:00,2026-05-22 17:30:00+12:00,1.211,KWH,,1,actual
,2026-05-22 17:00:00+12:00,2026-05-22 17:30:00+12:00,0,KWH,,2,actual
,2026-05-22 17:30:00+12:00,2026-05-22 18:00:00+12:00,0,KWH,,2,actual
,2026-05-22 17:30:00+12:00,2026-05-22 18:00:00+12:00,1.643,KWH,,1,actual
,2026-05-22 18:00:00+12:00,2026-05-22 18:30:00+12:00,1.351,KWH,,2,actual
,2026-05-22 18:00:00+12:00,2026-05-22 18:30:00+12:00,0.902,KWH,,1,actual
,2026-05-22 18:30:00+12:00,2026-05-22 19:00:00+12:00,0.737,KWH,,1,actual
,2026-05-22 18:30:00+12:00,2026-05-22 19:00:00+12:00,0.543,KWH,,2,actual
,2026-05-22 19:00:00+12:00,2026-05-22 19:30:00+12:00,1.605,KWH,,1,actual
,2026-05-22 19:00:00+12:00,2026-05-22 19:30:00+12:00,0,KWH,,2,actual
,2026-05-22 19:30:00+12:00,2026-05-22 20:00:00+12:00,1.135,KWH,,1,actual
,2026-05-22 19:30:00+12:00,2026-05-22 20:00:00+12:00,0,KWH,,2,actual
,2026-05-22 20:00:00+12:00,2026-05-22 20:30:00+12:00,1.033,KWH,,1,actual
,2026-05-22 20:00:00+12:00,2026-05-22 20:30:00+12:00,0,KWH,,2,actual
,2026-05-22 20:30:00+12:00,2026-05-22 21:00:00+12:00,0.381,KWH,,1,actual
,2026-05-22 20:30:00+12:00,2026-05-22 21:00:00+12:00,0,KWH,,2,actual
,2026-05-22 21:00:00+12:00,2026-05-22 21:30:00+12:00,0.371,KWH,,1,actual
,2026-05-22 21:00:00+12:00,2026-05-22 21:30:00+12:00,0,KWH,,2,actual
,2026-05-22 21:30:00+12:00,2026-05-22 22:00:00+12:00,0,KWH,,2,actual
,2026-05-22 21:30:00+12:00,2026-05-22 22:00:00+12:00,0.377,KWH,,1,actual
,2026-05-22 22:00:00+12:00,2026-05-22 22:30:00+12:00,0.123,KWH,,2,actual
,2026-05-22 22:00:00+12:00,2026-05-22 22:30:00+12:00,0.698,KWH,,1,actual
,2026-05-22 22:30:00+12:00,2026-05-22 23:00:00+12:00,1.532,KWH,,2,actual
,2026-05-22 22:30:00+12:00,2026-05-22 23:00:00+12:00,0.708,KWH,,1,actual
,2026-05-22 23:00:00+12:00,2026-05-22 23:30:00+12:00,1.555,KWH,,2,actual
,2026-05-22 23:00:00+12:00,2026-05-22 23:30:00+12:00,0.213,KWH,,1,actual
,2026-05-22 23:30:00+12:00,2026-05-23 00:00:00+12:00,0.229,KWH,,1,actual
,2026-05-22 23:30:00+12:00,2026-05-23 00:00:00+12:00,1.548,KWH,,2,actual
,2026-05-23 00:00:00+12:00,2026-05-23 00:30:00+12:00,0.236,KWH,,1,actual
,2026-05-23 00:00:00+12:00,2026-05-23 00:30:00+12:00,0.878,KWH,,2,actual
,2026-05-23 00:30:00+12:00,2026-05-23 01:00:00+12:00,0,KWH,,2,actual
,2026-05-23 00:30:00+12:00,2026-05-23 01:00:00+12:00,0.23,KWH,,1,actual
,2026-05-23 01:00:00+12:00,2026-05-23 01:30:00+12:00,0,KWH,,2,actual
,2026-05-23 01:00:00+12:00,2026-05-23 01:30:00+12:00,0.255,KWH,,1,actual
,2026-05-23 01:30:00+12:00,2026-05-23 02:00:00+12:00,0.221,KWH,,1,actual
,2026-05-23 01:30:00+12:00,2026-05-23 02:00:00+12:00,0,KWH,,2,actual
,2026-05-23 02:00:00+12:00,2026-05-23 02:30:00+12:00,0,KWH,,2,actual
,2026-05-23 02:00:00+12:00,2026-05-23 02:30:00+12:00,0.235,KWH,,1,actual
,2026-05-23 02:30:00+12:00,2026-05-23 03:00:00+12:00,0.245,KWH,,1,actual
,2026-05-23 02:30:00+12:00,2026-05-23 03:00:00+12:00,0,KWH,,2,actual
,2026-05-23 03:00:00+12:00,2026-05-23 03:30:00+12:00,0.225,KWH,,1,actual
,2026-05-23 03:00:00+12:00,2026-05-23 03:30:00+12:00,0,KWH,,2,actual
,2026-05-23 03:30:00+12:00,2026-05-23 04:00:00+12:00,0,KWH,,2,actual
,2026-05-23 03:30:00+12:00,2026-05-23 04:00:00+12:00,0.231,KWH,,1,actual
,2026-05-23 04:00:00+12:00,2026-05-23 04:30:00+12:00,0.239,KWH,,1,actual
,2026-05-23 04:00:00+12:00,2026-05-23 04:30:00+12:00,0,KWH,,2,actual
,2026-05-23 04:30:00+12:00,2026-05-23 05:00:00+12:00,0,KWH,,2,actual
,2026-05-23 04:30:00+12:00,2026-05-23 05:00:00+12:00,0.239,KWH,,1,actual
,2026-05-23 05:00:00+12:00,2026-05-23 05:30:00+12:00,0,KWH,,2,actual
,2026-05-23 05:00:00+12:00,2026-05-23 05:30:00+12:00,0.247,KWH,,1,actual
,2026-05-23 05:30:00+12:00,2026-05-23 06:00:00+12:00,0.217,KWH,,1,actual
,2026-05-23 05:30:00+12:00,2026-05-23 06:00:00+12:00,0,KWH,,2,actual
,2026-05-23 06:00:00+12:00,2026-05-23 06:30:00+12:00,0.677,KWH,,1,actual
,2026-05-23 06:00:00+12:00,2026-05-23 06:30:00+12:00,0,KWH,,2,actual
,2026-05-23 06:30:00+12:00,2026-05-23 07:00:00+12:00,0.548,KWH,,1,actual
,2026-05-23 06:30:00+12:00,2026-05-23 07:00:00+12:00,0,KWH,,2,actual
,2026-05-23 07:00:00+12:00,2026-05-23 07:30:00+12:00,0,KWH,,2,actual
,2026-05-23 07:00:00+12:00,2026-05-23 07:30:00+12:00,0.484,KWH,,1,actual
,2026-05-23 07:30:00+12:00,2026-05-23 08:00:00+12:00,0,KWH,,2,actual
,2026-05-23 07:30:00+12:00,2026-05-23 08:00:00+12:00,0.409,KWH,,1,actual
,2026-05-23 08:00:00+12:00,2026-05-23 08:30:00+12:00,0,KWH,,2,actual
,2026-05-23 08:00:00+12:00,2026-05-23 08:30:00+12:00,0.422,KWH,,1,actual
,2026-05-23 08:30:00+12:00,2026-05-23 09:00:00+12:00,0.441,KWH,,1,actual
,2026-05-23 08:30:00+12:00,2026-05-23 09:00:00+12:00,0,KWH,,2,actual
,2026-05-23 09:00:00+12:00,2026-05-23 09:30:00+12:00,1.114,KWH,,1,actual
,2026-05-23 09:00:00+12:00,2026-05-23 09:30:00+12:00,0.261,KWH,,2,actual
,2026-05-23 09:30:00+12:00,2026-05-23 10:00:00+12:00,1.225,KWH,,1,actual
,2026-05-23 09:30:00+12:00,2026-05-23 10:00:00+12:00,1.436,KWH,,2,actual
,2026-05-23 10:00:00+12:00,2026-05-23 10:30:00+12:00,0.55,KWH,,2,actual
,2026-05-23 10:00:00+12:00,2026-05-23 10:30:00+12:00,0.298,KWH,,1,actual
,2026-05-23 10:30:00+12:00,2026-05-23 11:00:00+12:00,0.717,KWH,,1,actual
,2026-05-23 10:30:00+12:00,2026-05-23 11:00:00+12:00,1.531,KWH,,2,actual
,2026-05-23 11:00:00+12:00,2026-05-23 11:30:00+12:00,1.558,KWH,,2,actual
,2026-05-23 11:00:00+12:00,2026-05-23 11:30:00+12:00,0.384,KWH,,1,actual
,2026-05-23 11:30:00+12:00,2026-05-23 12:00:00+12:00,1.561,KWH,,2,actual
,2026-05-23 11:30:00+12:00,2026-05-23 12:00:00+12:00,0.173,KWH,,1,actual
,2026-05-23 12:00:00+12:00,2026-05-23 12:30:00+12:00,0.156,KWH,,1,actual
,2026-05-23 12:00:00+12:00,2026-05-23 12:30:00+12:00,1.548,KWH,,2,actual
,2026-05-23 12:30:00+12:00,2026-05-23 13:00:00+12:00,1.327,KWH,,2,actual
,2026-05-23 12:30:00+12:00,2026-05-23 13:00:00+12:00,0.297,KWH,,1,actual
,2026-05-23 13:00:00+12:00,2026-05-23 13:30:00+12:00,1.823,KWH,,1,actual
,2026-05-23 13:00:00+12:00,2026-05-23 13:30:00+12:00,0,KWH,,2,actual
,2026-05-23 13:30:00+12:00,2026-05-23 14:00:00+12:00,1.735,KWH,,1,actual
,2026-05-23 13:30:00+12:00,2026-05-23 14:00:00+12:00,0,KWH,,2,actual
,2026-05-23 14:00:00+12:00,2026-05-23 14:30:00+12:00,0,KWH,,2,actual
,2026-05-23 14:00:00+12:00,2026-05-23 14:30:00+12:00,0.554,KWH,,1,actual
,2026-05-23 14:30:00+12:00,2026-05-23 15:00:00+12:00,2.106,KWH,,1,actual
,2026-05-23 14:30:00+12:00,2026-05-23 15:00:00+12:00,0,KWH,,2,actual
,2026-05-23 15:00:00+12:00,2026-05-23 15:30:00+12:00,0,KWH,,2,actual
,2026-05-23 15:00:00+12:00,2026-05-23 15:30:00+12:00,0.597,KWH,,1,actual
,2026-05-23 15:30:00+12:00,2026-05-23 16:00:00+12:00,0,KWH,,2,actual
,2026-05-23 15:30:00+12:00,2026-05-23 16:00:00+12:00,0.574,KWH,,1,actual
,2026-05-23 16:00:00+12:00,2026-05-23 16:30:00+12:00,0.327,KWH,,1,actual
,2026-05-23 16:00:00+12:00,2026-05-23 16:30:00+12:00,0,KWH,,2,actual
,2026-05-23 16:30:00+12:00,2026-05-23 17:00:00+12:00,0.561,KWH,,1,actual
,2026-05-23 16:30:00+12:00,2026-05-23 17:00:00+12:00,0.516,KWH,,2,actual
,2026-05-23 17:00:00+12:00,2026-05-23 17:30:00+12:00,1.05,KWH,,2,actual
,2026-05-23 17:00:00+12:00,2026-05-23 17:30:00+12:00,0.704,KWH,,1,actual
,2026-05-23 17:30:00+12:00,2026-05-23 18:00:00+12:00,1.003,KWH,,1,actual
,2026-05-23 17:30:00+12:00,2026-05-23 18:00:00+12:00,0,KWH,,2,actual
,2026-05-23 18:00:00+12:00,2026-05-23 18:30:00+12:00,2.284,KWH,,1,actual
,2026-05-23 18:00:00+12:00,2026-05-23 18:30:00+12:00,0,KWH,,2,actual
,2026-05-23 18:30:00+12:00,2026-05-23 19:00:00+12:00,0.487,KWH,,2,actual
,2026-05-23 18:30:00+12:00,2026-05-23 19:00:00+12:00,1.327,KWH,,1,actual
,2026-05-23 19:00:00+12:00,2026-05-23 19:30:00+12:00,1.479,KWH,,2,actual
,2026-05-23 19:00:00+12:00,2026-05-23 19:30:00+12:00,1.253,KWH,,1,actual
,2026-05-23 19:30:00+12:00,2026-05-23 20:00:00+12:00,1.488,KWH,,2,actual
,2026-05-23 19:30:00+12:00,2026-05-23 20:00:00+12:00,0.783,KWH,,1,actual
,2026-05-23 20:00:00+12:00,2026-05-23 20:30:00+12:00,1.476,KWH,,2,actual
,2026-05-23 20:00:00+12:00,2026-05-23 20:30:00+12:00,1.561,KWH,,1,actual
,2026-05-23 20:30:00+12:00,2026-05-23 21:00:00+12:00,0.683,KWH,,2,actual
,2026-05-23 20:30:00+12:00,2026-05-23 21:00:00+12:00,0.725,KWH,,1,actual
,2026-05-23 21:00:00+12:00,2026-05-23 21:30:00+12:00,0,KWH,,2,actual
,2026-05-23 21:00:00+12:00,2026-05-23 21:30:00+12:00,0.78,KWH,,1,actual
,2026-05-23 21:30:00+12:00,2026-05-23 22:00:00+12:00,0.797,KWH,,1,actual
,2026-05-23 21:30:00+12:00,2026-05-23 22:00:00+12:00,0,KWH,,2,actual
,2026-05-23 22:00:00+12:00,2026-05-23 22:30:00+12:00,0.515,KWH,,1,actual
,2026-05-23 22:00:00+12:00,2026-05-23 22:30:00+12:00,0,KWH,,2,actual
,2026-05-23 22:30:00+12:00,2026-05-23 23:00:00+12:00,0.493,KWH,,1,actual
,2026-05-23 22:30:00+12:00,2026-05-23 23:00:00+12:00,0,KWH,,2,actual
,2026-05-23 23:00:00+12:00,2026-05-23 23:30:00+12:00,0.415,KWH,,1,actual
,2026-05-23 23:00:00+12:00,2026-05-23 23:30:00+12:00,0,KWH,,2,actual
,2026-05-23 23:30:00+12:00,2026-05-24 00:00:00+12:00,1.063,KWH,,2,actual
,2026-05-23 23:30:00+12:00,2026-05-24 00:00:00+12:00,0.251,KWH,,1,actual
,2026-05-24 00:00:00+12:00,2026-05-24 00:30:00+12:00,1.556,KWH,,2,actual
,2026-05-24 00:00:00+12:00,2026-05-24 00:30:00+12:00,0.246,KWH,,1,actual
,2026-05-24 00:30:00+12:00,2026-05-24 01:00:00+12:00,0.261,KWH,,1,actual
,2026-05-24 00:30:00+12:00,2026-05-24 01:00:00+12:00,0.175,KWH,,2,actual
,2026-05-24 01:00:00+12:00,2026-05-24 01:30:00+12:00,0.335,KWH,,1,actual
,2026-05-24 01:00:00+12:00,2026-05-24 01:30:00+12:00,0,KWH,,2,actual
,2026-05-24 01:30:00+12:00,2026-05-24 02:00:00+12:00,0,KWH,,2,actual
,2026-05-24 01:30:00+12:00,2026-05-24 02:00:00+12:00,0.385,KWH,,1,actual
,2026-05-24 02:00:00+12:00,2026-05-24 02:30:00+12:00,0.446,KWH,,1,actual
,2026-05-24 02:00:00+12:00,2026-05-24 02:30:00+12:00,0,KWH,,2,actual
,2026-05-24 02:30:00+12:00,2026-05-24 03:00:00+12:00,0,KWH,,2,actual
,2026-05-24 02:30:00+12:00,2026-05-24 03:00:00+12:00,0.469,KWH,,1,actual
,2026-05-24 03:00:00+12:00,2026-05-24 03:30:00+12:00,0,KWH,,2,actual
,2026-05-24 03:00:00+12:00,2026-05-24 03:30:00+12:00,0.439,KWH,,1,actual
,2026-05-24 03:30:00+12:00,2026-05-24 04:00:00+12:00,0.54,KWH,,1,actual
,2026-05-24 03:30:00+12:00,2026-05-24 04:00:00+12:00,0,KWH,,2,actual
,2026-05-24 04:00:00+12:00,2026-05-24 04:30:00+12:00,0,KWH,,2,actual
,2026-05-24 04:00:00+12:00,2026-05-24 04:30:00+12:00,0.52,KWH,,1,actual
,2026-05-24 04:30:00+12:00,2026-05-24 05:00:00+12:00,0.641,KWH,,1,actual
,2026-05-24 04:30:00+12:00,2026-05-24 05:00:00+12:00,0,KWH,,2,actual
,2026-05-24 05:00:00+12:00,2026-05-24 05:30:00+12:00,0.652,KWH,,1,actual
,2026-05-24 05:00:00+12:00,2026-05-24 05:30:00+12:00,0,KWH,,2,actual
,2026-05-24 05:30:00+12:00,2026-05-24 06:00:00+12:00,0,KWH,,2,actual
,2026-05-24 05:30:00+12:00,2026-05-24 06:00:00+12:00,0.697,KWH,,1,actual
,2026-05-24 06:00:00+12:00,2026-05-24 06:30:00+12:00,0,KWH,,2,actual
,2026-05-24 06:00:00+12:00,2026-05-24 06:30:00+12:00,1.188,KWH,,1,actual
,2026-05-24 06:30:00+12:00,2026-05-24 07:00:00+12:00,0,KWH,,2,actual
,2026-05-24 06:30:00+12:00,2026-05-24 07:00:00+12:00,1.114,KWH,,1,actual
,2026-05-24 07:00:00+12:00,2026-05-24 07:30:00+12:00,0.952,KWH,,1,actual
,2026-05-24 07:00:00+12:00,2026-05-24 07:30:00+12:00,0,KWH,,2,actual
,2026-05-24 07:30:00+12:00,2026-05-24 08:00:00+12:00,0.988,KWH,,1,actual
,2026-05-24 07:30:00+12:00,2026-05-24 08:00:00+12:00,0,KWH,,2,actual
,2026-05-24 08:00:00+12:00,2026-05-24 08:30:00+12:00,1.23,KWH,,1,actual
,2026-05-24 08:00:00+12:00,2026-05-24 08:30:00+12:00,0,KWH,,2,actual
,2026-05-24 08:30:00+12:00,2026-05-24 09:00:00+12:00,1.086,KWH,,2,actual
,2026-05-24 08:30:00+12:00,2026-05-24 09:00:00+12:00,1.604,KWH,,1,actual
,2026-05-24 09:00:00+12:00,2026-05-24 09:30:00+12:00,0.796,KWH,,2,actual
,2026-05-24 09:00:00+12:00,2026-05-24 09:30:00+12:00,0.872,KWH,,1,actual
,2026-05-24 09:30:00+12:00,2026-05-24 10:00:00+12:00,0,KWH,,2,actual
,2026-05-24 09:30:00+12:00,2026-05-24 10:00:00+12:00,1.055,KWH,,1,actual
,2026-05-24 10:00:00+12:00,2026-05-24 10:30:00+12:00,1.672,KWH,,1,actual
,2026-05-24 10:00:00+12:00,2026-05-24 10:30:00+12:00,0,KWH,,2,actual
,2026-05-24 10:30:00+12:00,2026-05-24 11:00:00+12:00,0,KWH,,2,actual
,2026-05-24 10:30:00+12:00,2026-05-24 11:00:00+12:00,0,KWH,,1,actual
,2026-05-24 11:00:00+12:00,2026-05-24 11:30:00+12:00,0.337,KWH,,1,actual
,2026-05-24 11:00:00+12:00,2026-05-24 11:30:00+12:00,0,KWH,,2,actual
,2026-05-24 11:30:00+12:00,2026-05-24 12:00:00+12:00,0.335,KWH,,1,actual
,2026-05-24 11:30:00+12:00,2026-05-24 12:00:00+12:00,0,KWH,,2,actual
,2026-05-24 12:00:00+12:00,2026-05-24 12:30:00+12:00,0,KWH,,2,actual
,2026-05-24 12:00:00+12:00,2026-05-24 12:30:00+12:00,0.197,KWH,,1,actual
,2026-05-24 12:30:00+12:00,2026-05-24 13:00:00+12:00,0.148,KWH,,1,actual
,2026-05-24 12:30:00+12:00,2026-05-24 13:00:00+12:00,0,KWH,,2,actual
,2026-05-24 13:00:00+12:00,2026-05-24 13:30:00+12:00,0,KWH,,2,actual
,2026-05-24 13:00:00+12:00,2026-05-24 13:30:00+12:00,0.114,KWH,,1,actual
,2026-05-24 13:30:00+12:00,2026-05-24 14:00:00+12:00,1.283,KWH,,2,actual
,2026-05-24 13:30:00+12:00,2026-05-24 14:00:00+12:00,0.275,KWH,,1,actual
,2026-05-24 14:00:00+12:00,2026-05-24 14:30:00+12:00,0.135,KWH,,1,actual
,2026-05-24 14:00:00+12:00,2026-05-24 14:30:00+12:00,0.478,KWH,,2,actual
,2026-05-24 14:30:00+12:00,2026-05-24 15:00:00+12:00,0,KWH,,2,actual
,2026-05-24 14:30:00+12:00,2026-05-24 15:00:00+12:00,0.164,KWH,,1,actual
,2026-05-24 15:00:00+12:00,2026-05-24 15:30:00+12:00,0.236,KWH,,1,actual
,2026-05-24 15:00:00+12:00,2026-05-24 15:30:00+12:00,0.008,KWH,,2,actual
,2026-05-24 15:30:00+12:00,2026-05-24 16:00:00+12:00,0.8,KWH,,1,actual
,2026-05-24 15:30:00+12:00,2026-05-24 16:00:00+12:00,1.493,KWH,,2,actual
,2026-05-24 16:00:00+12:00,2026-05-24 16:30:00+12:00,0.166,KWH,,2,actual
,2026-05-24 16:00:00+12:00,2026-05-24 16:30:00+12:00,0.233,KWH,,1,actual
,2026-05-24 16:30:00+12:00,2026-05-24 17:00:00+12:00,0,KWH,,2,actual
,2026-05-24 16:30:00+12:00,2026-05-24 17:00:00+12:00,0.791,KWH,,1,actual
,2026-05-24 17:00:00+12:00,2026-05-24 17:30:00+12:00,0.688,KWH,,1,actual
,2026-05-24 17:00:00+12:00,2026-05-24 17:30:00+12:00,0,KWH,,2,actual
,2026-05-24 17:30:00+12:00,2026-05-24 18:00:00+12:00,0,KWH,,2,actual
,2026-05-24 17:30:00+12:00,2026-05-24 18:00:00+12:00,1.251,KWH,,1,actual
,2026-05-24 18:00:00+12:00,2026-05-24 18:30:00+12:00,0,KWH,,2,actual
,2026-05-24 18:00:00+12:00,2026-05-24 18:30:00+12:00,1.333,KWH,,1,actual
,2026-05-24 18:30:00+12:00,2026-05-24 19:00:00+12:00,0.788,KWH,,1,actual
,2026-05-24 18:30:00+12:00,2026-05-24 19:00:00+12:00,0,KWH,,2,actual
,2026-05-24 19:00:00+12:00,2026-05-24 19:30:00+12:00,0.489,KWH,,1,actual
,2026-05-24 19:00:00+12:00,2026-05-24 19:30:00+12:00,0.022,KWH,,2,actual
,2026-05-24 19:30:00+12:00,2026-05-24 20:00:00+12:00,0.389,KWH,,1,actual
,2026-05-24 19:30:00+12:00,2026-05-24 20:00:00+12:00,1.488,KWH,,2,actual
,2026-05-24 20:00:00+12:00,2026-05-24 20:30:00+12:00,0.426,KWH,,1,actual
,2026-05-24 20:00:00+12:00,2026-05-24 20:30:00+12:00,0,KWH,,2,actual
,2026-05-24 20:30:00+12:00,2026-05-24 21:00:00+12:00,0.436,KWH,,1,actual
,2026-05-24 20:30:00+12:00,2026-05-24 21:00:00+12:00,0,KWH,,2,actual
,2026-05-24 21:00:00+12:00,2026-05-24 21:30:00+12:00,0.401,KWH,,1,actual
,2026-05-24 21:00:00+12:00,2026-05-24 21:30:00+12:00,0,KWH,,2,actual
,2026-05-24 21:30:00+12:00,2026-05-24 22:00:00+12:00,0,KWH,,2,actual
,2026-05-24 21:30:00+12:00,2026-05-24 22:00:00+12:00,0.458,KWH,,1,actual
,2026-05-24 22:00:00+12:00,2026-05-24 22:30:00+12:00,1.229,KWH,,2,actual
,2026-05-24 22:00:00+12:00,2026-05-24 22:30:00+12:00,0.28,KWH,,1,actual
,2026-05-24 22:30:00+12:00,2026-05-24 23:00:00+12:00,1.513,KWH,,2,actual
,2026-05-24 22:30:00+12:00,2026-05-24 23:00:00+12:00,1.419,KWH,,1,actual
,2026-05-24 23:00:00+12:00,2026-05-24 23:30:00+12:00,1.52,KWH,,2,actual
,2026-05-24 23:00:00+12:00,2026-05-24 23:30:00+12:00,1.074,KWH,,1,actual
,2026-05-24 23:30:00+12:00,2026-05-25 00:00:00+12:00,1.278,KWH,,1,actual
,2026-05-24 23:30:00+12:00,2026-05-25 00:00:00+12:00,1.525,KWH,,2,actual
,2026-05-25 00:00:00+12:00,2026-05-25 00:30:00+12:00,0.805,KWH,,1,actual
,2026-05-25 00:00:00+12:00,2026-05-25 00:30:00+12:00,1.539,KWH,,2,actual
,2026-05-25 00:30:00+12:00,2026-05-25 01:00:00+12:00,1.553,KWH,,2,actual
,2026-05-25 00:30:00+12:00,2026-05-25 01:00:00+12:00,0.477,KWH,,1,actual
,2026-05-25 01:00:00+12:00,2026-05-25 01:30:00+12:00,1.564,KWH,,2,actual
,2026-05-25 01:00:00+12:00,2026-05-25 01:30:00+12:00,0.548,KWH,,1,actual
,2026-05-25 01:30:00+12:00,2026-05-25 02:00:00+12:00,0.617,KWH,,1,actual
,2026-05-25 01:30:00+12:00,2026-05-25 02:00:00+12:00,0.995,KWH,,2,actual
,2026-05-25 02:00:00+12:00,2026-05-25 02:30:00+12:00,0,KWH,,2,actual
,2026-05-25 02:00:00+12:00,2026-05-25 02:30:00+12:00,0.607,KWH,,1,actual
,2026-05-25 02:30:00+12:00,2026-05-25 03:00:00+12:00,0.623,KWH,,1,actual
,2026-05-25 02:30:00+12:00,2026-05-25 03:00:00+12:00,0,KWH,,2,actual
,2026-05-25 03:00:00+12:00,2026-05-25 03:30:00+12:00,0.717,KWH,,1,actual
,2026-05-25 03:00:00+12:00,2026-05-25 03:30:00+12:00,0,KWH,,2,actual
,2026-05-25 03:30:00+12:00,2026-05-25 04:00:00+12:00,0,KWH,,2,actual
,2026-05-25 03:30:00+12:00,2026-05-25 04:00:00+12:00,0.722,KWH,,1,actual
,2026-05-25 04:00:00+12:00,2026-05-25 04:30:00+12:00,0.789,KWH,,1,actual
,2026-05-25 04:00:00+12:00,2026-05-25 04:30:00+12:00,0,KWH,,2,actual
,2026-05-25 04:30:00+12:00,2026-05-25 05:00:00+12:00,0,KWH,,2,actual
,2026-05-25 04:30:00+12:00,2026-05-25 05:00:00+12:00,0.724,KWH,,1,actual
,2026-05-25 05:00:00+12:00,2026-05-25 05:30:00+12:00,0,KWH,,2,actual
,2026-05-25 05:00:00+12:00,2026-05-25 05:30:00+12:00,0.755,KWH,,1,actual
,2026-05-25 05:30:00+12:00,2026-05-25 06:00:00+12:00,0.812,KWH,,1,actual
,2026-05-25 05:30:00+12:00,2026-05-25 06:00:00+12:00,0,KWH,,2,actual
,2026-05-25 06:00:00+12:00,2026-05-25 06:30:00+12:00,1.298,KWH,,1,actual
,2026-05-25 06:00:00+12:00,2026-05-25 06:30:00+12:00,0,KWH,,2,actual
,2026-05-25 06:30:00+12:00,2026-05-25 07:00:00+12:00,1.189,KWH,,1,actual
,2026-05-25 06:30:00+12:00,2026-05-25 07:00:00+12:00,0,KWH,,2,actual
,2026-05-25 07:00:00+12:00,2026-05-25 07:30:00+12:00,0,KWH,,2,actual
,2026-05-25 07:00:00+12:00,2026-05-25 07:30:00+12:00,1.104,KWH,,1,actual
,2026-05-25 07:30:00+12:00,2026-05-25 08:00:00+12:00,0,KWH,,2,actual
,2026-05-25 07:30:00+12:00,2026-05-25 08:00:00+12:00,1.622,KWH,,1,actual
,2026-05-25 08:00:00+12:00,2026-05-25 08:30:00+12:00,0,KWH,,2,actual
,2026-05-25 08:00:00+12:00,2026-05-25 08:30:00+12:00,2.002,KWH,,1,actual
,2026-05-25 08:30:00+12:00,2026-05-25 09:00:00+12:00,1.591,KWH,,1,actual
,2026-05-25 08:30:00+12:00,2026-05-25 09:00:00+12:00,1.312,KWH,,2,actual
,2026-05-25 09:00:00+12:00,2026-05-25 09:30:00+12:00,0.942,KWH,,1,actual
,2026-05-25 09:00:00+12:00,2026-05-25 09:30:00+12:00,0.577,KWH,,2,actual
,2026-05-25 09:30:00+12:00,2026-05-25 10:00:00+12:00,0.458,KWH,,1,actual
,2026-05-25 09:30:00+12:00,2026-05-25 10:00:00+12:00,0,KWH,,2,actual
,2026-05-25 10:00:00+12:00,2026-05-25 10:30:00+12:00,0,KWH,,2,actual
,2026-05-25 10:00:00+12:00,2026-05-25 10:30:00+12:00,0.513,KWH,,1,actual
,2026-05-25 10:30:00+12:00,2026-05-25 11:00:00+12:00,0.486,KWH,,1,actual
,2026-05-25 10:30:00+12:00,2026-05-25 11:00:00+12:00,0,KWH,,2,actual
,2026-05-25 11:00:00+12:00,2026-05-25 11:30:00+12:00,0,KWH,,2,actual
,2026-05-25 11:00:00+12:00,2026-05-25 11:30:00+12:00,0.482,KWH,,1,actual
,2026-05-25 11:30:00+12:00,2026-05-25 12:00:00+12:00,0,KWH,,2,actual
,2026-05-25 11:30:00+12:00,2026-05-25 12:00:00+12:00,0.465,KWH,,1,actual
,2026-05-25 12:00:00+12:00,2026-05-25 12:30:00+12:00,0,KWH,,2,actual
,2026-05-25 12:00:00+12:00,2026-05-25 12:30:00+12:00,0.764,KWH,,1,actual
,2026-05-25 12:30:00+12:00,2026-05-25 13:00:00+12:00,2.29,KWH,,1,actual
,2026-05-25 12:30:00+12:00,2026-05-25 13:00:00+12:00,0,KWH,,2,actual
,2026-05-25 13:00:00+12:00,2026-05-25 13:30:00+12:00,0,KWH,,2,actual
,2026-05-25 13:00:00+12:00,2026-05-25 13:30:00+12:00,2.468,KWH,,1,actual
,2026-05-25 13:30:00+12:00,2026-05-25 14:00:00+12:00,0,KWH,,2,actual
,2026-05-25 13:30:00+12:00,2026-05-25 14:00:00+12:00,1.528,KWH,,1,actual
,2026-05-25 14:00:00+12:00,2026-05-25 14:30:00+12:00,0.652,KWH,,1,actual
,2026-05-25 14:00:00+12:00,2026-05-25 14:30:00+12:00,0,KWH,,2,actual
,2026-05-25 14:30:00+12:00,2026-05-25 15:00:00+12:00,0,KWH,,2,actual
,2026-05-25 14:30:00+12:00,2026-05-25 15:00:00+12:00,0.868,KWH,,1,actual
,2026-05-25 15:00:00+12:00,2026-05-25 15:30:00+12:00,1.575,KWH,,1,actual
,2026-05-25 15:00:00+12:00,2026-05-25 15:30:00+12:00,0,KWH,,2,actual
,2026-05-25 15:30:00+12:00,2026-05-25 16:00:00+12:00,2.863,KWH,,1,actual
,2026-05-25 15:30:00+12:00,2026-05-25 16:00:00+12:00,0.876,KWH,,2,actual
,2026-05-25 16:00:00+12:00,2026-05-25 16:30:00+12:00,0.69,KWH,,2,actual
,2026-05-25 16:00:00+12:00,2026-05-25 16:30:00+12:00,1.599,KWH,,1,actual
,2026-05-25 16:30:00+12:00,2026-05-25 17:00:00+12:00,0,KWH,,2,actual
,2026-05-25 16:30:00+12:00,2026-05-25 17:00:00+12:00,0.898,KWH,,1,actual
,2026-05-25 17:00:00+12:00,2026-05-25 17:30:00+12:00,0.885,KWH,,1,actual
,2026-05-25 17:00:00+12:00,2026-05-25 17:30:00+12:00,0,KWH,,2,actual
,2026-05-25 17:30:00+12:00,2026-05-25 18:00:00+12:00,0,KWH,,2,actual
,2026-05-25 17:30:00+12:00,2026-05-25 18:00:00+12:00,1.516,KWH,,1,actual
,2026-05-25 18:00:00+12:00,2026-05-25 18:30:00+12:00,0,KWH,,2,actual
,2026-05-25 18:00:00+12:00,2026-05-25 18:30:00+12:00,3.824,KWH,,1,actual
,2026-05-25 18:30:00+12:00,2026-05-25 19:00:00+12:00,2.78,KWH,,1,actual
,2026-05-25 18:30:00+12:00,2026-05-25 19:00:00+12:00,0,KWH,,2,actual
,2026-05-25 19:00:00+12:00,2026-05-25 19:30:00+12:00,3.114,KWH,,1,actual
,2026-05-25 19:00:00+12:00,2026-05-25 19:30:00+12:00,0.898,KWH,,2,actual
,2026-05-25 19:30:00+12:00,2026-05-25 20:00:00+12:00,3.048,KWH,,1,actual
,2026-05-25 19:30:00+12:00,2026-05-25 20:00:00+12:00,0.65,KWH,,2,actual
,2026-05-25 20:00:00+12:00,2026-05-25 20:30:00+12:00,1.622,KWH,,1,actual
,2026-05-25 20:00:00+12:00,2026-05-25 20:30:00+12:00,0,KWH,,2,actual
,2026-05-25 20:30:00+12:00,2026-05-25 21:00:00+12:00,2.102,KWH,,1,actual
,2026-05-25 20:30:00+12:00,2026-05-25 21:00:00+12:00,0,KWH,,2,actual
,2026-05-25 21:00:00+12:00,2026-05-25 21:30:00+12:00,1.131,KWH,,1,actual
,2026-05-25 21:00:00+12:00,2026-05-25 21:30:00+12:00,0,KWH,,2,actual
,2026-05-25 21:30:00+12:00,2026-05-25 22:00:00+12:00,0,KWH,,2,actual
,2026-05-25 21:30:00+12:00,2026-05-25 22:00:00+12:00,1.001,KWH,,1,actual
,2026-05-25 22:00:00+12:00,2026-05-25 22:30:00+12:00,0,KWH,,2,actual
,2026-05-25 22:00:00+12:00,2026-05-25 22:30:00+12:00,0.677,KWH,,1,actual
,2026-05-25 22:30:00+12:00,2026-05-25 23:00:00+12:00,0.729,KWH,,2,actual
,2026-05-25 22:30:00+12:00,2026-05-25 23:00:00+12:00,2.121,KWH,,1,actual
,2026-05-25 23:00:00+12:00,2026-05-25 23:30:00+12:00,1.498,KWH,,2,actual
,2026-05-25 23:00:00+12:00,2026-05-25 23:30:00+12:00,2.821,KWH,,1,actual
,2026-05-25 23:30:00+12:00,2026-05-26 00:00:00+12:00,2.236,KWH,,1,actual
,2026-05-25 23:30:00+12:00,2026-05-26 00:00:00+12:00,0.218,KWH,,2,actual
,2026-05-26 00:00:00+12:00,2026-05-26 00:30:00+12:00,2.488,KWH,,1,actual
,2026-05-26 00:00:00+12:00,2026-05-26 00:30:00+12:00,0,KWH,,2,actual
,2026-05-26 00:30:00+12:00,2026-05-26 01:00:00+12:00,0,KWH,,2,actual
,2026-05-26 00:30:00+12:00,2026-05-26 01:00:00+12:00,2.301,KWH,,1,actual
,2026-05-26 01:00:00+12:00,2026-05-26 01:30:00+12:00,0,KWH,,2,actual
,2026-05-26 01:00:00+12:00,2026-05-26 01:30:00+12:00,2.012,KWH,,1,actual
,2026-05-26 01:30:00+12:00,2026-05-26 02:00:00+12:00,2.046,KWH,,1,actual
,2026-05-26 01:30:00+12:00,2026-05-26 02:00:00+12:00,0,KWH,,2,actual
,2026-05-26 02:00:00+12:00,2026-05-26 02:30:00+12:00,0,KWH,,2,actual
,2026-05-26 02:00:00+12:00,2026-05-26 02:30:00+12:00,2.046,KWH,,1,actual
,2026-05-26 02:30:00+12:00,2026-05-26 03:00:00+12:00,2.065,KWH,,1,actual
,2026-05-26 02:30:00+12:00,2026-05-26 03:00:00+12:00,0,KWH,,2,actual
,2026-05-26 03:00:00+12:00,2026-05-26 03:30:00+12:00,2.036,KWH,,1,actual
,2026-05-26 03:00:00+12:00,2026-05-26 03:30:00+12:00,0,KWH,,2,actual
,2026-05-26 03:30:00+12:00,2026-05-26 04:00:00+12:00,0,KWH,,2,actual
,2026-05-26 03:30:00+12:00,2026-05-26 04:00:00+12:00,2.084,KWH,,1,actual
,2026-05-26 04:00:00+12:00,2026-05-26 04:30:00+12:00,1.833,KWH,,1,actual
,2026-05-26 04:00:00+12:00,2026-05-26 04:30:00+12:00,0,KWH,,2,actual
,2026-05-26 04:30:00+12:00,2026-05-26 05:00:00+12:00,0,KWH,,2,actual
,2026-05-26 04:30:00+12:00,2026-05-26 05:00:00+12:00,0.814,KWH,,1,actual
,2026-05-26 05:00:00+12:00,2026-05-26 05:30:00+12:00,0,KWH,,2,actual
,2026-05-26 05:00:00+12:00,2026-05-26 05:30:00+12:00,0.485,KWH,,1,actual
,2026-05-26 05:30:00+12:00,2026-05-26 06:00:00+12:00,0.738,KWH,,1,actual
,2026-05-26 05:30:00+12:00,2026-05-26 06:00:00+12:00,0,KWH,,2,actual
,2026-05-26 06:00:00+12:00,2026-05-26 06:30:00+12:00,1.134,KWH,,1,actual
,2026-05-26 06:00:00+12:00,2026-05-26 06:30:00+12:00,0,KWH,,2,actual
,2026-05-26 06:30:00+12:00,2026-05-26 07:00:00+12:00,1.008,KWH,,1,actual
,2026-05-26 06:30:00+12:00,2026-05-26 07:00:00+12:00,0,KWH,,2,actual
,2026-05-26 07:00:00+12:00,2026-05-26 07:30:00+12:00,0,KWH,,2,actual
,2026-05-26 07:00:00+12:00,2026-05-26 07:30:00+12:00,0.791,KWH,,1,actual
,2026-05-26 07:30:00+12:00,2026-05-26 08:00:00+12:00,0.531,KWH,,2,actual
,2026-05-26 07:30:00+12:00,2026-05-26 08:00:00+12:00,0.897,KWH,,1,actual
,2026-05-26 08:00:00+12:00,2026-05-26 08:30:00+12:00,1.187,KWH,,2,actual
,2026-05-26 08:00:00+12:00,2026-05-26 08:30:00+12:00,0.968,KWH,,1,actual
,2026-05-26 08:30:00+12:00,2026-05-26 09:00:00+12:00,0.869,KWH,,1,actual
,2026-05-26 08:30:00+12:00,2026-05-26 09:00:00+12:00,0,KWH,,2,actual
,2026-05-26 09:00:00+12:00,2026-05-26 09:30:00+12:00,0.598,KWH,,1,actual
,2026-05-26 09:00:00+12:00,2026-05-26 09:30:00+12:00,0,KWH,,2,actual
,2026-05-26 09:30:00+12:00,2026-05-26 10:00:00+12:00,0.658,KWH,,1,actual
,2026-05-26 09:30:00+12:00,2026-05-26 10:00:00+12:00,0,KWH,,2,actual
,2026-05-26 10:00:00+12:00,2026-05-26 10:30:00+12:00,0,KWH,,2,actual
,2026-05-26 10:00:00+12:00,2026-05-26 10:30:00+12:00,0.596,KWH,,1,actual
,2026-05-26 10:30:00+12:00,2026-05-26 11:00:00+12:00,0.539,KWH,,1,actual
,2026-05-26 10:30:00+12:00,2026-05-26 11:00:00+12:00,0,KWH,,2,actual
,2026-05-26 11:00:00+12:00,2026-05-26 11:30:00+12:00,0,KWH,,2,actual
,2026-05-26 11:00:00+12:00,2026-05-26 11:30:00+12:00,0.529,KWH,,1,actual
,2026-05-26 11:30:00+12:00,2026-05-26 12:00:00+12:00,0,KWH,,2,actual
,2026-05-26 11:30:00+12:00,2026-05-26 12:00:00+12:00,0.528,KWH,,1,actual
,2026-05-26 12:00:00+12:00,2026-05-26 12:30:00+12:00,0,KWH,,2,actual
,2026-05-26 12:00:00+12:00,2026-05-26 12:30:00+12:00,0.524,KWH,,1,actual
,2026-05-26 12:30:00+12:00,2026-05-26 13:00:00+12:00,0.525,KWH,,1,actual
,2026-05-26 12:30:00+12:00,2026-05-26 13:00:00+12:00,0,KWH,,2,actual
,2026-05-26 13:00:00+12:00,2026-05-26 13:30:00+12:00,0,KWH,,2,actual
,2026-05-26 13:00:00+12:00,2026-05-26 13:30:00+12:00,0.53,KWH,,1,actual
,2026-05-26 13:30:00+12:00,2026-05-26 14:00:00+12:00,0,KWH,,2,actual
,2026-05-26 13:30:00+12:00,2026-05-26 14:00:00+12:00,0.247,KWH,,1,actual
,2026-05-26 14:00:00+12:00,2026-05-26 14:30:00+12:00,0.214,KWH,,1,actual
,2026-05-26 14:00:00+12:00,2026-05-26 14:30:00+12:00,0.76,KWH,,2,actual
,2026-05-26 14:30:00+12:00,2026-05-26 15:00:00+12:00,0.611,KWH,,2,actual
,2026-05-26 14:30:00+12:00,2026-05-26 15:00:00+12:00,0.209,KWH,,1,actual
,2026-05-26 15:00:00+12:00,2026-05-26 15:30:00+12:00,0.249,KWH,,1,actual
,2026-05-26 15:00:00+12:00,2026-05-26 15:30:00+12:00,0,KWH,,2,actual
,2026-05-26 15:30:00+12:00,2026-05-26 16:00:00+12:00,0.244,KWH,,1,actual
,2026-05-26 15:30:00+12:00,2026-05-26 16:00:00+12:00,0,KWH,,2,actual
,2026-05-26 16:00:00+12:00,2026-05-26 16:30:00+12:00,0,KWH,,2,actual
,2026-05-26 16:00:00+12:00,2026-05-26 16:30:00+12:00,0.674,KWH,,1,actual
,2026-05-26 16:30:00+12:00,2026-05-26 17:00:00+12:00,0,KWH,,2,actual
,2026-05-26 16:30:00+12:00,2026-05-26 17:00:00+12:00,1.372,KWH,,1,actual
,2026-05-26 17:00:00+12:00,2026-05-26 17:30:00+12:00,1.688,KWH,,1,actual
,2026-05-26 17:00:00+12:00,2026-05-26 17:30:00+12:00,0,KWH,,2,actual
,2026-05-26 17:30:00+12:00,2026-05-26 18:00:00+12:00,0,KWH,,2,actual
,2026-05-26 17:30:00+12:00,2026-05-26 18:00:00+12:00,0.927,KWH,,1,actual
,2026-05-26 18:00:00+12:00,2026-05-26 18:30:00+12:00,0,KWH,,2,actual
,2026-05-26 18:00:00+12:00,2026-05-26 18:30:00+12:00,0.786,KWH,,1,actual
,2026-05-26 18:30:00+12:00,2026-05-26 19:00:00+12:00,0.445,KWH,,1,actual
,2026-05-26 18:30:00+12:00,2026-05-26 19:00:00+12:00,0.969,KWH,,2,actual
,2026-05-26 19:00:00+12:00,2026-05-26 19:30:00+12:00,0.283,KWH,,1,actual
,2026-05-26 19:00:00+12:00,2026-05-26 19:30:00+12:00,1.145,KWH,,2,actual
,2026-05-26 19:30:00+12:00,2026-05-26 20:00:00+12:00,0.199,KWH,,1,actual
,2026-05-26 19:30:00+12:00,2026-05-26 20:00:00+12:00,1.513,KWH,,2,actual
,2026-05-26 20:00:00+12:00,2026-05-26 20:30:00+12:00,0.662,KWH,,1,actual
,2026-05-26 20:00:00+12:00,2026-05-26 20:30:00+12:00,1.519,KWH,,2,actual
,2026-05-26 20:30:00+12:00,2026-05-26 21:00:00+12:00,0.825,KWH,,1,actual
,2026-05-26 20:30:00+12:00,2026-05-26 21:00:00+12:00,1.522,KWH,,2,actual
,2026-05-26 21:00:00+12:00,2026-05-26 21:30:00+12:00,1.029,KWH,,1,actual
,2026-05-26 21:00:00+12:00,2026-05-26 21:30:00+12:00,1.54,KWH,,2,actual
,2026-05-26 21:30:00+12:00,2026-05-26 22:00:00+12:00,1.524,KWH,,2,actual
,2026-05-26 21:30:00+12:00,2026-05-26 22:00:00+12:00,1.365,KWH,,1,actual
,2026-05-26 22:00:00+12:00,2026-05-26 22:30:00+12:00,1.504,KWH,,2,actual
,2026-05-26 22:00:00+12:00,2026-05-26 22:30:00+12:00,2.812,KWH,,1,actual
,2026-05-26 22:30:00+12:00,2026-05-26 23:00:00+12:00,1.536,KWH,,2,actual
,2026-05-26 22:30:00+12:00,2026-05-26 23:00:00+12:00,2.118,KWH,,1,actual
,2026-05-26 23:00:00+12:00,2026-05-26 23:30:00+12:00,1.54,KWH,,2,actual
,2026-05-26 23:00:00+12:00,2026-05-26 23:30:00+12:00,1.713,KWH,,1,actual
,2026-05-26 23:30:00+12:00,2026-05-27 00:00:00+12:00,0.212,KWH,,1,actual
,2026-05-26 23:30:00+12:00,2026-05-27 00:00:00+12:00,1.08,KWH,,2,actual
,2026-05-27 00:00:00+12:00,2026-05-27 00:30:00+12:00,0.192,KWH,,1,actual
,2026-05-27 00:00:00+12:00,2026-05-27 00:30:00+12:00,0,KWH,,2,actual
,2026-05-27 00:30:00+12:00,2026-05-27 01:00:00+12:00,0,KWH,,2,actual
,2026-05-27 00:30:00+12:00,2026-05-27 01:00:00+12:00,0.19,KWH,,1,actual
,2026-05-27 01:00:00+12:00,2026-05-27 01:30:00+12:00,0,KWH,,2,actual
,2026-05-27 01:00:00+12:00,2026-05-27 01:30:00+12:00,0.214,KWH,,1,actual
,2026-05-27 01:30:00+12:00,2026-05-27 02:00:00+12:00,0.215,KWH,,1,actual
,2026-05-27 01:30:00+12:00,2026-05-27 02:00:00+12:00,0,KWH,,2,actual
,2026-05-27 02:00:00+12:00,2026-05-27 02:30:00+12:00,0,KWH,,2,actual
,2026-05-27 02:00:00+12:00,2026-05-27 02:30:00+12:00,0.233,KWH,,1,actual
,2026-05-27 02:30:00+12:00,2026-05-27 03:00:00+12:00,0.25,KWH,,1,actual
,2026-05-27 02:30:00+12:00,2026-05-27 03:00:00+12:00,0,KWH,,2,actual
,2026-05-27 03:00:00+12:00,2026-05-27 03:30:00+12:00,0.281,KWH,,1,actual
,2026-05-27 03:00:00+12:00,2026-05-27 03:30:00+12:00,0,KWH,,2,actual
,2026-05-27 03:30:00+12:00,2026-05-27 04:00:00+12:00,0,KWH,,2,actual
,2026-05-27 03:30:00+12:00,2026-05-27 04:00:00+12:00,0.32,KWH,,1,actual
,2026-05-27 04:00:00+12:00,2026-05-27 04:30:00+12:00,0.3,KWH,,1,actual
,2026-05-27 04:00:00+12:00,2026-05-27 04:30:00+12:00,0,KWH,,2,actual
,2026-05-27 04:30:00+12:00,2026-05-27 05:00:00+12:00,0,KWH,,2,actual
,2026-05-27 04:30:00+12:00,2026-05-27 05:00:00+12:00,0.29,KWH,,1,actual
,2026-05-27 05:00:00+12:00,2026-05-27 05:30:00+12:00,0,KWH,,2,actual
,2026-05-27 05:00:00+12:00,2026-05-27 05:30:00+12:00,0.332,KWH,,1,actual
,2026-05-27 05:30:00+12:00,2026-05-27 06:00:00+12:00,0.764,KWH,,1,actual
,2026-05-27 05:30:00+12:00,2026-05-27 06:00:00+12:00,0,KWH,,2,actual
,2026-05-27 06:00:00+12:00,2026-05-27 06:30:00+12:00,1.134,KWH,,1,actual
,2026-05-27 06:00:00+12:00,2026-05-27 06:30:00+12:00,0,KWH,,2,actual
,2026-05-27 06:30:00+12:00,2026-05-27 07:00:00+12:00,1.071,KWH,,1,actual
,2026-05-27 06:30:00+12:00,2026-05-27 07:00:00+12:00,0,KWH,,2,actual
,2026-05-27 07:00:00+12:00,2026-05-27 07:30:00+12:00,0,KWH,,2,actual
,2026-05-27 07:00:00+12:00,2026-05-27 07:30:00+12:00,1.273,KWH,,1,actual
,2026-05-27 07:30:00+12:00,2026-05-27 08:00:00+12:00,0,KWH,,2,actual
,2026-05-27 07:30:00+12:00,2026-05-27 08:00:00+12:00,1.149,KWH,,1,actual
,2026-05-27 08:00:00+12:00,2026-05-27 08:30:00+12:00,0.863,KWH,,2,actual
,2026-05-27 08:00:00+12:00,2026-05-27 08:30:00+12:00,1.126,KWH,,1,actual
,2026-05-27 08:30:00+12:00,2026-05-27 09:00:00+12:00,1.385,KWH,,1,actual
,2026-05-27 08:30:00+12:00,2026-05-27 09:00:00+12:00,0.855,KWH,,2,actual
,2026-05-27 09:00:00+12:00,2026-05-27 09:30:00+12:00,0.833,KWH,,1,actual
,2026-05-27 09:00:00+12:00,2026-05-27 09:30:00+12:00,0,KWH,,2,actual
,2026-05-27 09:30:00+12:00,2026-05-27 10:00:00+12:00,0.815,KWH,,1,actual
,2026-05-27 09:30:00+12:00,2026-05-27 10:00:00+12:00,0,KWH,,2,actual
,2026-05-27 10:00:00+12:00,2026-05-27 10:30:00+12:00,0,KWH,,2,actual
,2026-05-27 10:00:00+12:00,2026-05-27 10:30:00+12:00,0.761,KWH,,1,actual
,2026-05-27 10:30:00+12:00,2026-05-27 11:00:00+12:00,0.759,KWH,,1,actual
,2026-05-27 10:30:00+12:00,2026-05-27 11:00:00+12:00,0,KWH,,2,actual
,2026-05-27 11:00:00+12:00,2026-05-27 11:30:00+12:00,0,KWH,,2,actual
,2026-05-27 11:00:00+12:00,2026-05-27 11:30:00+12:00,0.695,KWH,,1,actual
,2026-05-27 11:30:00+12:00,2026-05-27 12:00:00+12:00,0,KWH,,2,actual
,2026-05-27 11:30:00+12:00,2026-05-27 12:00:00+12:00,0.294,KWH,,1,actual
,2026-05-27 12:00:00+12:00,2026-05-27 12:30:00+12:00,0.213,KWH,,1,actual
,2026-05-27 12:00:00+12:00,2026-05-27 12:30:00+12:00,0,KWH,,2,actual
,2026-05-27 12:30:00+12:00,2026-05-27 13:00:00+12:00,0,KWH,,2,actual
,2026-05-27 12:30:00+12:00,2026-05-27 13:00:00+12:00,0.117,KWH,,1,actual
,2026-05-27 13:00:00+12:00,2026-05-27 13:30:00+12:00,0.124,KWH,,1,actual
,2026-05-27 13:00:00+12:00,2026-05-27 13:30:00+12:00,1.43,KWH,,2,actual
,2026-05-27 13:30:00+12:00,2026-05-27 14:00:00+12:00,0.102,KWH,,1,actual
,2026-05-27 13:30:00+12:00,2026-05-27 14:00:00+12:00,0.237,KWH,,2,actual
,2026-05-27 14:00:00+12:00,2026-05-27 14:30:00+12:00,0,KWH,,2,actual
,2026-05-27 14:00:00+12:00,2026-05-27 14:30:00+12:00,0.166,KWH,,1,actual
,2026-05-27 14:30:00+12:00,2026-05-27 15:00:00+12:00,0.137,KWH,,1,actual
,2026-05-27 14:30:00+12:00,2026-05-27 15:00:00+12:00,0,KWH,,2,actual
,2026-05-27 15:00:00+12:00,2026-05-27 15:30:00+12:00,0,KWH,,2,actual
,2026-05-27 15:00:00+12:00,2026-05-27 15:30:00+12:00,0.215,KWH,,1,actual
,2026-05-27 15:30:00+12:00,2026-05-27 16:00:00+12:00,0,KWH,,2,actual
,2026-05-27 15:30:00+12:00,2026-05-27 16:00:00+12:00,0.542,KWH,,1,actual
,2026-05-27 16:00:00+12:00,2026-05-27 16:30:00+12:00,0.654,KWH,,1,actual
,2026-05-27 16:00:00+12:00,2026-05-27 16:30:00+12:00,0,KWH,,2,actual
,2026-05-27 16:30:00+12:00,2026-05-27 17:00:00+12:00,0.759,KWH,,1,actual
,2026-05-27 16:30:00+12:00,2026-05-27 17:00:00+12:00,0,KWH,,2,actual
,2026-05-27 17:00:00+12:00,2026-05-27 17:30:00+12:00,0.556,KWH,,2,actual
,2026-05-27 17:00:00+12:00,2026-05-27 17:30:00+12:00,1.292,KWH,,1,actual
,2026-05-27 17:30:00+12:00,2026-05-27 18:00:00+12:00,0.252,KWH,,1,actual
,2026-05-27 17:30:00+12:00,2026-05-27 18:00:00+12:00,1.522,KWH,,2,actual
,2026-05-27 18:00:00+12:00,2026-05-27 18:30:00+12:00,0.474,KWH,,1,actual
,2026-05-27 18:00:00+12:00,2026-05-27 18:30:00+12:00,0.173,KWH,,2,actual
,2026-05-27 18:30:00+12:00,2026-05-27 19:00:00+12:00,1.152,KWH,,2,actual
,2026-05-27 18:30:00+12:00,2026-05-27 19:00:00+12:00,0.336,KWH,,1,actual
,2026-05-27 19:00:00+12:00,2026-05-27 19:30:00+12:00,1.517,KWH,,2,actual
,2026-05-27 19:00:00+12:00,2026-05-27 19:30:00+12:00,0.262,KWH,,1,actual
,2026-05-27 19:30:00+12:00,2026-05-27 20:00:00+12:00,0.553,KWH,,2,actual
,2026-05-27 19:30:00+12:00,2026-05-27 20:00:00+12:00,0.241,KWH,,1,actual
,2026-05-27 20:00:00+12:00,2026-05-27 20:30:00+12:00,0,KWH,,2,actual
,2026-05-27 20:00:00+12:00,2026-05-27 20:30:00+12:00,0.208,KWH,,1,actual
,2026-05-27 20:30:00+12:00,2026-05-27 21:00:00+12:00,0,KWH,,2,actual
,2026-05-27 20:30:00+12:00,2026-05-27 21:00:00+12:00,0.265,KWH,,1,actual
,2026-05-27 21:00:00+12:00,2026-05-27 21:30:00+12:00,0,KWH,,2,actual
,2026-05-27 21:00:00+12:00,2026-05-27 21:30:00+12:00,0.269,KWH,,1,actual
,2026-05-27 21:30:00+12:00,2026-05-27 22:00:00+12:00,0.953,KWH,,1,actual
,2026-05-27 21:30:00+12:00,2026-05-27 22:00:00+12:00,0,KWH,,2,actual
,2026-05-27 22:00:00+12:00,2026-05-27 22:30:00+12:00,0.949,KWH,,1,actual
,2026-05-27 22:00:00+12:00,2026-05-27 22:30:00+12:00,0.146,KWH,,2,actual
,2026-05-27 22:30:00+12:00,2026-05-27 23:00:00+12:00,0.947,KWH,,1,actual
,2026-05-27 22:30:00+12:00,2026-05-27 23:00:00+12:00,1.519,KWH,,2,actual
,2026-05-27 23:00:00+12:00,2026-05-27 23:30:00+12:00,0.547,KWH,,1,actual
,2026-05-27 23:00:00+12:00,2026-05-27 23:30:00+12:00,0.696,KWH,,2,actual
,2026-05-27 23:30:00+12:00,2026-05-28 00:00:00+12:00,1.537,KWH,,2,actual
,2026-05-27 23:30:00+12:00,2026-05-28 00:00:00+12:00,0.533,KWH,,1,actual
,2026-05-28 00:00:00+12:00,2026-05-28 00:30:00+12:00,1.534,KWH,,2,actual
,2026-05-28 00:00:00+12:00,2026-05-28 00:30:00+12:00,0.783,KWH,,1,actual
,2026-05-28 00:30:00+12:00,2026-05-28 01:00:00+12:00,0.206,KWH,,1,actual
,2026-05-28 00:30:00+12:00,2026-05-28 01:00:00+12:00,0.242,KWH,,2,actual
,2026-05-28 01:00:00+12:00,2026-05-28 01:30:00+12:00,0.241,KWH,,1,actual
,2026-05-28 01:00:00+12:00,2026-05-28 01:30:00+12:00,0,KWH,,2,actual
,2026-05-28 01:30:00+12:00,2026-05-28 02:00:00+12:00,0,KWH,,2,actual
,2026-05-28 01:30:00+12:00,2026-05-28 02:00:00+12:00,0.217,KWH,,1,actual
,2026-05-28 02:00:00+12:00,2026-05-28 02:30:00+12:00,0.211,KWH,,1,actual
,2026-05-28 02:00:00+12:00,2026-05-28 02:30:00+12:00,0,KWH,,2,actual
,2026-05-28 02:30:00+12:00,2026-05-28 03:00:00+12:00,0,KWH,,2,actual
,2026-05-28 02:30:00+12:00,2026-05-28 03:00:00+12:00,0.224,KWH,,1,actual
,2026-05-28 03:00:00+12:00,2026-05-28 03:30:00+12:00,0,KWH,,2,actual
,2026-05-28 03:00:00+12:00,2026-05-28 03:30:00+12:00,0.198,KWH,,1,actual
,2026-05-28 03:30:00+12:00,2026-05-28 04:00:00+12:00,0.211,KWH,,1,actual
,2026-05-28 03:30:00+12:00,2026-05-28 04:00:00+12:00,0,KWH,,2,actual
,2026-05-28 04:00:00+12:00,2026-05-28 04:30:00+12:00,0,KWH,,2,actual
,2026-05-28 04:00:00+12:00,2026-05-28 04:30:00+12:00,0.184,KWH,,1,actual
,2026-05-28 04:30:00+12:00,2026-05-28 05:00:00+12:00,0.157,KWH,,1,actual
,2026-05-28 04:30:00+12:00,2026-05-28 05:00:00+12:00,0,KWH,,2,actual
,2026-05-28 05:00:00+12:00,2026-05-28 05:30:00+12:00,0.188,KWH,,1,actual
,2026-05-28 05:00:00+12:00,2026-05-28 05:30:00+12:00,0,KWH,,2,actual
,2026-05-28 05:30:00+12:00,2026-05-28 06:00:00+12:00,0,KWH,,2,actual
,2026-05-28 05:30:00+12:00,2026-05-28 06:00:00+12:00,0.512,KWH,,1,actual
,2026-05-28 06:00:00+12:00,2026-05-28 06:30:00+12:00,0,KWH,,2,actual
,2026-05-28 06:00:00+12:00,2026-05-28 06:30:00+12:00,0.645,KWH,,1,actual
,2026-05-28 06:30:00+12:00,2026-05-28 07:00:00+12:00,0.191,KWH,,2,actual
,2026-05-28 06:30:00+12:00,2026-05-28 07:00:00+12:00,0.654,KWH,,1,actual
,2026-05-28 07:00:00+12:00,2026-05-28 07:30:00+12:00,0.548,KWH,,1,actual
,2026-05-28 07:00:00+12:00,2026-05-28 07:30:00+12:00,1.523,KWH,,2,actual
,2026-05-28 07:30:00+12:00,2026-05-28 08:00:00+12:00,0.569,KWH,,1,actual
,2026-05-28 07:30:00+12:00,2026-05-28 08:00:00+12:00,1.481,KWH,,2,actual
,2026-05-28 08:00:00+12:00,2026-05-28 08:30:00+12:00,0.647,KWH,,1,actual
,2026-05-28 08:00:00+12:00,2026-05-28 08:30:00+12:00,1.487,KWH,,2,actual
,2026-05-28 08:30:00+12:00,2026-05-28 09:00:00+12:00,1.477,KWH,,2,actual
,2026-05-28 08:30:00+12:00,2026-05-28 09:00:00+12:00,0.66,KWH,,1,actual
,2026-05-28 09:00:00+12:00,2026-05-28 09:30:00+12:00,1.489,KWH,,2,actual
,2026-05-28 09:00:00+12:00,2026-05-28 09:30:00+12:00,0.495,KWH,,1,actual
,2026-05-28 09:30:00+12:00,2026-05-28 10:00:00+12:00,0.988,KWH,,2,actual
,2026-05-28 09:30:00+12:00,2026-05-28 10:00:00+12:00,0.505,KWH,,1,actual
,2026-05-28 10:00:00+12:00,2026-05-28 10:30:00+12:00,0.443,KWH,,1,actual
,2026-05-28 10:00:00+12:00,2026-05-28 10:30:00+12:00,0,KWH,,2,actual
,2026-05-28 10:30:00+12:00,2026-05-28 11:00:00+12:00,0,KWH,,2,actual
,2026-05-28 10:30:00+12:00,2026-05-28 11:00:00+12:00,0.434,KWH,,1,actual
,2026-05-28 11:00:00+12:00,2026-05-28 11:30:00+12:00,0.36,KWH,,1,actual
,2026-05-28 11:00:00+12:00,2026-05-28 11:30:00+12:00,0,KWH,,2,actual
,2026-05-28 11:30:00+12:00,2026-05-28 12:00:00+12:00,0.127,KWH,,1,actual
,2026-05-28 11:30:00+12:00,2026-05-28 12:00:00+12:00,0,KWH,,2,actual
,2026-05-28 12:00:00+12:00,2026-05-28 12:30:00+12:00,0.241,KWH,,2,actual
,2026-05-28 12:00:00+12:00,2026-05-28 12:30:00+12:00,0.156,KWH,,1,actual
,2026-05-28 12:30:00+12:00,2026-05-28 13:00:00+12:00,0.173,KWH,,1,actual
,2026-05-28 12:30:00+12:00,2026-05-28 13:00:00+12:00,1.53,KWH,,2,actual
,2026-05-28 13:00:00+12:00,2026-05-28 13:30:00+12:00,1.546,KWH,,2,actual
,2026-05-28 13:00:00+12:00,2026-05-28 13:30:00+12:00,0.238,KWH,,1,actual
,2026-05-28 13:30:00+12:00,2026-05-28 14:00:00+12:00,1.541,KWH,,2,actual
,2026-05-28 13:30:00+12:00,2026-05-28 14:00:00+12:00,0.185,KWH,,1,actual
,2026-05-28 14:00:00+12:00,2026-05-28 14:30:00+12:00,0.16,KWH,,1,actual
,2026-05-28 14:00:00+12:00,2026-05-28 14:30:00+12:00,1.532,KWH,,2,actual
,2026-05-28 14:30:00+12:00,2026-05-28 15:00:00+12:00,0.362,KWH,,2,actual
,2026-05-28 14:30:00+12:00,2026-05-28 15:00:00+12:00,0.154,KWH,,1,actual
,2026-05-28 15:00:00+12:00,2026-05-28 15:30:00+12:00,0.248,KWH,,1,actual
,2026-05-28 15:00:00+12:00,2026-05-28 15:30:00+12:00,0,KWH,,2,actual
,2026-05-28 15:30:00+12:00,2026-05-28 16:00:00+12:00,0.319,KWH,,1,actual
,2026-05-28 15:30:00+12:00,2026-05-28 16:00:00+12:00,0,KWH,,2,actual
,2026-05-28 16:00:00+12:00,2026-05-28 16:30:00+12:00,0,KWH,,2,actual
,2026-05-28 16:00:00+12:00,2026-05-28 16:30:00+12:00,0.201,KWH,,1,actual
,2026-05-28 16:30:00+12:00,2026-05-28 17:00:00+12:00,0,KWH,,2,actual
,2026-05-28 16:30:00+12:00,2026-05-28 17:00:00+12:00,0.175,KWH,,1,actual
,2026-05-28 17:00:00+12:00,2026-05-28 17:30:00+12:00,0.157,KWH,,1,actual
,2026-05-28 17:00:00+12:00,2026-05-28 17:30:00+12:00,0,KWH,,2,actual
,2026-05-28 17:30:00+12:00,2026-05-28 18:00:00+12:00,0,KWH,,2,actual
,2026-05-28 17:30:00+12:00,2026-05-28 18:00:00+12:00,0.189,KWH,,1,actual
,2026-05-28 18:00:00+12:00,2026-05-28 18:30:00+12:00,0,KWH,,2,actual
,2026-05-28 18:00:00+12:00,2026-05-28 18:30:00+12:00,0.526,KWH,,1,actual
,2026-05-28 18:30:00+12:00,2026-05-28 19:00:00+12:00,0.485,KWH,,1,actual
,2026-05-28 18:30:00+12:00,2026-05-28 19:00:00+12:00,0,KWH,,2,actual
,2026-05-28 19:00:00+12:00,2026-05-28 19:30:00+12:00,0.811,KWH,,1,actual
,2026-05-28 19:00:00+12:00,2026-05-28 19:30:00+12:00,0,KWH,,2,actual
,2026-05-28 19:30:00+12:00,2026-05-28 20:00:00+12:00,0.838,KWH,,1,actual
,2026-05-28 19:30:00+12:00,2026-05-28 20:00:00+12:00,0.397,KWH,,2,actual
,2026-05-28 20:00:00+12:00,2026-05-28 20:30:00+12:00,0.859,KWH,,1,actual
,2026-05-28 20:00:00+12:00,2026-05-28 20:30:00+12:00,1.078,KWH,,2,actual
,2026-05-28 20:30:00+12:00,2026-05-28 21:00:00+12:00,0.926,KWH,,1,actual
,2026-05-28 20:30:00+12:00,2026-05-28 21:00:00+12:00,0,KWH,,2,actual
,2026-05-28 21:00:00+12:00,2026-05-28 21:30:00+12:00,0.92,KWH,,1,actual
,2026-05-28 21:00:00+12:00,2026-05-28 21:30:00+12:00,0,KWH,,2,actual
,2026-05-28 21:30:00+12:00,2026-05-28 22:00:00+12:00,0,KWH,,2,actual
,2026-05-28 21:30:00+12:00,2026-05-28 22:00:00+12:00,0.914,KWH,,1,actual
,2026-05-28 22:00:00+12:00,2026-05-28 22:30:00+12:00,0,KWH,,2,actual
,2026-05-28 22:00:00+12:00,2026-05-28 22:30:00+12:00,0.64,KWH,,1,actual
,2026-05-28 22:30:00+12:00,2026-05-28 23:00:00+12:00,0,KWH,,2,actual
,2026-05-28 22:30:00+12:00,2026-05-28 23:00:00+12:00,0.628,KWH,,1,actual
,2026-05-28 23:00:00+12:00,2026-05-28 23:30:00+12:00,0,KWH,,2,actual
,2026-05-28 23:00:00+12:00,2026-05-28 23:30:00+12:00,0.725,KWH,,1,actual
,2026-05-28 23:30:00+12:00,2026-05-29 00:00:00+12:00,0.612,KWH,,1,actual
,2026-05-28 23:30:00+12:00,2026-05-29 00:00:00+12:00,0,KWH,,2,actual
,2026-05-29 00:00:00+12:00,2026-05-29 00:30:00+12:00,0.258,KWH,,1,actual
,2026-05-29 00:00:00+12:00,2026-05-29 00:30:00+12:00,0,KWH,,2,actual
,2026-05-29 00:30:00+12:00,2026-05-29 01:00:00+12:00,0,KWH,,2,actual
,2026-05-29 00:30:00+12:00,2026-05-29 01:00:00+12:00,0.349,KWH,,1,actual
,2026-05-29 01:00:00+12:00,2026-05-29 01:30:00+12:00,0.68,KWH,,2,actual
,2026-05-29 01:00:00+12:00,2026-05-29 01:30:00+12:00,0.361,KWH,,1,actual
,2026-05-29 01:30:00+12:00,2026-05-29 02:00:00+12:00,0.394,KWH,,1,actual
,2026-05-29 01:30:00+12:00,2026-05-29 02:00:00+12:00,0.883,KWH,,2,actual
,2026-05-29 02:00:00+12:00,2026-05-29 02:30:00+12:00,0,KWH,,2,actual
,2026-05-29 02:00:00+12:00,2026-05-29 02:30:00+12:00,0.324,KWH,,1,actual
,2026-05-29 02:30:00+12:00,2026-05-29 03:00:00+12:00,0.32,KWH,,1,actual
,2026-05-29 02:30:00+12:00,2026-05-29 03:00:00+12:00,0,KWH,,2,actual
,2026-05-29 03:00:00+12:00,2026-05-29 03:30:00+12:00,0.393,KWH,,1,actual
,2026-05-29 03:00:00+12:00,2026-05-29 03:30:00+12:00,0,KWH,,2,actual
,2026-05-29 03:30:00+12:00,2026-05-29 04:00:00+12:00,0,KWH,,2,actual
,2026-05-29 03:30:00+12:00,2026-05-29 04:00:00+12:00,0.388,KWH,,1,actual
,2026-05-29 04:00:00+12:00,2026-05-29 04:30:00+12:00,0.364,KWH,,1,actual
,2026-05-29 04:00:00+12:00,2026-05-29 04:30:00+12:00,0,KWH,,2,actual
,2026-05-29 04:30:00+12:00,2026-05-29 05:00:00+12:00,0,KWH,,2,actual
,2026-05-29 04:30:00+12:00,2026-05-29 05:00:00+12:00,0.483,KWH,,1,actual
,2026-05-29 05:00:00+12:00,2026-05-29 05:30:00+12:00,0,KWH,,2,actual
,2026-05-29 05:00:00+12:00,2026-05-29 05:30:00+12:00,0.457,KWH,,1,actual
,2026-05-29 05:30:00+12:00,2026-05-29 06:00:00+12:00,0.89,KWH,,1,actual
,2026-05-29 05:30:00+12:00,2026-05-29 06:00:00+12:00,0,KWH,,2,actual
,2026-05-29 06:00:00+12:00,2026-05-29 06:30:00+12:00,1.14,KWH,,1,actual
,2026-05-29 06:00:00+12:00,2026-05-29 06:30:00+12:00,0,KWH,,2,actual
,2026-05-29 06:30:00+12:00,2026-05-29 07:00:00+12:00,1.078,KWH,,1,actual
,2026-05-29 06:30:00+12:00,2026-05-29 07:00:00+12:00,0,KWH,,2,actual
,2026-05-29 07:00:00+12:00,2026-05-29 07:30:00+12:00,0,KWH,,2,actual
,2026-05-29 07:00:00+12:00,2026-05-29 07:30:00+12:00,0.95,KWH,,1,actual
,2026-05-29 07:30:00+12:00,2026-05-29 08:00:00+12:00,0,KWH,,2,actual
,2026-05-29 07:30:00+12:00,2026-05-29 08:00:00+12:00,0.916,KWH,,1,actual
,2026-05-29 08:00:00+12:00,2026-05-29 08:30:00+12:00,0,KWH,,2,actual
,2026-05-29 08:00:00+12:00,2026-05-29 08:30:00+12:00,1.077,KWH,,1,actual
,2026-05-29 08:30:00+12:00,2026-05-29 09:00:00+12:00,0.996,KWH,,1,actual
,2026-05-29 08:30:00+12:00,2026-05-29 09:00:00+12:00,0.692,KWH,,2,actual
,2026-05-29 09:00:00+12:00,2026-05-29 09:30:00+12:00,0.906,KWH,,1,actual
,2026-05-29 09:00:00+12:00,2026-05-29 09:30:00+12:00,1.187,KWH,,2,actual
,2026-05-29 09:30:00+12:00,2026-05-29 10:00:00+12:00,0.894,KWH,,1,actual
,2026-05-29 09:30:00+12:00,2026-05-29 10:00:00+12:00,0,KWH,,2,actual
,2026-05-29 10:00:00+12:00,2026-05-29 10:30:00+12:00,0.283,KWH,,2,actual
,2026-05-29 10:00:00+12:00,2026-05-29 10:30:00+12:00,0.692,KWH,,1,actual
,2026-05-29 10:30:00+12:00,2026-05-29 11:00:00+12:00,1.395,KWH,,1,actual
,2026-05-29 10:30:00+12:00,2026-05-29 11:00:00+12:00,1.482,KWH,,2,actual
,2026-05-29 11:00:00+12:00,2026-05-29 11:30:00+12:00,1.506,KWH,,2,actual
,2026-05-29 11:00:00+12:00,2026-05-29 11:30:00+12:00,0.49,KWH,,1,actual
,2026-05-29 11:30:00+12:00,2026-05-29 12:00:00+12:00,1.118,KWH,,2,actual
,2026-05-29 11:30:00+12:00,2026-05-29 12:00:00+12:00,0.212,KWH,,1,actual
,2026-05-29 12:00:00+12:00,2026-05-29 12:30:00+12:00,0.208,KWH,,1,actual
,2026-05-29 12:00:00+12:00,2026-05-29 12:30:00+12:00,0,KWH,,2,actual
,2026-05-29 12:30:00+12:00,2026-05-29 13:00:00+12:00,0,KWH,,2,actual
,2026-05-29 12:30:00+12:00,2026-05-29 13:00:00+12:00,0.192,KWH,,1,actual
,2026-05-29 13:00:00+12:00,2026-05-29 13:30:00+12:00,0.232,KWH,,1,actual
,2026-05-29 13:00:00+12:00,2026-05-29 13:30:00+12:00,0,KWH,,2,actual
,2026-05-29 13:30:00+12:00,2026-05-29 14:00:00+12:00,0.223,KWH,,1,actual
,2026-05-29 13:30:00+12:00,2026-05-29 14:00:00+12:00,0,KWH,,2,actual
,2026-05-29 14:00:00+12:00,2026-05-29 14:30:00+12:00,0,KWH,,2,actual
,2026-05-29 14:00:00+12:00,2026-05-29 14:30:00+12:00,0.223,KWH,,1,actual
,2026-05-29 14:30:00+12:00,2026-05-29 15:00:00+12:00,0.229,KWH,,1,actual
,2026-05-29 14:30:00+12:00,2026-05-29 15:00:00+12:00,0,KWH,,2,actual
,2026-05-29 15:00:00+12:00,2026-05-29 15:30:00+12:00,0,KWH,,2,actual
,2026-05-29 15:00:00+12:00,2026-05-29 15:30:00+12:00,0.221,KWH,,1,actual
,2026-05-29 15:30:00+12:00,2026-05-29 16:00:00+12:00,0,KWH,,2,actual
,2026-05-29 15:30:00+12:00,2026-05-29 16:00:00+12:00,0.217,KWH,,1,actual
,2026-05-29 16:00:00+12:00,2026-05-29 16:30:00+12:00,0.225,KWH,,1,actual
,2026-05-29 16:00:00+12:00,2026-05-29 16:30:00+12:00,0,KWH,,2,actual
,2026-05-29 16:30:00+12:00,2026-05-29 17:00:00+12:00,0.204,KWH,,1,actual
,2026-05-29 16:30:00+12:00,2026-05-29 17:00:00+12:00,0,KWH,,2,actual
,2026-05-29 17:00:00+12:00,2026-05-29 17:30:00+12:00,0,KWH,,2,actual
,2026-05-29 17:00:00+12:00,2026-05-29 17:30:00+12:00,0.2,KWH,,1,actual
,2026-05-29 17:30:00+12:00,2026-05-29 18:00:00+12:00,0.211,KWH,,1,actual
,2026-05-29 17:30:00+12:00,2026-05-29 18:00:00+12:00,0,KWH,,2,actual
,2026-05-29 18:00:00+12:00,2026-05-29 18:30:00+12:00,0.604,KWH,,1,actual
,2026-05-29 18:00:00+12:00,2026-05-29 18:30:00+12:00,0,KWH,,2,actual
,2026-05-29 18:30:00+12:00,2026-05-29 19:00:00+12:00,0,KWH,,2,actual
,2026-05-29 18:30:00+12:00,2026-05-29 19:00:00+12:00,0.587,KWH,,1,actual
,2026-05-29 19:00:00+12:00,2026-05-29 19:30:00+12:00,0,KWH,,2,actual
,2026-05-29 19:00:00+12:00,2026-05-29 19:30:00+12:00,0.547,KWH,,1,actual
,2026-05-29 19:30:00+12:00,2026-05-29 20:00:00+12:00,0,KWH,,2,actual
,2026-05-29 19:30:00+12:00,2026-05-29 20:00:00+12:00,0.498,KWH,,1,actual
,2026-05-29 20:00:00+12:00,2026-05-29 20:30:00+12:00,1.211,KWH,,2,actual
,2026-05-29 20:00:00+12:00,2026-05-29 20:30:00+12:00,0.432,KWH,,1,actual
,2026-05-29 20:30:00+12:00,2026-05-29 21:00:00+12:00,0.511,KWH,,2,actual
,2026-05-29 20:30:00+12:00,2026-05-29 21:00:00+12:00,0.736,KWH,,1,actual
,2026-05-29 21:00:00+12:00,2026-05-29 21:30:00+12:00,0,KWH,,2,actual
,2026-05-29 21:00:00+12:00,2026-05-29 21:30:00+12:00,0.63,KWH,,1,actual
,2026-05-29 21:30:00+12:00,2026-05-29 22:00:00+12:00,0.868,KWH,,1,actual
,2026-05-29 21:30:00+12:00,2026-05-29 22:00:00+12:00,0,KWH,,2,actual
,2026-05-29 22:00:00+12:00,2026-05-29 22:30:00+12:00,0.511,KWH,,1,actual
,2026-05-29 22:00:00+12:00,2026-05-29 22:30:00+12:00,0.838,KWH,,2,actual
,2026-05-29 22:30:00+12:00,2026-05-29 23:00:00+12:00,0.476,KWH,,1,actual
,2026-05-29 22:30:00+12:00,2026-05-29 23:00:00+12:00,1.555,KWH,,2,actual
,2026-05-29 23:00:00+12:00,2026-05-29 23:30:00+12:00,0.831,KWH,,1,actual
,2026-05-29 23:00:00+12:00,2026-05-29 23:30:00+12:00,1.357,KWH,,2,actual
,2026-05-29 23:30:00+12:00,2026-05-30 00:00:00+12:00,0,KWH,,2,actual
,2026-05-29 23:30:00+12:00,2026-05-30 00:00:00+12:00,0.285,KWH,,1,actual
,2026-05-30 00:00:00+12:00,2026-05-30 00:30:00+12:00,0,KWH,,2,actual
,2026-05-30 00:00:00+12:00,2026-05-30 00:30:00+12:00,0.959,KWH,,1,actual
,2026-05-30 00:30:00+12:00,2026-05-30 01:00:00+12:00,0.401,KWH,,1,actual
,2026-05-30 00:30:00+12:00,2026-05-30 01:00:00+12:00,0,KWH,,2,actual
,2026-05-30 01:00:00+12:00,2026-05-30 01:30:00+12:00,0.298,KWH,,1,actual
,2026-05-30 01:00:00+12:00,2026-05-30 01:30:00+12:00,0,KWH,,2,actual
,2026-05-30 01:30:00+12:00,2026-05-30 02:00:00+12:00,0,KWH,,2,actual
,2026-05-30 01:30:00+12:00,2026-05-30 02:00:00+12:00,0.252,KWH,,1,actual
,2026-05-30 02:00:00+12:00,2026-05-30 02:30:00+12:00,0.253,KWH,,1,actual
,2026-05-30 02:00:00+12:00,2026-05-30 02:30:00+12:00,0,KWH,,2,actual
,2026-05-30 02:30:00+12:00,2026-05-30 03:00:00+12:00,0,KWH,,2,actual
,2026-05-30 02:30:00+12:00,2026-05-30 03:00:00+12:00,0.241,KWH,,1,actual
,2026-05-30 03:00:00+12:00,2026-05-30 03:30:00+12:00,0,KWH,,2,actual
,2026-05-30 03:00:00+12:00,2026-05-30 03:30:00+12:00,0.312,KWH,,1,actual
,2026-05-30 03:30:00+12:00,2026-05-30 04:00:00+12:00,0.241,KWH,,1,actual
,2026-05-30 03:30:00+12:00,2026-05-30 04:00:00+12:00,0,KWH,,2,actual
,2026-05-30 04:00:00+12:00,2026-05-30 04:30:00+12:00,0,KWH,,2,actual
,2026-05-30 04:00:00+12:00,2026-05-30 04:30:00+12:00,0.306,KWH,,1,actual
,2026-05-30 04:30:00+12:00,2026-05-30 05:00:00+12:00,0.311,KWH,,1,actual
,2026-05-30 04:30:00+12:00,2026-05-30 05:00:00+12:00,0,KWH,,2,actual
,2026-05-30 05:00:00+12:00,2026-05-30 05:30:00+12:00,0.289,KWH,,1,actual
,2026-05-30 05:00:00+12:00,2026-05-30 05:30:00+12:00,0,KWH,,2,actual
,2026-05-30 05:30:00+12:00,2026-05-30 06:00:00+12:00,0,KWH,,2,actual
,2026-05-30 05:30:00+12:00,2026-05-30 06:00:00+12:00,0.665,KWH,,1,actual
,2026-05-30 06:00:00+12:00,2026-05-30 06:30:00+12:00,0,KWH,,2,actual
,2026-05-30 06:00:00+12:00,2026-05-30 06:30:00+12:00,1.022,KWH,,1,actual
,2026-05-30 06:30:00+12:00,2026-05-30 07:00:00+12:00,0,KWH,,2,actual
,2026-05-30 06:30:00+12:00,2026-05-30 07:00:00+12:00,0.922,KWH,,1,actual
,2026-05-30 07:00:00+12:00,2026-05-30 07:30:00+12:00,0.895,KWH,,1,actual
,2026-05-30 07:00:00+12:00,2026-05-30 07:30:00+12:00,0,KWH,,2,actual
,2026-05-30 07:30:00+12:00,2026-05-30 08:00:00+12:00,0.858,KWH,,1,actual
,2026-05-30 07:30:00+12:00,2026-05-30 08:00:00+12:00,0.177,KWH,,2,actual
,2026-05-30 08:00:00+12:00,2026-05-30 08:30:00+12:00,0.797,KWH,,1,actual
,2026-05-30 08:00:00+12:00,2026-05-30 08:30:00+12:00,1.486,KWH,,2,actual
,2026-05-30 08:30:00+12:00,2026-05-30 09:00:00+12:00,1.455,KWH,,2,actual
,2026-05-30 08:30:00+12:00,2026-05-30 09:00:00+12:00,0.88,KWH,,1,actual
,2026-05-30 09:00:00+12:00,2026-05-30 09:30:00+12:00,1.477,KWH,,2,actual
,2026-05-30 09:00:00+12:00,2026-05-30 09:30:00+12:00,0.868,KWH,,1,actual
,2026-05-30 09:30:00+12:00,2026-05-30 10:00:00+12:00,1.465,KWH,,2,actual
,2026-05-30 09:30:00+12:00,2026-05-30 10:00:00+12:00,0.979,KWH,,1,actual
,2026-05-30 10:00:00+12:00,2026-05-30 10:30:00+12:00,0.642,KWH,,1,actual
,2026-05-30 10:00:00+12:00,2026-05-30 10:30:00+12:00,1.483,KWH,,2,actual
,2026-05-30 10:30:00+12:00,2026-05-30 11:00:00+12:00,1.482,KWH,,2,actual
,2026-05-30 10:30:00+12:00,2026-05-30 11:00:00+12:00,0.582,KWH,,1,actual
,2026-05-30 11:00:00+12:00,2026-05-30 11:30:00+12:00,0.531,KWH,,1,actual
,2026-05-30 11:00:00+12:00,2026-05-30 11:30:00+12:00,1.502,KWH,,2,actual
,2026-05-30 11:30:00+12:00,2026-05-30 12:00:00+12:00,0.513,KWH,,1,actual
,2026-05-30 11:30:00+12:00,2026-05-30 12:00:00+12:00,1.51,KWH,,2,actual
,2026-05-30 12:00:00+12:00,2026-05-30 12:30:00+12:00,1.502,KWH,,2,actual
,2026-05-30 12:00:00+12:00,2026-05-30 12:30:00+12:00,0.483,KWH,,1,actual
,2026-05-30 12:30:00+12:00,2026-05-30 13:00:00+12:00,0.5,KWH,,1,actual
,2026-05-30 12:30:00+12:00,2026-05-30 13:00:00+12:00,1.488,KWH,,2,actual
,2026-05-30 13:00:00+12:00,2026-05-30 13:30:00+12:00,0.113,KWH,,2,actual
,2026-05-30 13:00:00+12:00,2026-05-30 13:30:00+12:00,0.646,KWH,,1,actual
,2026-05-30 13:30:00+12:00,2026-05-30 14:00:00+12:00,0,KWH,,2,actual
,2026-05-30 13:30:00+12:00,2026-05-30 14:00:00+12:00,0.681,KWH,,1,actual
,2026-05-30 14:00:00+12:00,2026-05-30 14:30:00+12:00,0.58,KWH,,1,actual
,2026-05-30 14:00:00+12:00,2026-05-30 14:30:00+12:00,0,KWH,,2,actual
,2026-05-30 14:30:00+12:00,2026-05-30 15:00:00+12:00,0.361,KWH,,2,actual
,2026-05-30 14:30:00+12:00,2026-05-30 15:00:00+12:00,0.565,KWH,,1,actual
,2026-05-30 15:00:00+12:00,2026-05-30 15:30:00+12:00,0.553,KWH,,1,actual
,2026-05-30 15:00:00+12:00,2026-05-30 15:30:00+12:00,1.497,KWH,,2,actual
,2026-05-30 15:30:00+12:00,2026-05-30 16:00:00+12:00,0.249,KWH,,1,actual
,2026-05-30 15:30:00+12:00,2026-05-30 16:00:00+12:00,0.502,KWH,,2,actual
,2026-05-30 16:00:00+12:00,2026-05-30 16:30:00+12:00,0,KWH,,2,actual
,2026-05-30 16:00:00+12:00,2026-05-30 16:30:00+12:00,0.271,KWH,,1,actual
,2026-05-30 16:30:00+12:00,2026-05-30 17:00:00+12:00,0,KWH,,2,actual
,2026-05-30 16:30:00+12:00,2026-05-30 17:00:00+12:00,0.303,KWH,,1,actual
,2026-05-30 17:00:00+12:00,2026-05-30 17:30:00+12:00,3.277,KWH,,1,actual
,2026-05-30 17:00:00+12:00,2026-05-30 17:30:00+12:00,0,KWH,,2,actual
,2026-05-30 17:30:00+12:00,2026-05-30 18:00:00+12:00,0.518,KWH,,2,actual
,2026-05-30 17:30:00+12:00,2026-05-30 18:00:00+12:00,2.713,KWH,,1,actual
,2026-05-30 18:00:00+12:00,2026-05-30 18:30:00+12:00,1.422,KWH,,2,actual
,2026-05-30 18:00:00+12:00,2026-05-30 18:30:00+12:00,2.712,KWH,,1,actual
,2026-05-30 18:30:00+12:00,2026-05-30 19:00:00+12:00,2.147,KWH,,1,actual
,2026-05-30 18:30:00+12:00,2026-05-30 19:00:00+12:00,0.013,KWH,,2,actual
,2026-05-30 19:00:00+12:00,2026-05-30 19:30:00+12:00,2.069,KWH,,1,actual
,2026-05-30 19:00:00+12:00,2026-05-30 19:30:00+12:00,0,KWH,,2,actual
,2026-05-30 19:30:00+12:00,2026-05-30 20:00:00+12:00,2.379,KWH,,1,actual
,2026-05-30 19:30:00+12:00,2026-05-30 20:00:00+12:00,0.261,KWH,,2,actual
,2026-05-30 20:00:00+12:00,2026-05-30 20:30:00+12:00,1.904,KWH,,1,actual
,2026-05-30 20:00:00+12:00,2026-05-30 20:30:00+12:00,1.334,KWH,,2,actual
,2026-05-30 20:30:00+12:00,2026-05-30 21:00:00+12:00,2.355,KWH,,1,actual
,2026-05-30 20:30:00+12:00,2026-05-30 21:00:00+12:00,0,KWH,,2,actual
,2026-05-30 21:00:00+12:00,2026-05-30 21:30:00+12:00,2.258,KWH,,1,actual
,2026-05-30 21:00:00+12:00,2026-05-30 21:30:00+12:00,0,KWH,,2,actual
,2026-05-30 21:30:00+12:00,2026-05-30 22:00:00+12:00,0,KWH,,2,actual
,2026-05-30 21:30:00+12:00,2026-05-30 22:00:00+12:00,1.917,KWH,,1,actual
,2026-05-30 22:00:00+12:00,2026-05-30 22:30:00+12:00,0,KWH,,2,actual
,2026-05-30 22:00:00+12:00,2026-05-30 22:30:00+12:00,1.894,KWH,,1,actual
,2026-05-30 22:30:00+12:00,2026-05-30 23:00:00+12:00,0,KWH,,2,actual
,2026-05-30 22:30:00+12:00,2026-05-30 23:00:00+12:00,2.17,KWH,,1,actual
,2026-05-30 23:00:00+12:00,2026-05-30 23:30:00+12:00,0,KWH,,2,actual
,2026-05-30 23:00:00+12:00,2026-05-30 23:30:00+12:00,3.065,KWH,,1,actual
,2026-05-30 23:30:00+12:00,2026-05-31 00:00:00+12:00,1.403,KWH,,1,actual
,2026-05-30 23:30:00+12:00,2026-05-31 00:00:00+12:00,0,KWH,,2,actual
,2026-05-31 00:00:00+12:00,2026-05-31 00:30:00+12:00,0.656,KWH,,1,actual
,2026-05-31 00:00:00+12:00,2026-05-31 00:30:00+12:00,0,KWH,,2,actual
,2026-05-31 00:30:00+12:00,2026-05-31 01:00:00+12:00,0,KWH,,2,actual
,2026-05-31 00:30:00+12:00,2026-05-31 01:00:00+12:00,0.197,KWH,,1,actual
,2026-05-31 01:00:00+12:00,2026-05-31 01:30:00+12:00,0,KWH,,2,actual
,2026-05-31 01:00:00+12:00,2026-05-31 01:30:00+12:00,0.176,KWH,,1,actual
,2026-05-31 01:30:00+12:00,2026-05-31 02:00:00+12:00,0.177,KWH,,1,actual
,2026-05-31 01:30:00+12:00,2026-05-31 02:00:00+12:00,0,KWH,,2,actual
,2026-05-31 02:00:00+12:00,2026-05-31 02:30:00+12:00,0,KWH,,2,actual
,2026-05-31 02:00:00+12:00,2026-05-31 02:30:00+12:00,0.212,KWH,,1,actual
,2026-05-31 02:30:00+12:00,2026-05-31 03:00:00+12:00,0.197,KWH,,1,actual
,2026-05-31 02:30:00+12:00,2026-05-31 03:00:00+12:00,0,KWH,,2,actual
,2026-05-31 03:00:00+12:00,2026-05-31 03:30:00+12:00,0.199,KWH,,1,actual
,2026-05-31 03:00:00+12:00,2026-05-31 03:30:00+12:00,0,KWH,,2,actual
,2026-05-31 03:30:00+12:00,2026-05-31 04:00:00+12:00,0,KWH,,2,actual
,2026-05-31 03:30:00+12:00,2026-05-31 04:00:00+12:00,0.212,KWH,,1,actual
,2026-05-31 04:00:00+12:00,2026-05-31 04:30:00+12:00,0.215,KWH,,1,actual
,2026-05-31 04:00:00+12:00,2026-05-31 04:30:00+12:00,0,KWH,,2,actual
,2026-05-31 04:30:00+12:00,2026-05-31 05:00:00+12:00,0,KWH,,2,actual
,2026-05-31 04:30:00+12:00,2026-05-31 05:00:00+12:00,0.233,KWH,,1,actual
,2026-05-31 05:00:00+12:00,2026-05-31 05:30:00+12:00,0.085,KWH,,2,actual
,2026-05-31 05:00:00+12:00,2026-05-31 05:30:00+12:00,0.249,KWH,,1,actual
,2026-05-31 05:30:00+12:00,2026-05-31 06:00:00+12:00,0.588,KWH,,1,actual
,2026-05-31 05:30:00+12:00,2026-05-31 06:00:00+12:00,1.341,KWH,,2,actual
,2026-05-31 06:00:00+12:00,2026-05-31 06:30:00+12:00,0.807,KWH,,1,actual
,2026-05-31 06:00:00+12:00,2026-05-31 06:30:00+12:00,0,KWH,,2,actual
,2026-05-31 06:30:00+12:00,2026-05-31 07:00:00+12:00,0.755,KWH,,1,actual
,2026-05-31 06:30:00+12:00,2026-05-31 07:00:00+12:00,0,KWH,,2,actual
,2026-05-31 07:00:00+12:00,2026-05-31 07:30:00+12:00,0,KWH,,2,actual
,2026-05-31 07:00:00+12:00,2026-05-31 07:30:00+12:00,0.78,KWH,,1,actual
,2026-05-31 07:30:00+12:00,2026-05-31 08:00:00+12:00,0,KWH,,2,actual
,2026-05-31 07:30:00+12:00,2026-05-31 08:00:00+12:00,0.666,KWH,,1,actual
,2026-05-31 08:00:00+12:00,2026-05-31 08:30:00+12:00,0,KWH,,2,actual
,2026-05-31 08:00:00+12:00,2026-05-31 08:30:00+12:00,0.656,KWH,,1,actual
,2026-05-31 08:30:00+12:00,2026-05-31 09:00:00+12:00,0.815,KWH,,1,actual
,2026-05-31 08:30:00+12:00,2026-05-31 09:00:00+12:00,0,KWH,,2,actual
,2026-05-31 09:00:00+12:00,2026-05-31 09:30:00+12:00,0.507,KWH,,1,actual
,2026-05-31 09:00:00+12:00,2026-05-31 09:30:00+12:00,0,KWH,,2,actual
,2026-05-31 09:30:00+12:00,2026-05-31 10:00:00+12:00,0.62,KWH,,1,actual
,2026-05-31 09:30:00+12:00,2026-05-31 10:00:00+12:00,0,KWH,,2,actual
,2026-05-31 10:00:00+12:00,2026-05-31 10:30:00+12:00,0,KWH,,2,actual
,2026-05-31 10:00:00+12:00,2026-05-31 10:30:00+12:00,1.33,KWH,,1,actual
,2026-05-31 10:30:00+12:00,2026-05-31 11:00:00+12:00,2.182,KWH,,1,actual
,2026-05-31 10:30:00+12:00,2026-05-31 11:00:00+12:00,0,KWH,,2,actual
,2026-05-31 11:00:00+12:00,2026-05-31 11:30:00+12:00,0,KWH,,2,actual
,2026-05-31 11:00:00+12:00,2026-05-31 11:30:00+12:00,1.812,KWH,,1,actual
,2026-05-31 11:30:00+12:00,2026-05-31 12:00:00+12:00,0,KWH,,2,actual
,2026-05-31 11:30:00+12:00,2026-05-31 12:00:00+12:00,1.068,KWH,,1,actual
,2026-05-31 12:00:00+12:00,2026-05-31 12:30:00+12:00,0,KWH,,2,actual
,2026-05-31 12:00:00+12:00,2026-05-31 12:30:00+12:00,1.007,KWH,,1,actual
,2026-05-31 12:30:00+12:00,2026-05-31 13:00:00+12:00,0.39,KWH,,1,actual
,2026-05-31 12:30:00+12:00,2026-05-31 13:00:00+12:00,1.423,KWH,,2,actual
,2026-05-31 13:00:00+12:00,2026-05-31 13:30:00+12:00,0,KWH,,2,actual
,2026-05-31 13:00:00+12:00,2026-05-31 13:30:00+12:00,0.253,KWH,,1,actual
,2026-05-31 13:30:00+12:00,2026-05-31 14:00:00+12:00,0,KWH,,2,actual
,2026-05-31 13:30:00+12:00,2026-05-31 14:00:00+12:00,0.261,KWH,,1,actual
,2026-05-31 14:00:00+12:00,2026-05-31 14:30:00+12:00,0.211,KWH,,1,actual
,2026-05-31 14:00:00+12:00,2026-05-31 14:30:00+12:00,0,KWH,,2,actual
,2026-05-31 14:30:00+12:00,2026-05-31 15:00:00+12:00,0,KWH,,2,actual
,2026-05-31 14:30:00+12:00,2026-05-31 15:00:00+12:00,0.149,KWH,,1,actual
,2026-05-31 15:00:00+12:00,2026-05-31 15:30:00+12:00,0.227,KWH,,1,actual
,2026-05-31 15:00:00+12:00,2026-05-31 15:30:00+12:00,0,KWH,,2,actual
,2026-05-31 15:30:00+12:00,2026-05-31 16:00:00+12:00,1.578,KWH,,1,actual
,2026-05-31 15:30:00+12:00,2026-05-31 16:00:00+12:00,0,KWH,,2,actual
,2026-05-31 16:00:00+12:00,2026-05-31 16:30:00+12:00,0,KWH,,2,actual
,2026-05-31 16:00:00+12:00,2026-05-31 16:30:00+12:00,1.107,KWH,,1,actual
,2026-05-31 16:30:00+12:00,2026-05-31 17:00:00+12:00,0.394,KWH,,2,actual
,2026-05-31 16:30:00+12:00,2026-05-31 17:00:00+12:00,2.364,KWH,,1,actual
,2026-05-31 17:00:00+12:00,2026-05-31 17:30:00+12:00,1.075,KWH,,1,actual
,2026-05-31 17:00:00+12:00,2026-05-31 17:30:00+12:00,1.24,KWH,,2,actual
,2026-05-31 17:30:00+12:00,2026-05-31 18:00:00+12:00,0,KWH,,2,actual
,2026-05-31 17:30:00+12:00,2026-05-31 18:00:00+12:00,0.228,KWH,,1,actual
,2026-05-31 18:00:00+12:00,2026-05-31 18:30:00+12:00,0,KWH,,2,actual
,2026-05-31 18:00:00+12:00,2026-05-31 18:30:00+12:00,0.459,KWH,,1,actual
,2026-05-31 18:30:00+12:00,2026-05-31 19:00:00+12:00,0.814,KWH,,1,actual
,2026-05-31 18:30:00+12:00,2026-05-31 19:00:00+12:00,0.045,KWH,,2,actual
,2026-05-31 19:00:00+12:00,2026-05-31 19:30:00+12:00,0.794,KWH,,1,actual
,2026-05-31 19:00:00+12:00,2026-05-31 19:30:00+12:00,1.504,KWH,,2,actual
,2026-05-31 19:30:00+12:00,2026-05-31 20:00:00+12:00,0.768,KWH,,1,actual
,2026-05-31 19:30:00+12:00,2026-05-31 20:00:00+12:00,0.035,KWH,,2,actual
,2026-05-31 20:00:00+12:00,2026-05-31 20:30:00+12:00,0.824,KWH,,1,actual
,2026-05-31 20:00:00+12:00,2026-05-31 20:30:00+12:00,0,KWH,,2,actual
,2026-05-31 20:30:00+12:00,2026-05-31 21:00:00+12:00,0.348,KWH,,1,actual
,2026-05-31 20:30:00+12:00,2026-05-31 21:00:00+12:00,0,KWH,,2,actual
,2026-05-31 21:00:00+12:00,2026-05-31 21:30:00+12:00,0.37,KWH,,1,actual
,2026-05-31 21:00:00+12:00,2026-05-31 21:30:00+12:00,0,KWH,,2,actual
,2026-05-31 21:30:00+12:00,2026-05-31 22:00:00+12:00,0,KWH,,2,actual
,2026-05-31 21:30:00+12:00,2026-05-31 22:00:00+12:00,0.364,KWH,,1,actual
,2026-05-31 22:00:00+12:00,2026-05-31 22:30:00+12:00,0,KWH,,2,actual
,2026-05-31 22:00:00+12:00,2026-05-31 22:30:00+12:00,0.247,KWH,,1,actual
,2026-05-31 22:30:00+12:00,2026-05-31 23:00:00+12:00,0,KWH,,2,actual
,2026-05-31 22:30:00+12:00,2026-05-31 23:00:00+12:00,0.23,KWH,,1,actual
,2026-05-31 23:00:00+12:00,2026-05-31 23:30:00+12:00,0.351,KWH,,2,actual
,2026-05-31 23:00:00+12:00,2026-05-31 23:30:00+12:00,0.438,KWH,,1,actual
,2026-05-31 23:30:00+12:00,2026-06-01 00:00:00+12:00,0.731,KWH,,1,actual
,2026-05-31 23:30:00+12:00,2026-06-01 00:00:00+12:00,1.527,KWH,,2,actual
,2026-06-01 00:00:00+12:00,2026-06-01 00:30:00+12:00,0.195,KWH,,1,actual
,2026-06-01 00:00:00+12:00,2026-06-01 00:30:00+12:00,1.555,KWH,,2,actual
,2026-06-01 00:30:00+12:00,2026-06-01 01:00:00+12:00,1.55,KWH,,2,actual
,2026-06-01 00:30:00+12:00,2026-06-01 01:00:00+12:00,0.209,KWH,,1,actual
,2026-06-01 01:00:00+12:00,2026-06-01 01:30:00+12:00,1.55,KWH,,2,actual
,2026-06-01 01:00:00+12:00,2026-06-01 01:30:00+12:00,0.189,KWH,,1,actual
,2026-06-01 01:30:00+12:00,2026-06-01 02:00:00+12:00,0.185,KWH,,1,actual
,2026-06-01 01:30:00+12:00,2026-06-01 02:00:00+12:00,1.542,KWH,,2,actual
,2026-06-01 02:00:00+12:00,2026-06-01 02:30:00+12:00,1.515,KWH,,2,actual
,2026-06-01 02:00:00+12:00,2026-06-01 02:30:00+12:00,0.204,KWH,,1,actual
,2026-06-01 02:30:00+12:00,2026-06-01 03:00:00+12:00,0.205,KWH,,1,actual
,2026-06-01 02:30:00+12:00,2026-06-01 03:00:00+12:00,0.291,KWH,,2,actual
,2026-06-01 03:00:00+12:00,2026-06-01 03:30:00+12:00,0.19,KWH,,1,actual
,2026-06-01 03:00:00+12:00,2026-06-01 03:30:00+12:00,0,KWH,,2,actual
,2026-06-01 03:30:00+12:00,2026-06-01 04:00:00+12:00,0,KWH,,2,actual
,2026-06-01 03:30:00+12:00,2026-06-01 04:00:00+12:00,0.224,KWH,,1,actual
,2026-06-01 04:00:00+12:00,2026-06-01 04:30:00+12:00,0.208,KWH,,1,actual
,2026-06-01 04:00:00+12:00,2026-06-01 04:30:00+12:00,0,KWH,,2,actual
,2026-06-01 04:30:00+12:00,2026-06-01 05:00:00+12:00,0,KWH,,2,actual
,2026-06-01 04:30:00+12:00,2026-06-01 05:00:00+12:00,0.191,KWH,,1,actual
,2026-06-01 05:00:00+12:00,2026-06-01 05:30:00+12:00,0,KWH,,2,actual
,2026-06-01 05:00:00+12:00,2026-06-01 05:30:00+12:00,0.214,KWH,,1,actual
,2026-06-01 05:30:00+12:00,2026-06-01 06:00:00+12:00,0.331,KWH,,1,actual
,2026-06-01 05:30:00+12:00,2026-06-01 06:00:00+12:00,0,KWH,,2,actual
,2026-06-01 06:00:00+12:00,2026-06-01 06:30:00+12:00,0.499,KWH,,1,actual
,2026-06-01 06:00:00+12:00,2026-06-01 06:30:00+12:00,0,KWH,,2,actual
,2026-06-01 06:30:00+12:00,2026-06-01 07:00:00+12:00,0.365,KWH,,1,actual
,2026-06-01 06:30:00+12:00,2026-06-01 07:00:00+12:00,0,KWH,,2,actual
,2026-06-01 07:00:00+12:00,2026-06-01 07:30:00+12:00,0,KWH,,2,actual
,2026-06-01 07:00:00+12:00,2026-06-01 07:30:00+12:00,0.295,KWH,,1,actual
,2026-06-01 07:30:00+12:00,2026-06-01 08:00:00+12:00,0,KWH,,2,actual
,2026-06-01 07:30:00+12:00,2026-06-01 08:00:00+12:00,0.294,KWH,,1,actual
,2026-06-01 08:00:00+12:00,2026-06-01 08:30:00+12:00,0,KWH,,2,actual
,2026-06-01 08:00:00+12:00,2026-06-01 08:30:00+12:00,0.343,KWH,,1,actual
,2026-06-01 08:30:00+12:00,2026-06-01 09:00:00+12:00,0.287,KWH,,1,actual
,2026-06-01 08:30:00+12:00,2026-06-01 09:00:00+12:00,0,KWH,,2,actual
,2026-06-01 09:00:00+12:00,2026-06-01 09:30:00+12:00,0.196,KWH,,1,actual
,2026-06-01 09:00:00+12:00,2026-06-01 09:30:00+12:00,0,KWH,,2,actual
,2026-06-01 09:30:00+12:00,2026-06-01 10:00:00+12:00,0.39,KWH,,1,actual
,2026-06-01 09:30:00+12:00,2026-06-01 10:00:00+12:00,1.41,KWH,,2,actual
,2026-06-01 10:00:00+12:00,2026-06-01 10:30:00+12:00,0.73,KWH,,2,actual
,2026-06-01 10:00:00+12:00,2026-06-01 10:30:00+12:00,0.272,KWH,,1,actual
,2026-06-01 10:30:00+12:00,2026-06-01 11:00:00+12:00,0.276,KWH,,1,actual
,2026-06-01 10:30:00+12:00,2026-06-01 11:00:00+12:00,0,KWH,,2,actual
,2026-06-01 11:00:00+12:00,2026-06-01 11:30:00+12:00,0,KWH,,2,actual
,2026-06-01 11:00:00+12:00,2026-06-01 11:30:00+12:00,0.331,KWH,,1,actual
,2026-06-01 11:30:00+12:00,2026-06-01 12:00:00+12:00,0,KWH,,2,actual
,2026-06-01 11:30:00+12:00,2026-06-01 12:00:00+12:00,0.353,KWH,,1,actual
,2026-06-01 12:00:00+12:00,2026-06-01 12:30:00+12:00,0.376,KWH,,1,actual
,2026-06-01 12:00:00+12:00,2026-06-01 12:30:00+12:00,0,KWH,,2,actual
,2026-06-01 12:30:00+12:00,2026-06-01 13:00:00+12:00,1.077,KWH,,2,actual
,2026-06-01 12:30:00+12:00,2026-06-01 13:00:00+12:00,0.22,KWH,,1,actual
,2026-06-01 13:00:00+12:00,2026-06-01 13:30:00+12:00,0.237,KWH,,1,actual
,2026-06-01 13:00:00+12:00,2026-06-01 13:30:00+12:00,1.153,KWH,,2,actual
,2026-06-01 13:30:00+12:00,2026-06-01 14:00:00+12:00,0.379,KWH,,1,actual
,2026-06-01 13:30:00+12:00,2026-06-01 14:00:00+12:00,0,KWH,,2,actual
,2026-06-01 14:00:00+12:00,2026-06-01 14:30:00+12:00,0,KWH,,2,actual
,2026-06-01 14:00:00+12:00,2026-06-01 14:30:00+12:00,0.63,KWH,,1,actual
,2026-06-01 14:30:00+12:00,2026-06-01 15:00:00+12:00,0.369,KWH,,1,actual
,2026-06-01 14:30:00+12:00,2026-06-01 15:00:00+12:00,0,KWH,,2,actual
,2026-06-01 15:00:00+12:00,2026-06-01 15:30:00+12:00,0,KWH,,2,actual
,2026-06-01 15:00:00+12:00,2026-06-01 15:30:00+12:00,1.008,KWH,,1,actual
,2026-06-01 15:30:00+12:00,2026-06-01 16:00:00+12:00,0,KWH,,2,actual
,2026-06-01 15:30:00+12:00,2026-06-01 16:00:00+12:00,0.58,KWH,,1,actual
,2026-06-01 16:00:00+12:00,2026-06-01 16:30:00+12:00,0.294,KWH,,1,actual
,2026-06-01 16:00:00+12:00,2026-06-01 16:30:00+12:00,0,KWH,,2,actual
,2026-06-01 16:30:00+12:00,2026-06-01 17:00:00+12:00,0.762,KWH,,1,actual
,2026-06-01 16:30:00+12:00,2026-06-01 17:00:00+12:00,0,KWH,,2,actual
,2026-06-01 17:00:00+12:00,2026-06-01 17:30:00+12:00,0,KWH,,2,actual
,2026-06-01 17:00:00+12:00,2026-06-01 17:30:00+12:00,1.178,KWH,,1,actual
,2026-06-01 17:30:00+12:00,2026-06-01 18:00:00+12:00,2.654,KWH,,1,actual
,2026-06-01 17:30:00+12:00,2026-06-01 18:00:00+12:00,0.174,KWH,,2,actual
,2026-06-01 18:00:00+12:00,2026-06-01 18:30:00+12:00,1.708,KWH,,1,actual
,2026-06-01 18:00:00+12:00,2026-06-01 18:30:00+12:00,1.336,KWH,,2,actual
,2026-06-01 18:30:00+12:00,2026-06-01 19:00:00+12:00,0.088,KWH,,2,actual
,2026-06-01 18:30:00+12:00,2026-06-01 19:00:00+12:00,0.902,KWH,,1,actual
,2026-06-01 19:00:00+12:00,2026-06-01 19:30:00+12:00,1.497,KWH,,2,actual
,2026-06-01 19:00:00+12:00,2026-06-01 19:30:00+12:00,0.962,KWH,,1,actual
,2026-06-01 19:30:00+12:00,2026-06-01 20:00:00+12:00,1.525,KWH,,2,actual
,2026-06-01 19:30:00+12:00,2026-06-01 20:00:00+12:00,0.344,KWH,,1,actual
,2026-06-01 20:00:00+12:00,2026-06-01 20:30:00+12:00,1.511,KWH,,2,actual
,2026-06-01 20:00:00+12:00,2026-06-01 20:30:00+12:00,0.536,KWH,,1,actual
,2026-06-01 20:30:00+12:00,2026-06-01 21:00:00+12:00,1.511,KWH,,2,actual
,2026-06-01 20:30:00+12:00,2026-06-01 21:00:00+12:00,0.656,KWH,,1,actual
,2026-06-01 21:00:00+12:00,2026-06-01 21:30:00+12:00,1.525,KWH,,2,actual
,2026-06-01 21:00:00+12:00,2026-06-01 21:30:00+12:00,0.679,KWH,,1,actual
,2026-06-01 21:30:00+12:00,2026-06-01 22:00:00+12:00,1.045,KWH,,1,actual
,2026-06-01 21:30:00+12:00,2026-06-01 22:00:00+12:00,0.082,KWH,,2,actual
,2026-06-01 22:00:00+12:00,2026-06-01 22:30:00+12:00,1.47,KWH,,1,actual
,2026-06-01 22:00:00+12:00,2026-06-01 22:30:00+12:00,0.561,KWH,,2,actual
,2026-06-01 22:30:00+12:00,2026-06-01 23:00:00+12:00,0.748,KWH,,1,actual
,2026-06-01 22:30:00+12:00,2026-06-01 23:00:00+12:00,1.525,KWH,,2,actual
,2026-06-01 23:00:00+12:00,2026-06-01 23:30:00+12:00,0.271,KWH,,1,actual
,2026-06-01 23:00:00+12:00,2026-06-01 23:30:00+12:00,1.552,KWH,,2,actual
,2026-06-01 23:30:00+12:00,2026-06-02 00:00:00+12:00,1.555,KWH,,2,actual
,2026-06-01 23:30:00+12:00,2026-06-02 00:00:00+12:00,0.174,KWH,,1,actual
,2026-06-02 00:00:00+12:00,2026-06-02 00:30:00+12:00,1.552,KWH,,2,actual
,2026-06-02 00:00:00+12:00,2026-06-02 00:30:00+12:00,0.198,KWH,,1,actual
,2026-06-02 00:30:00+12:00,2026-06-02 01:00:00+12:00,0.187,KWH,,1,actual
,2026-06-02 00:30:00+12:00,2026-06-02 01:00:00+12:00,1.554,KWH,,2,actual
,2026-06-02 01:00:00+12:00,2026-06-02 01:30:00+12:00,0.172,KWH,,1,actual
,2026-06-02 01:00:00+12:00,2026-06-02 01:30:00+12:00,1.553,KWH,,2,actual
,2026-06-02 01:30:00+12:00,2026-06-02 02:00:00+12:00,1.55,KWH,,2,actual
,2026-06-02 01:30:00+12:00,2026-06-02 02:00:00+12:00,0.178,KWH,,1,actual
,2026-06-02 02:00:00+12:00,2026-06-02 02:30:00+12:00,0.204,KWH,,1,actual
,2026-06-02 02:00:00+12:00,2026-06-02 02:30:00+12:00,0.04,KWH,,2,actual
,2026-06-02 02:30:00+12:00,2026-06-02 03:00:00+12:00,0,KWH,,2,actual
,2026-06-02 02:30:00+12:00,2026-06-02 03:00:00+12:00,0.179,KWH,,1,actual
,2026-06-02 03:00:00+12:00,2026-06-02 03:30:00+12:00,0,KWH,,2,actual
,2026-06-02 03:00:00+12:00,2026-06-02 03:30:00+12:00,0.175,KWH,,1,actual
,2026-06-02 03:30:00+12:00,2026-06-02 04:00:00+12:00,0.192,KWH,,1,actual
,2026-06-02 03:30:00+12:00,2026-06-02 04:00:00+12:00,0,KWH,,2,actual
,2026-06-02 04:00:00+12:00,2026-06-02 04:30:00+12:00,0,KWH,,2,actual
,2026-06-02 04:00:00+12:00,2026-06-02 04:30:00+12:00,0.187,KWH,,1,actual
,2026-06-02 04:30:00+12:00,2026-06-02 05:00:00+12:00,0.169,KWH,,1,actual
,2026-06-02 04:30:00+12:00,2026-06-02 05:00:00+12:00,0,KWH,,2,actual
,2026-06-02 05:00:00+12:00,2026-06-02 05:30:00+12:00,0.186,KWH,,1,actual
,2026-06-02 05:00:00+12:00,2026-06-02 05:30:00+12:00,0,KWH,,2,actual
,2026-06-02 05:30:00+12:00,2026-06-02 06:00:00+12:00,0,KWH,,2,actual
,2026-06-02 05:30:00+12:00,2026-06-02 06:00:00+12:00,0.195,KWH,,1,actual
,2026-06-02 06:00:00+12:00,2026-06-02 06:30:00+12:00,0,KWH,,2,actual
,2026-06-02 06:00:00+12:00,2026-06-02 06:30:00+12:00,0.328,KWH,,1,actual
,2026-06-02 06:30:00+12:00,2026-06-02 07:00:00+12:00,0,KWH,,2,actual
,2026-06-02 06:30:00+12:00,2026-06-02 07:00:00+12:00,0.268,KWH,,1,actual
,2026-06-02 07:00:00+12:00,2026-06-02 07:30:00+12:00,0.199,KWH,,1,actual
,2026-06-02 07:00:00+12:00,2026-06-02 07:30:00+12:00,0,KWH,,2,actual
,2026-06-02 07:30:00+12:00,2026-06-02 08:00:00+12:00,0.266,KWH,,1,actual
,2026-06-02 07:30:00+12:00,2026-06-02 08:00:00+12:00,0,KWH,,2,actual
,2026-06-02 08:00:00+12:00,2026-06-02 08:30:00+12:00,0.325,KWH,,1,actual
,2026-06-02 08:00:00+12:00,2026-06-02 08:30:00+12:00,0,KWH,,2,actual
,2026-06-02 08:30:00+12:00,2026-06-02 09:00:00+12:00,1.188,KWH,,2,actual
,2026-06-02 08:30:00+12:00,2026-06-02 09:00:00+12:00,0.401,KWH,,1,actual
,2026-06-02 09:00:00+12:00,2026-06-02 09:30:00+12:00,0.696,KWH,,2,actual
,2026-06-02 09:00:00+12:00,2026-06-02 09:30:00+12:00,0.262,KWH,,1,actual
,2026-06-02 09:30:00+12:00,2026-06-02 10:00:00+12:00,0,KWH,,2,actual
,2026-06-02 09:30:00+12:00,2026-06-02 10:00:00+12:00,0.17,KWH,,1,actual
,2026-06-02 10:00:00+12:00,2026-06-02 10:30:00+12:00,0.184,KWH,,1,actual
,2026-06-02 10:00:00+12:00,2026-06-02 10:30:00+12:00,0,KWH,,2,actual
,2026-06-02 10:30:00+12:00,2026-06-02 11:00:00+12:00,0,KWH,,2,actual
,2026-06-02 10:30:00+12:00,2026-06-02 11:00:00+12:00,0.156,KWH,,1,actual
,2026-06-02 11:00:00+12:00,2026-06-02 11:30:00+12:00,0.143,KWH,,1,actual
,2026-06-02 11:00:00+12:00,2026-06-02 11:30:00+12:00,0,KWH,,2,actual
,2026-06-02 11:30:00+12:00,2026-06-02 12:00:00+12:00,0.182,KWH,,1,actual
,2026-06-02 11:30:00+12:00,2026-06-02 12:00:00+12:00,0,KWH,,2,actual
,2026-06-02 12:00:00+12:00,2026-06-02 12:30:00+12:00,0,KWH,,2,actual
,2026-06-02 12:00:00+12:00,2026-06-02 12:30:00+12:00,0.154,KWH,,1,actual
,2026-06-02 12:30:00+12:00,2026-06-02 13:00:00+12:00,0.144,KWH,,1,actual
,2026-06-02 12:30:00+12:00,2026-06-02 13:00:00+12:00,0,KWH,,2,actual
,2026-06-02 13:00:00+12:00,2026-06-02 13:30:00+12:00,0,KWH,,2,actual
,2026-06-02 13:00:00+12:00,2026-06-02 13:30:00+12:00,0.179,KWH,,1,actual
,2026-06-02 13:30:00+12:00,2026-06-02 14:00:00+12:00,0,KWH,,2,actual
,2026-06-02 13:30:00+12:00,2026-06-02 14:00:00+12:00,0.386,KWH,,1,actual
,2026-06-02 14:00:00+12:00,2026-06-02 14:30:00+12:00,0.287,KWH,,1,actual
,2026-06-02 14:00:00+12:00,2026-06-02 14:30:00+12:00,0,KWH,,2,actual
,2026-06-02 14:30:00+12:00,2026-06-02 15:00:00+12:00,0,KWH,,2,actual
,2026-06-02 14:30:00+12:00,2026-06-02 15:00:00+12:00,0.17,KWH,,1,actual
,2026-06-02 15:00:00+12:00,2026-06-02 15:30:00+12:00,0.224,KWH,,1,actual
,2026-06-02 15:00:00+12:00,2026-06-02 15:30:00+12:00,0,KWH,,2,actual
,2026-06-02 15:30:00+12:00,2026-06-02 16:00:00+12:00,0.271,KWH,,1,actual
,2026-06-02 15:30:00+12:00,2026-06-02 16:00:00+12:00,0,KWH,,2,actual
,2026-06-02 16:00:00+12:00,2026-06-02 16:30:00+12:00,0,KWH,,2,actual
,2026-06-02 16:00:00+12:00,2026-06-02 16:30:00+12:00,0.264,KWH,,1,actual
,2026-06-02 16:30:00+12:00,2026-06-02 17:00:00+12:00,0,KWH,,2,actual
,2026-06-02 16:30:00+12:00,2026-06-02 17:00:00+12:00,0.343,KWH,,1,actual
,2026-06-02 17:00:00+12:00,2026-06-02 17:30:00+12:00,0.909,KWH,,1,actual
,2026-06-02 17:00:00+12:00,2026-06-02 17:30:00+12:00,0.426,KWH,,2,actual
,2026-06-02 17:30:00+12:00,2026-06-02 18:00:00+12:00,1.178,KWH,,2,actual
,2026-06-02 17:30:00+12:00,2026-06-02 18:00:00+12:00,0.421,KWH,,1,actual
,2026-06-02 18:00:00+12:00,2026-06-02 18:30:00+12:00,0,KWH,,2,actual
,2026-06-02 18:00:00+12:00,2026-06-02 18:30:00+12:00,0.817,KWH,,1,actual
,2026-06-02 18:30:00+12:00,2026-06-02 19:00:00+12:00,0.709,KWH,,1,actual
,2026-06-02 18:30:00+12:00,2026-06-02 19:00:00+12:00,0,KWH,,2,actual
,2026-06-02 19:00:00+12:00,2026-06-02 19:30:00+12:00,0.871,KWH,,1,actual
,2026-06-02 19:00:00+12:00,2026-06-02 19:30:00+12:00,0,KWH,,2,actual
,2026-06-02 19:30:00+12:00,2026-06-02 20:00:00+12:00,0.878,KWH,,1,actual
,2026-06-02 19:30:00+12:00,2026-06-02 20:00:00+12:00,0,KWH,,2,actual
,2026-06-02 20:00:00+12:00,2026-06-02 20:30:00+12:00,0.772,KWH,,1,actual
,2026-06-02 20:00:00+12:00,2026-06-02 20:30:00+12:00,0,KWH,,2,actual
,2026-06-02 20:30:00+12:00,2026-06-02 21:00:00+12:00,1.804,KWH,,1,actual
,2026-06-02 20:30:00+12:00,2026-06-02 21:00:00+12:00,0.979,KWH,,2,actual
,2026-06-02 21:00:00+12:00,2026-06-02 21:30:00+12:00,1.249,KWH,,1,actual
,2026-06-02 21:00:00+12:00,2026-06-02 21:30:00+12:00,0.569,KWH,,2,actual
,2026-06-02 21:30:00+12:00,2026-06-02 22:00:00+12:00,0,KWH,,2,actual
,2026-06-02 21:30:00+12:00,2026-06-02 22:00:00+12:00,0.721,KWH,,1,actual
,2026-06-02 22:00:00+12:00,2026-06-02 22:30:00+12:00,0,KWH,,2,actual
,2026-06-02 22:00:00+12:00,2026-06-02 22:30:00+12:00,0.459,KWH,,1,actual
,2026-06-02 22:30:00+12:00,2026-06-02 23:00:00+12:00,0.542,KWH,,2,actual
,2026-06-02 22:30:00+12:00,2026-06-02 23:00:00+12:00,0.637,KWH,,1,actual
,2026-06-02 23:00:00+12:00,2026-06-02 23:30:00+12:00,1.13,KWH,,2,actual
,2026-06-02 23:00:00+12:00,2026-06-02 23:30:00+12:00,1.961,KWH,,1,actual
,2026-06-02 23:30:00+12:00,2026-06-03 00:00:00+12:00,1.882,KWH,,1,actual
,2026-06-02 23:30:00+12:00,2026-06-03 00:00:00+12:00,0,KWH,,2,actual
,2026-06-03 00:00:00+12:00,2026-06-03 00:30:00+12:00,1.547,KWH,,1,actual
,2026-06-03 00:00:00+12:00,2026-06-03 00:30:00+12:00,0,KWH,,2,actual
,2026-06-03 00:30:00+12:00,2026-06-03 01:00:00+12:00,0,KWH,,2,actual
,2026-06-03 00:30:00+12:00,2026-06-03 01:00:00+12:00,0.545,KWH,,1,actual
,2026-06-03 01:00:00+12:00,2026-06-03 01:30:00+12:00,0,KWH,,2,actual
,2026-06-03 01:00:00+12:00,2026-06-03 01:30:00+12:00,0.4,KWH,,1,actual
,2026-06-03 01:30:00+12:00,2026-06-03 02:00:00+12:00,0.404,KWH,,1,actual
,2026-06-03 01:30:00+12:00,2026-06-03 02:00:00+12:00,0,KWH,,2,actual
,2026-06-03 02:00:00+12:00,2026-06-03 02:30:00+12:00,0,KWH,,2,actual
,2026-06-03 02:00:00+12:00,2026-06-03 02:30:00+12:00,0.4,KWH,,1,actual
,2026-06-03 02:30:00+12:00,2026-06-03 03:00:00+12:00,0.456,KWH,,1,actual
,2026-06-03 02:30:00+12:00,2026-06-03 03:00:00+12:00,0,KWH,,2,actual
,2026-06-03 03:00:00+12:00,2026-06-03 03:30:00+12:00,0.429,KWH,,1,actual
,2026-06-03 03:00:00+12:00,2026-06-03 03:30:00+12:00,0,KWH,,2,actual
,2026-06-03 03:30:00+12:00,2026-06-03 04:00:00+12:00,0,KWH,,2,actual
,2026-06-03 03:30:00+12:00,2026-06-03 04:00:00+12:00,0.427,KWH,,1,actual
,2026-06-03 04:00:00+12:00,2026-06-03 04:30:00+12:00,0.458,KWH,,1,actual
,2026-06-03 04:00:00+12:00,2026-06-03 04:30:00+12:00,0,KWH,,2,actual
,2026-06-03 04:30:00+12:00,2026-06-03 05:00:00+12:00,0,KWH,,2,actual
,2026-06-03 04:30:00+12:00,2026-06-03 05:00:00+12:00,0.422,KWH,,1,actual
,2026-06-03 05:00:00+12:00,2026-06-03 05:30:00+12:00,0,KWH,,2,actual
,2026-06-03 05:00:00+12:00,2026-06-03 05:30:00+12:00,0.431,KWH,,1,actual
,2026-06-03 05:30:00+12:00,2026-06-03 06:00:00+12:00,0.779,KWH,,1,actual
,2026-06-03 05:30:00+12:00,2026-06-03 06:00:00+12:00,0,KWH,,2,actual
,2026-06-03 06:00:00+12:00,2026-06-03 06:30:00+12:00,0.915,KWH,,1,actual
,2026-06-03 06:00:00+12:00,2026-06-03 06:30:00+12:00,0,KWH,,2,actual
,2026-06-03 06:30:00+12:00,2026-06-03 07:00:00+12:00,0.895,KWH,,1,actual
,2026-06-03 06:30:00+12:00,2026-06-03 07:00:00+12:00,0,KWH,,2,actual
,2026-06-03 07:00:00+12:00,2026-06-03 07:30:00+12:00,0,KWH,,2,actual
,2026-06-03 07:00:00+12:00,2026-06-03 07:30:00+12:00,0.825,KWH,,1,actual
,2026-06-03 07:30:00+12:00,2026-06-03 08:00:00+12:00,0,KWH,,2,actual
,2026-06-03 07:30:00+12:00,2026-06-03 08:00:00+12:00,0.636,KWH,,1,actual
,2026-06-03 08:00:00+12:00,2026-06-03 08:30:00+12:00,1.448,KWH,,2,actual
,2026-06-03 08:00:00+12:00,2026-06-03 08:30:00+12:00,0.881,KWH,,1,actual
,2026-06-03 08:30:00+12:00,2026-06-03 09:00:00+12:00,0.809,KWH,,1,actual
,2026-06-03 08:30:00+12:00,2026-06-03 09:00:00+12:00,0.122,KWH,,2,actual
,2026-06-03 09:00:00+12:00,2026-06-03 09:30:00+12:00,0.516,KWH,,1,actual
,2026-06-03 09:00:00+12:00,2026-06-03 09:30:00+12:00,0,KWH,,2,actual
,2026-06-03 09:30:00+12:00,2026-06-03 10:00:00+12:00,0.497,KWH,,1,actual
,2026-06-03 09:30:00+12:00,2026-06-03 10:00:00+12:00,0,KWH,,2,actual
,2026-06-03 10:00:00+12:00,2026-06-03 10:30:00+12:00,0,KWH,,2,actual
,2026-06-03 10:00:00+12:00,2026-06-03 10:30:00+12:00,0.493,KWH,,1,actual
,2026-06-03 10:30:00+12:00,2026-06-03 11:00:00+12:00,0.499,KWH,,1,actual
,2026-06-03 10:30:00+12:00,2026-06-03 11:00:00+12:00,0,KWH,,2,actual
,2026-06-03 11:00:00+12:00,2026-06-03 11:30:00+12:00,0,KWH,,2,actual
,2026-06-03 11:00:00+12:00,2026-06-03 11:30:00+12:00,0.487,KWH,,1,actual
,2026-06-03 11:30:00+12:00,2026-06-03 12:00:00+12:00,0,KWH,,2,actual
,2026-06-03 11:30:00+12:00,2026-06-03 12:00:00+12:00,0.515,KWH,,1,actual
,2026-06-03 12:00:00+12:00,2026-06-03 12:30:00+12:00,0.314,KWH,,1,actual
,2026-06-03 12:00:00+12:00,2026-06-03 12:30:00+12:00,0,KWH,,2,actual
,2026-06-03 12:30:00+12:00,2026-06-03 13:00:00+12:00,0,KWH,,2,actual
,2026-06-03 12:30:00+12:00,2026-06-03 13:00:00+12:00,0.181,KWH,,1,actual
,2026-06-03 13:00:00+12:00,2026-06-03 13:30:00+12:00,0.187,KWH,,1,actual
,2026-06-03 13:00:00+12:00,2026-06-03 13:30:00+12:00,0,KWH,,2,actual
,2026-06-03 13:30:00+12:00,2026-06-03 14:00:00+12:00,0.222,KWH,,1,actual
,2026-06-03 13:30:00+12:00,2026-06-03 14:00:00+12:00,0.014,KWH,,2,actual
,2026-06-03 14:00:00+12:00,2026-06-03 14:30:00+12:00,1.508,KWH,,2,actual
,2026-06-03 14:00:00+12:00,2026-06-03 14:30:00+12:00,0.643,KWH,,1,actual
,2026-06-03 14:30:00+12:00,2026-06-03 15:00:00+12:00,0.224,KWH,,1,actual
,2026-06-03 14:30:00+12:00,2026-06-03 15:00:00+12:00,1.514,KWH,,2,actual
,2026-06-03 15:00:00+12:00,2026-06-03 15:30:00+12:00,1.525,KWH,,2,actual
,2026-06-03 15:00:00+12:00,2026-06-03 15:30:00+12:00,0.228,KWH,,1,actual
,2026-06-03 15:30:00+12:00,2026-06-03 16:00:00+12:00,0.783,KWH,,2,actual
,2026-06-03 15:30:00+12:00,2026-06-03 16:00:00+12:00,0.215,KWH,,1,actual
,2026-06-03 16:00:00+12:00,2026-06-03 16:30:00+12:00,0.513,KWH,,1,actual
,2026-06-03 16:00:00+12:00,2026-06-03 16:30:00+12:00,0,KWH,,2,actual
,2026-06-03 16:30:00+12:00,2026-06-03 17:00:00+12:00,1.335,KWH,,1,actual
,2026-06-03 16:30:00+12:00,2026-06-03 17:00:00+12:00,0,KWH,,2,actual
,2026-06-03 17:00:00+12:00,2026-06-03 17:30:00+12:00,0,KWH,,2,actual
,2026-06-03 17:00:00+12:00,2026-06-03 17:30:00+12:00,1.398,KWH,,1,actual
,2026-06-03 17:30:00+12:00,2026-06-03 18:00:00+12:00,1.677,KWH,,1,actual
,2026-06-03 17:30:00+12:00,2026-06-03 18:00:00+12:00,0,KWH,,2,actual
,2026-06-03 18:00:00+12:00,2026-06-03 18:30:00+12:00,1.068,KWH,,1,actual
,2026-06-03 18:00:00+12:00,2026-06-03 18:30:00+12:00,0.235,KWH,,2,actual
,2026-06-03 18:30:00+12:00,2026-06-03 19:00:00+12:00,1.371,KWH,,2,actual
,2026-06-03 18:30:00+12:00,2026-06-03 19:00:00+12:00,0.85,KWH,,1,actual
,2026-06-03 19:00:00+12:00,2026-06-03 19:30:00+12:00,0,KWH,,2,actual
,2026-06-03 19:00:00+12:00,2026-06-03 19:30:00+12:00,1.123,KWH,,1,actual
,2026-06-03 19:30:00+12:00,2026-06-03 20:00:00+12:00,0,KWH,,2,actual
,2026-06-03 19:30:00+12:00,2026-06-03 20:00:00+12:00,0.932,KWH,,1,actual
,2026-06-03 20:00:00+12:00,2026-06-03 20:30:00+12:00,0,KWH,,2,actual
,2026-06-03 20:00:00+12:00,2026-06-03 20:30:00+12:00,0.939,KWH,,1,actual
,2026-06-03 20:30:00+12:00,2026-06-03 21:00:00+12:00,0,KWH,,2,actual
,2026-06-03 20:30:00+12:00,2026-06-03 21:00:00+12:00,1.366,KWH,,1,actual
,2026-06-03 21:00:00+12:00,2026-06-03 21:30:00+12:00,0,KWH,,2,actual
,2026-06-03 21:00:00+12:00,2026-06-03 21:30:00+12:00,0.76,KWH,,1,actual
,2026-06-03 21:30:00+12:00,2026-06-03 22:00:00+12:00,1.349,KWH,,1,actual
,2026-06-03 21:30:00+12:00,2026-06-03 22:00:00+12:00,1.301,KWH,,2,actual
,2026-06-03 22:00:00+12:00,2026-06-03 22:30:00+12:00,2.138,KWH,,1,actual
,2026-06-03 22:00:00+12:00,2026-06-03 22:30:00+12:00,1.498,KWH,,2,actual
,2026-06-03 22:30:00+12:00,2026-06-03 23:00:00+12:00,0.654,KWH,,1,actual
,2026-06-03 22:30:00+12:00,2026-06-03 23:00:00+12:00,1.551,KWH,,2,actual
,2026-06-03 23:00:00+12:00,2026-06-03 23:30:00+12:00,0.643,KWH,,1,actual
,2026-06-03 23:00:00+12:00,2026-06-03 23:30:00+12:00,1.553,KWH,,2,actual
,2026-06-03 23:30:00+12:00,2026-06-04 00:00:00+12:00,0.484,KWH,,2,actual
,2026-06-03 23:30:00+12:00,2026-06-04 00:00:00+12:00,0.574,KWH,,1,actual
,2026-06-04 00:00:00+12:00,2026-06-04 00:30:00+12:00,0,KWH,,2,actual
,2026-06-04 00:00:00+12:00,2026-06-04 00:30:00+12:00,0.449,KWH,,1,actual
,2026-06-04 00:30:00+12:00,2026-06-04 01:00:00+12:00,0.294,KWH,,1,actual
,2026-06-04 00:30:00+12:00,2026-06-04 01:00:00+12:00,0,KWH,,2,actual
,2026-06-04 01:00:00+12:00,2026-06-04 01:30:00+12:00,0.219,KWH,,1,actual
,2026-06-04 01:00:00+12:00,2026-06-04 01:30:00+12:00,0,KWH,,2,actual
,2026-06-04 01:30:00+12:00,2026-06-04 02:00:00+12:00,0,KWH,,2,actual
,2026-06-04 01:30:00+12:00,2026-06-04 02:00:00+12:00,0.209,KWH,,1,actual
,2026-06-04 02:00:00+12:00,2026-06-04 02:30:00+12:00,0.228,KWH,,1,actual
,2026-06-04 02:00:00+12:00,2026-06-04 02:30:00+12:00,0,KWH,,2,actual
,2026-06-04 02:30:00+12:00,2026-06-04 03:00:00+12:00,0,KWH,,2,actual
,2026-06-04 02:30:00+12:00,2026-06-04 03:00:00+12:00,0.212,KWH,,1,actual
,2026-06-04 03:00:00+12:00,2026-06-04 03:30:00+12:00,0,KWH,,2,actual
,2026-06-04 03:00:00+12:00,2026-06-04 03:30:00+12:00,0.289,KWH,,1,actual
,2026-06-04 03:30:00+12:00,2026-06-04 04:00:00+12:00,0.296,KWH,,1,actual
,2026-06-04 03:30:00+12:00,2026-06-04 04:00:00+12:00,0,KWH,,2,actual
,2026-06-04 04:00:00+12:00,2026-06-04 04:30:00+12:00,0,KWH,,2,actual
,2026-06-04 04:00:00+12:00,2026-06-04 04:30:00+12:00,0.281,KWH,,1,actual
,2026-06-04 04:30:00+12:00,2026-06-04 05:00:00+12:00,0.28,KWH,,1,actual
,2026-06-04 04:30:00+12:00,2026-06-04 05:00:00+12:00,0,KWH,,2,actual
,2026-06-04 05:00:00+12:00,2026-06-04 05:30:00+12:00,0.274,KWH,,1,actual
,2026-06-04 05:00:00+12:00,2026-06-04 05:30:00+12:00,0,KWH,,2,actual
,2026-06-04 05:30:00+12:00,2026-06-04 06:00:00+12:00,0,KWH,,2,actual
,2026-06-04 05:30:00+12:00,2026-06-04 06:00:00+12:00,0.593,KWH,,1,actual
,2026-06-04 06:00:00+12:00,2026-06-04 06:30:00+12:00,0,KWH,,2,actual
,2026-06-04 06:00:00+12:00,2026-06-04 06:30:00+12:00,1.041,KWH,,1,actual
,2026-06-04 06:30:00+12:00,2026-06-04 07:00:00+12:00,0,KWH,,2,actual
,2026-06-04 06:30:00+12:00,2026-06-04 07:00:00+12:00,0.907,KWH,,1,actual
,2026-06-04 07:00:00+12:00,2026-06-04 07:30:00+12:00,0.751,KWH,,1,actual
,2026-06-04 07:00:00+12:00,2026-06-04 07:30:00+12:00,0,KWH,,2,actual
,2026-06-04 07:30:00+12:00,2026-06-04 08:00:00+12:00,0.901,KWH,,1,actual
,2026-06-04 07:30:00+12:00,2026-06-04 08:00:00+12:00,0.957,KWH,,2,actual
,2026-06-04 08:00:00+12:00,2026-06-04 08:30:00+12:00,0.575,KWH,,1,actual
,2026-06-04 08:00:00+12:00,2026-06-04 08:30:00+12:00,1.093,KWH,,2,actual
,2026-06-04 08:30:00+12:00,2026-06-04 09:00:00+12:00,0,KWH,,2,actual
,2026-06-04 08:30:00+12:00,2026-06-04 09:00:00+12:00,0.605,KWH,,1,actual
,2026-06-04 09:00:00+12:00,2026-06-04 09:30:00+12:00,0,KWH,,2,actual
,2026-06-04 09:00:00+12:00,2026-06-04 09:30:00+12:00,0.22,KWH,,1,actual
,2026-06-04 09:30:00+12:00,2026-06-04 10:00:00+12:00,0,KWH,,2,actual
,2026-06-04 09:30:00+12:00,2026-06-04 10:00:00+12:00,0.234,KWH,,1,actual
,2026-06-04 10:00:00+12:00,2026-06-04 10:30:00+12:00,0.622,KWH,,1,actual
,2026-06-04 10:00:00+12:00,2026-06-04 10:30:00+12:00,0,KWH,,2,actual
,2026-06-04 10:30:00+12:00,2026-06-04 11:00:00+12:00,0,KWH,,2,actual
,2026-06-04 10:30:00+12:00,2026-06-04 11:00:00+12:00,0.742,KWH,,1,actual
,2026-06-04 11:00:00+12:00,2026-06-04 11:30:00+12:00,0.478,KWH,,1,actual
,2026-06-04 11:00:00+12:00,2026-06-04 11:30:00+12:00,0,KWH,,2,actual
,2026-06-04 11:30:00+12:00,2026-06-04 12:00:00+12:00,0.894,KWH,,1,actual
,2026-06-04 11:30:00+12:00,2026-06-04 12:00:00+12:00,0.58,KWH,,2,actual
,2026-06-04 12:00:00+12:00,2026-06-04 12:30:00+12:00,1.492,KWH,,2,actual
,2026-06-04 12:00:00+12:00,2026-06-04 12:30:00+12:00,0.534,KWH,,1,actual
,2026-06-04 12:30:00+12:00,2026-06-04 13:00:00+12:00,0.31,KWH,,1,actual
,2026-06-04 12:30:00+12:00,2026-06-04 13:00:00+12:00,0.531,KWH,,2,actual
,2026-06-04 13:00:00+12:00,2026-06-04 13:30:00+12:00,0,KWH,,2,actual
,2026-06-04 13:00:00+12:00,2026-06-04 13:30:00+12:00,0.315,KWH,,1,actual
,2026-06-04 13:30:00+12:00,2026-06-04 14:00:00+12:00,0,KWH,,2,actual
,2026-06-04 13:30:00+12:00,2026-06-04 14:00:00+12:00,0.208,KWH,,1,actual
,2026-06-04 14:00:00+12:00,2026-06-04 14:30:00+12:00,0.195,KWH,,1,actual
,2026-06-04 14:00:00+12:00,2026-06-04 14:30:00+12:00,0,KWH,,2,actual
,2026-06-04 14:30:00+12:00,2026-06-04 15:00:00+12:00,0,KWH,,2,actual
,2026-06-04 14:30:00+12:00,2026-06-04 15:00:00+12:00,0.226,KWH,,1,actual
,2026-06-04 15:00:00+12:00,2026-06-04 15:30:00+12:00,0.284,KWH,,1,actual
,2026-06-04 15:00:00+12:00,2026-06-04 15:30:00+12:00,0,KWH,,2,actual
,2026-06-04 15:30:00+12:00,2026-06-04 16:00:00+12:00,0.33,KWH,,1,actual
,2026-06-04 15:30:00+12:00,2026-06-04 16:00:00+12:00,0,KWH,,2,actual
,2026-06-04 16:00:00+12:00,2026-06-04 16:30:00+12:00,0,KWH,,2,actual
,2026-06-04 16:00:00+12:00,2026-06-04 16:30:00+12:00,0.309,KWH,,1,actual
,2026-06-04 16:30:00+12:00,2026-06-04 17:00:00+12:00,0,KWH,,2,actual
,2026-06-04 16:30:00+12:00,2026-06-04 17:00:00+12:00,0.322,KWH,,1,actual
,2026-06-04 17:00:00+12:00,2026-06-04 17:30:00+12:00,0.294,KWH,,1,actual
,2026-06-04 17:00:00+12:00,2026-06-04 17:30:00+12:00,0,KWH,,2,actual
,2026-06-04 17:30:00+12:00,2026-06-04 18:00:00+12:00,0.183,KWH,,2,actual
,2026-06-04 17:30:00+12:00,2026-06-04 18:00:00+12:00,0.249,KWH,,1,actual
,2026-06-04 18:00:00+12:00,2026-06-04 18:30:00+12:00,1.504,KWH,,2,actual
,2026-06-04 18:00:00+12:00,2026-06-04 18:30:00+12:00,0.293,KWH,,1,actual
,2026-06-04 18:30:00+12:00,2026-06-04 19:00:00+12:00,0.224,KWH,,1,actual
,2026-06-04 18:30:00+12:00,2026-06-04 19:00:00+12:00,1.049,KWH,,2,actual
,2026-06-04 19:00:00+12:00,2026-06-04 19:30:00+12:00,0.217,KWH,,1,actual
,2026-06-04 19:00:00+12:00,2026-06-04 19:30:00+12:00,0,KWH,,2,actual
,2026-06-04 19:30:00+12:00,2026-06-04 20:00:00+12:00,0.248,KWH,,1,actual
,2026-06-04 19:30:00+12:00,2026-06-04 20:00:00+12:00,0,KWH,,2,actual
,2026-06-04 20:00:00+12:00,2026-06-04 20:30:00+12:00,0.292,KWH,,1,actual
,2026-06-04 20:00:00+12:00,2026-06-04 20:30:00+12:00,0,KWH,,2,actual
,2026-06-04 20:30:00+12:00,2026-06-04 21:00:00+12:00,0.284,KWH,,1,actual
,2026-06-04 20:30:00+12:00,2026-06-04 21:00:00+12:00,0,KWH,,2,actual
,2026-06-04 21:00:00+12:00,2026-06-04 21:30:00+12:00,0.312,KWH,,1,actual
,2026-06-04 21:00:00+12:00,2026-06-04 21:30:00+12:00,0,KWH,,2,actual
,2026-06-04 21:30:00+12:00,2026-06-04 22:00:00+12:00,0,KWH,,2,actual
,2026-06-04 21:30:00+12:00,2026-06-04 22:00:00+12:00,0.249,KWH,,1,actual
,2026-06-04 22:00:00+12:00,2026-06-04 22:30:00+12:00,0,KWH,,2,actual
,2026-06-04 22:00:00+12:00,2026-06-04 22:30:00+12:00,0.222,KWH,,1,actual
,2026-06-04 22:30:00+12:00,2026-06-04 23:00:00+12:00,0,KWH,,2,actual
,2026-06-04 22:30:00+12:00,2026-06-04 23:00:00+12:00,0.248,KWH,,1,actual
,2026-06-04 23:00:00+12:00,2026-06-04 23:30:00+12:00,0,KWH,,2,actual
,2026-06-04 23:00:00+12:00,2026-06-04 23:30:00+12:00,0.241,KWH,,1,actual
,2026-06-04 23:30:00+12:00,2026-06-05 00:00:00+12:00,0.253,KWH,,1,actual
,2026-06-04 23:30:00+12:00,2026-06-05 00:00:00+12:00,0,KWH,,2,actual
,2026-06-05 00:00:00+12:00,2026-06-05 00:30:00+12:00,0.666,KWH,,1,actual
,2026-06-05 00:00:00+12:00,2026-06-05 00:30:00+12:00,0,KWH,,2,actual
,2026-06-05 00:30:00+12:00,2026-06-05 01:00:00+12:00,0,KWH,,2,actual
,2026-06-05 00:30:00+12:00,2026-06-05 01:00:00+12:00,0.257,KWH,,1,actual
,2026-06-05 01:00:00+12:00,2026-06-05 01:30:00+12:00,0,KWH,,2,actual
,2026-06-05 01:00:00+12:00,2026-06-05 01:30:00+12:00,0.968,KWH,,1,actual
,2026-06-05 01:30:00+12:00,2026-06-05 02:00:00+12:00,0.212,KWH,,1,actual
,2026-06-05 01:30:00+12:00,2026-06-05 02:00:00+12:00,0,KWH,,2,actual
,2026-06-05 02:00:00+12:00,2026-06-05 02:30:00+12:00,0,KWH,,2,actual
,2026-06-05 02:00:00+12:00,2026-06-05 02:30:00+12:00,0.208,KWH,,1,actual
,2026-06-05 02:30:00+12:00,2026-06-05 03:00:00+12:00,0.191,KWH,,1,actual
,2026-06-05 02:30:00+12:00,2026-06-05 03:00:00+12:00,0,KWH,,2,actual
,2026-06-05 03:00:00+12:00,2026-06-05 03:30:00+12:00,0.2,KWH,,1,actual
,2026-06-05 03:00:00+12:00,2026-06-05 03:30:00+12:00,0,KWH,,2,actual
,2026-06-05 03:30:00+12:00,2026-06-05 04:00:00+12:00,0,KWH,,2,actual
,2026-06-05 03:30:00+12:00,2026-06-05 04:00:00+12:00,0.211,KWH,,1,actual
,2026-06-05 04:00:00+12:00,2026-06-05 04:30:00+12:00,0.2,KWH,,1,actual
,2026-06-05 04:00:00+12:00,2026-06-05 04:30:00+12:00,0.402,KWH,,2,actual
,2026-06-05 04:30:00+12:00,2026-06-05 05:00:00+12:00,1.142,KWH,,2,actual
,2026-06-05 04:30:00+12:00,2026-06-05 05:00:00+12:00,0.198,KWH,,1,actual
,2026-06-05 05:00:00+12:00,2026-06-05 05:30:00+12:00,0,KWH,,2,actual
,2026-06-05 05:00:00+12:00,2026-06-05 05:30:00+12:00,0.209,KWH,,1,actual
,2026-06-05 05:30:00+12:00,2026-06-05 06:00:00+12:00,0.212,KWH,,1,actual
,2026-06-05 05:30:00+12:00,2026-06-05 06:00:00+12:00,0,KWH,,2,actual
,2026-06-05 06:00:00+12:00,2026-06-05 06:30:00+12:00,0.332,KWH,,1,actual
,2026-06-05 06:00:00+12:00,2026-06-05 06:30:00+12:00,0,KWH,,2,actual
,2026-06-05 06:30:00+12:00,2026-06-05 07:00:00+12:00,0.364,KWH,,1,actual
,2026-06-05 06:30:00+12:00,2026-06-05 07:00:00+12:00,0,KWH,,2,actual
,2026-06-05 07:00:00+12:00,2026-06-05 07:30:00+12:00,0,KWH,,2,actual
,2026-06-05 07:00:00+12:00,2026-06-05 07:30:00+12:00,0.221,KWH,,1,actual
,2026-06-05 07:30:00+12:00,2026-06-05 08:00:00+12:00,0,KWH,,2,actual
,2026-06-05 07:30:00+12:00,2026-06-05 08:00:00+12:00,0.376,KWH,,1,actual
,2026-06-05 08:00:00+12:00,2026-06-05 08:30:00+12:00,0.399,KWH,,2,actual
,2026-06-05 08:00:00+12:00,2026-06-05 08:30:00+12:00,0.644,KWH,,1,actual
,2026-06-05 08:30:00+12:00,2026-06-05 09:00:00+12:00,0.326,KWH,,1,actual
,2026-06-05 08:30:00+12:00,2026-06-05 09:00:00+12:00,1.39,KWH,,2,actual
,2026-06-05 09:00:00+12:00,2026-06-05 09:30:00+12:00,0.291,KWH,,1,actual
,2026-06-05 09:00:00+12:00,2026-06-05 09:30:00+12:00,0,KWH,,2,actual
,2026-06-05 09:30:00+12:00,2026-06-05 10:00:00+12:00,0.287,KWH,,1,actual
,2026-06-05 09:30:00+12:00,2026-06-05 10:00:00+12:00,0,KWH,,2,actual
,2026-06-05 10:00:00+12:00,2026-06-05 10:30:00+12:00,0,KWH,,2,actual
,2026-06-05 10:00:00+12:00,2026-06-05 10:30:00+12:00,0.202,KWH,,1,actual
,2026-06-05 10:30:00+12:00,2026-06-05 11:00:00+12:00,0.172,KWH,,1,actual
,2026-06-05 10:30:00+12:00,2026-06-05 11:00:00+12:00,0,KWH,,2,actual
,2026-06-05 11:00:00+12:00,2026-06-05 11:30:00+12:00,0,KWH,,2,actual
,2026-06-05 11:00:00+12:00,2026-06-05 11:30:00+12:00,0.163,KWH,,1,actual
,2026-06-05 11:30:00+12:00,2026-06-05 12:00:00+12:00,0,KWH,,2,actual
,2026-06-05 11:30:00+12:00,2026-06-05 12:00:00+12:00,0.239,KWH,,1,actual
,2026-06-05 12:00:00+12:00,2026-06-05 12:30:00+12:00,0.267,KWH,,1,actual
,2026-06-05 12:00:00+12:00,2026-06-05 12:30:00+12:00,0,KWH,,2,actual
,2026-06-05 12:30:00+12:00,2026-06-05 13:00:00+12:00,0,KWH,,2,actual
,2026-06-05 12:30:00+12:00,2026-06-05 13:00:00+12:00,0.247,KWH,,1,actual
,2026-06-05 13:00:00+12:00,2026-06-05 13:30:00+12:00,0.383,KWH,,1,actual
,2026-06-05 13:00:00+12:00,2026-06-05 13:30:00+12:00,0.022,KWH,,2,actual
,2026-06-05 13:30:00+12:00,2026-06-05 14:00:00+12:00,0.273,KWH,,1,actual
,2026-06-05 13:30:00+12:00,2026-06-05 14:00:00+12:00,1.446,KWH,,2,actual
,2026-06-05 14:00:00+12:00,2026-06-05 14:30:00+12:00,0,KWH,,2,actual
,2026-06-05 14:00:00+12:00,2026-06-05 14:30:00+12:00,0.328,KWH,,1,actual
,2026-06-05 14:30:00+12:00,2026-06-05 15:00:00+12:00,0.247,KWH,,1,actual
,2026-06-05 14:30:00+12:00,2026-06-05 15:00:00+12:00,0,KWH,,2,actual
,2026-06-05 15:00:00+12:00,2026-06-05 15:30:00+12:00,0,KWH,,2,actual
,2026-06-05 15:00:00+12:00,2026-06-05 15:30:00+12:00,0.36,KWH,,1,actual
,2026-06-05 15:30:00+12:00,2026-06-05 16:00:00+12:00,0,KWH,,2,actual
,2026-06-05 15:30:00+12:00,2026-06-05 16:00:00+12:00,0.376,KWH,,1,actual
,2026-06-05 16:00:00+12:00,2026-06-05 16:30:00+12:00,0.415,KWH,,1,actual
,2026-06-05 16:00:00+12:00,2026-06-05 16:30:00+12:00,0,KWH,,2,actual
,2026-06-05 16:30:00+12:00,2026-06-05 17:00:00+12:00,0.769,KWH,,1,actual
,2026-06-05 16:30:00+12:00,2026-06-05 17:00:00+12:00,0,KWH,,2,actual
,2026-06-05 17:00:00+12:00,2026-06-05 17:30:00+12:00,0,KWH,,2,actual
,2026-06-05 17:00:00+12:00,2026-06-05 17:30:00+12:00,1.215,KWH,,1,actual
,2026-06-05 17:30:00+12:00,2026-06-05 18:00:00+12:00,0.904,KWH,,1,actual
,2026-06-05 17:30:00+12:00,2026-06-05 18:00:00+12:00,0,KWH,,2,actual
,2026-06-05 18:00:00+12:00,2026-06-05 18:30:00+12:00,0.703,KWH,,1,actual
,2026-06-05 18:00:00+12:00,2026-06-05 18:30:00+12:00,0,KWH,,2,actual
,2026-06-05 18:30:00+12:00,2026-06-05 19:00:00+12:00,1.151,KWH,,2,actual
,2026-06-05 18:30:00+12:00,2026-06-05 19:00:00+12:00,0.89,KWH,,1,actual
,2026-06-05 19:00:00+12:00,2026-06-05 19:30:00+12:00,0.695,KWH,,2,actual
,2026-06-05 19:00:00+12:00,2026-06-05 19:30:00+12:00,0.756,KWH,,1,actual
,2026-06-05 19:30:00+12:00,2026-06-05 20:00:00+12:00,0,KWH,,2,actual
,2026-06-05 19:30:00+12:00,2026-06-05 20:00:00+12:00,0.659,KWH,,1,actual
,2026-06-05 20:00:00+12:00,2026-06-05 20:30:00+12:00,0,KWH,,2,actual
,2026-06-05 20:00:00+12:00,2026-06-05 20:30:00+12:00,0.642,KWH,,1,actual
,2026-06-05 20:30:00+12:00,2026-06-05 21:00:00+12:00,0,KWH,,2,actual
,2026-06-05 20:30:00+12:00,2026-06-05 21:00:00+12:00,0.683,KWH,,1,actual
,2026-06-05 21:00:00+12:00,2026-06-05 21:30:00+12:00,0,KWH,,2,actual
,2026-06-05 21:00:00+12:00,2026-06-05 21:30:00+12:00,0.722,KWH,,1,actual
,2026-06-05 21:30:00+12:00,2026-06-05 22:00:00+12:00,0.667,KWH,,1,actual
,2026-06-05 21:30:00+12:00,2026-06-05 22:00:00+12:00,0,KWH,,2,actual
,2026-06-05 22:00:00+12:00,2026-06-05 22:30:00+12:00,0.351,KWH,,1,actual
,2026-06-05 22:00:00+12:00,2026-06-05 22:30:00+12:00,0,KWH,,2,actual
,2026-06-05 22:30:00+12:00,2026-06-05 23:00:00+12:00,0.154,KWH,,1,actual
,2026-06-05 22:30:00+12:00,2026-06-05 23:00:00+12:00,0,KWH,,2,actual
,2026-06-05 23:00:00+12:00,2026-06-05 23:30:00+12:00,0.238,KWH,,1,actual
,2026-06-05 23:00:00+12:00,2026-06-05 23:30:00+12:00,0,KWH,,2,actual
,2026-06-05 23:30:00+12:00,2026-06-06 00:00:00+12:00,0,KWH,,2,actual
,2026-06-05 23:30:00+12:00,2026-06-06 00:00:00+12:00,0.251,KWH,,1,actual
,2026-06-06 00:00:00+12:00,2026-06-06 00:30:00+12:00,0,KWH,,2,actual
,2026-06-06 00:00:00+12:00,2026-06-06 00:30:00+12:00,0.222,KWH,,1,actual
,2026-06-06 00:30:00+12:00,2026-06-06 01:00:00+12:00,0.223,KWH,,1,actual
,2026-06-06 00:30:00+12:00,2026-06-06 01:00:00+12:00,0,KWH,,2,actual
,2026-06-06 01:00:00+12:00,2026-06-06 01:30:00+12:00,0.255,KWH,,1,actual
,2026-06-06 01:00:00+12:00,2026-06-06 01:30:00+12:00,1.125,KWH,,2,actual
,2026-06-06 01:30:00+12:00,2026-06-06 02:00:00+12:00,0.284,KWH,,2,actual
,2026-06-06 01:30:00+12:00,2026-06-06 02:00:00+12:00,0.241,KWH,,1,actual
,2026-06-06 02:00:00+12:00,2026-06-06 02:30:00+12:00,0.238,KWH,,1,actual
,2026-06-06 02:00:00+12:00,2026-06-06 02:30:00+12:00,0,KWH,,2,actual
,2026-06-06 02:30:00+12:00,2026-06-06 03:00:00+12:00,0,KWH,,2,actual
,2026-06-06 02:30:00+12:00,2026-06-06 03:00:00+12:00,0.276,KWH,,1,actual
,2026-06-06 03:00:00+12:00,2026-06-06 03:30:00+12:00,0,KWH,,2,actual
,2026-06-06 03:00:00+12:00,2026-06-06 03:30:00+12:00,0.256,KWH,,1,actual
,2026-06-06 03:30:00+12:00,2026-06-06 04:00:00+12:00,0.248,KWH,,1,actual
,2026-06-06 03:30:00+12:00,2026-06-06 04:00:00+12:00,0,KWH,,2,actual
,2026-06-06 04:00:00+12:00,2026-06-06 04:30:00+12:00,0,KWH,,2,actual
,2026-06-06 04:00:00+12:00,2026-06-06 04:30:00+12:00,0.259,KWH,,1,actual
,2026-06-06 04:30:00+12:00,2026-06-06 05:00:00+12:00,0.268,KWH,,1,actual
,2026-06-06 04:30:00+12:00,2026-06-06 05:00:00+12:00,0,KWH,,2,actual
,2026-06-06 05:00:00+12:00,2026-06-06 05:30:00+12:00,0.319,KWH,,1,actual
,2026-06-06 05:00:00+12:00,2026-06-06 05:30:00+12:00,0,KWH,,2,actual
,2026-06-06 05:30:00+12:00,2026-06-06 06:00:00+12:00,0,KWH,,2,actual
,2026-06-06 05:30:00+12:00,2026-06-06 06:00:00+12:00,0.671,KWH,,1,actual
,2026-06-06 06:00:00+12:00,2026-06-06 06:30:00+12:00,0,KWH,,2,actual
,2026-06-06 06:00:00+12:00,2026-06-06 06:30:00+12:00,1.054,KWH,,1,actual
,2026-06-06 06:30:00+12:00,2026-06-06 07:00:00+12:00,0,KWH,,2,actual
,2026-06-06 06:30:00+12:00,2026-06-06 07:00:00+12:00,0.861,KWH,,1,actual
,2026-06-06 07:00:00+12:00,2026-06-06 07:30:00+12:00,0.805,KWH,,1,actual
,2026-06-06 07:00:00+12:00,2026-06-06 07:30:00+12:00,0,KWH,,2,actual
,2026-06-06 07:30:00+12:00,2026-06-06 08:00:00+12:00,0.836,KWH,,1,actual
,2026-06-06 07:30:00+12:00,2026-06-06 08:00:00+12:00,0,KWH,,2,actual
,2026-06-06 08:00:00+12:00,2026-06-06 08:30:00+12:00,0.654,KWH,,1,actual
,2026-06-06 08:00:00+12:00,2026-06-06 08:30:00+12:00,0,KWH,,2,actual
,2026-06-06 08:30:00+12:00,2026-06-06 09:00:00+12:00,0,KWH,,2,actual
,2026-06-06 08:30:00+12:00,2026-06-06 09:00:00+12:00,0.797,KWH,,1,actual
,2026-06-06 09:00:00+12:00,2026-06-06 09:30:00+12:00,0,KWH,,2,actual
,2026-06-06 09:00:00+12:00,2026-06-06 09:30:00+12:00,0.593,KWH,,1,actual
,2026-06-06 09:30:00+12:00,2026-06-06 10:00:00+12:00,1.102,KWH,,2,actual
,2026-06-06 09:30:00+12:00,2026-06-06 10:00:00+12:00,0.657,KWH,,1,actual
,2026-06-06 10:00:00+12:00,2026-06-06 10:30:00+12:00,1.648,KWH,,1,actual
,2026-06-06 10:00:00+12:00,2026-06-06 10:30:00+12:00,1.438,KWH,,2,actual
,2026-06-06 10:30:00+12:00,2026-06-06 11:00:00+12:00,1.431,KWH,,2,actual
,2026-06-06 10:30:00+12:00,2026-06-06 11:00:00+12:00,2.306,KWH,,1,actual
,2026-06-06 11:00:00+12:00,2026-06-06 11:30:00+12:00,2.713,KWH,,1,actual
,2026-06-06 11:00:00+12:00,2026-06-06 11:30:00+12:00,1.441,KWH,,2,actual
,2026-06-06 11:30:00+12:00,2026-06-06 12:00:00+12:00,2.302,KWH,,1,actual
,2026-06-06 11:30:00+12:00,2026-06-06 12:00:00+12:00,1.443,KWH,,2,actual
,2026-06-06 12:00:00+12:00,2026-06-06 12:30:00+12:00,2.921,KWH,,1,actual
,2026-06-06 12:00:00+12:00,2026-06-06 12:30:00+12:00,1.448,KWH,,2,actual
,2026-06-06 12:30:00+12:00,2026-06-06 13:00:00+12:00,1.479,KWH,,2,actual
,2026-06-06 12:30:00+12:00,2026-06-06 13:00:00+12:00,2.254,KWH,,1,actual
,2026-06-06 13:00:00+12:00,2026-06-06 13:30:00+12:00,2.009,KWH,,1,actual
,2026-06-06 13:00:00+12:00,2026-06-06 13:30:00+12:00,1.478,KWH,,2,actual
,2026-06-06 13:30:00+12:00,2026-06-06 14:00:00+12:00,3.008,KWH,,1,actual
,2026-06-06 13:30:00+12:00,2026-06-06 14:00:00+12:00,0.037,KWH,,2,actual
,2026-06-06 14:00:00+12:00,2026-06-06 14:30:00+12:00,0,KWH,,2,actual
,2026-06-06 14:00:00+12:00,2026-06-06 14:30:00+12:00,3.184,KWH,,1,actual
,2026-06-06 14:30:00+12:00,2026-06-06 15:00:00+12:00,2.265,KWH,,1,actual
,2026-06-06 14:30:00+12:00,2026-06-06 15:00:00+12:00,0,KWH,,2,actual
,2026-06-06 15:00:00+12:00,2026-06-06 15:30:00+12:00,0,KWH,,2,actual
,2026-06-06 15:00:00+12:00,2026-06-06 15:30:00+12:00,2.106,KWH,,1,actual
,2026-06-06 15:30:00+12:00,2026-06-06 16:00:00+12:00,0.85,KWH,,2,actual
,2026-06-06 15:30:00+12:00,2026-06-06 16:00:00+12:00,2.111,KWH,,1,actual
,2026-06-06 16:00:00+12:00,2026-06-06 16:30:00+12:00,2.545,KWH,,1,actual
,2026-06-06 16:00:00+12:00,2026-06-06 16:30:00+12:00,1.439,KWH,,2,actual
,2026-06-06 16:30:00+12:00,2026-06-06 17:00:00+12:00,3.027,KWH,,1,actual
,2026-06-06 16:30:00+12:00,2026-06-06 17:00:00+12:00,0.006,KWH,,2,actual
,2026-06-06 17:00:00+12:00,2026-06-06 17:30:00+12:00,0,KWH,,2,actual
,2026-06-06 17:00:00+12:00,2026-06-06 17:30:00+12:00,2.537,KWH,,1,actual
,2026-06-06 17:30:00+12:00,2026-06-06 18:00:00+12:00,1.024,KWH,,1,actual
,2026-06-06 17:30:00+12:00,2026-06-06 18:00:00+12:00,0,KWH,,2,actual
,2026-06-06 18:00:00+12:00,2026-06-06 18:30:00+12:00,0.672,KWH,,1,actual
,2026-06-06 18:00:00+12:00,2026-06-06 18:30:00+12:00,0,KWH,,2,actual
,2026-06-06 18:30:00+12:00,2026-06-06 19:00:00+12:00,0,KWH,,2,actual
,2026-06-06 18:30:00+12:00,2026-06-06 19:00:00+12:00,0.554,KWH,,1,actual
,2026-06-06 19:00:00+12:00,2026-06-06 19:30:00+12:00,0,KWH,,2,actual
,2026-06-06 19:00:00+12:00,2026-06-06 19:30:00+12:00,0.542,KWH,,1,actual
,2026-06-06 19:30:00+12:00,2026-06-06 20:00:00+12:00,0,KWH,,2,actual
,2026-06-06 19:30:00+12:00,2026-06-06 20:00:00+12:00,0.508,KWH,,1,actual
,2026-06-06 20:00:00+12:00,2026-06-06 20:30:00+12:00,0,KWH,,2,actual
,2026-06-06 20:00:00+12:00,2026-06-06 20:30:00+12:00,0.501,KWH,,1,actual
,2026-06-06 20:30:00+12:00,2026-06-06 21:00:00+12:00,0,KWH,,2,actual
,2026-06-06 20:30:00+12:00,2026-06-06 21:00:00+12:00,0.529,KWH,,1,actual
,2026-06-06 21:00:00+12:00,2026-06-06 21:30:00+12:00,0,KWH,,2,actual
,2026-06-06 21:00:00+12:00,2026-06-06 21:30:00+12:00,0.558,KWH,,1,actual
,2026-06-06 21:30:00+12:00,2026-06-06 22:00:00+12:00,0.498,KWH,,1,actual
,2026-06-06 21:30:00+12:00,2026-06-06 22:00:00+12:00,0,KWH,,2,actual
,2026-06-06 22:00:00+12:00,2026-06-06 22:30:00+12:00,0.202,KWH,,1,actual
,2026-06-06 22:00:00+12:00,2026-06-06 22:30:00+12:00,0,KWH,,2,actual
,2026-06-06 22:30:00+12:00,2026-06-06 23:00:00+12:00,0.202,KWH,,1,actual
,2026-06-06 22:30:00+12:00,2026-06-06 23:00:00+12:00,0,KWH,,2,actual
,2026-06-06 23:00:00+12:00,2026-06-06 23:30:00+12:00,0.316,KWH,,1,actual
,2026-06-06 23:00:00+12:00,2026-06-06 23:30:00+12:00,0,KWH,,2,actual
,2026-06-06 23:30:00+12:00,2026-06-07 00:00:00+12:00,0,KWH,,2,actual
,2026-06-06 23:30:00+12:00,2026-06-07 00:00:00+12:00,0.358,KWH,,1,actual
,2026-06-07 00:00:00+12:00,2026-06-07 00:30:00+12:00,0,KWH,,2,actual
,2026-06-07 00:00:00+12:00,2026-06-07 00:30:00+12:00,0.38,KWH,,1,actual
,2026-06-07 00:30:00+12:00,2026-06-07 01:00:00+12:00,0.343,KWH,,1,actual
,2026-06-07 00:30:00+12:00,2026-06-07 01:00:00+12:00,0,KWH,,2,actual
,2026-06-07 01:00:00+12:00,2026-06-07 01:30:00+12:00,0.377,KWH,,1,actual
,2026-06-07 01:00:00+12:00,2026-06-07 01:30:00+12:00,0,KWH,,2,actual
,2026-06-07 01:30:00+12:00,2026-06-07 02:00:00+12:00,0.099,KWH,,2,actual
,2026-06-07 01:30:00+12:00,2026-06-07 02:00:00+12:00,0.412,KWH,,1,actual
,2026-06-07 02:00:00+12:00,2026-06-07 02:30:00+12:00,0.435,KWH,,1,actual
,2026-06-07 02:00:00+12:00,2026-06-07 02:30:00+12:00,1.474,KWH,,2,actual
,2026-06-07 02:30:00+12:00,2026-06-07 03:00:00+12:00,0,KWH,,2,actual
,2026-06-07 02:30:00+12:00,2026-06-07 03:00:00+12:00,0.449,KWH,,1,actual
,2026-06-07 03:00:00+12:00,2026-06-07 03:30:00+12:00,0,KWH,,2,actual
,2026-06-07 03:00:00+12:00,2026-06-07 03:30:00+12:00,0.471,KWH,,1,actual
,2026-06-07 03:30:00+12:00,2026-06-07 04:00:00+12:00,0.484,KWH,,1,actual
,2026-06-07 03:30:00+12:00,2026-06-07 04:00:00+12:00,0,KWH,,2,actual
,2026-06-07 04:00:00+12:00,2026-06-07 04:30:00+12:00,0,KWH,,2,actual
,2026-06-07 04:00:00+12:00,2026-06-07 04:30:00+12:00,0.474,KWH,,1,actual
,2026-06-07 04:30:00+12:00,2026-06-07 05:00:00+12:00,0.527,KWH,,1,actual
,2026-06-07 04:30:00+12:00,2026-06-07 05:00:00+12:00,0,KWH,,2,actual
,2026-06-07 05:00:00+12:00,2026-06-07 05:30:00+12:00,0.504,KWH,,1,actual
,2026-06-07 05:00:00+12:00,2026-06-07 05:30:00+12:00,0,KWH,,2,actual
,2026-06-07 05:30:00+12:00,2026-06-07 06:00:00+12:00,0,KWH,,2,actual
,2026-06-07 05:30:00+12:00,2026-06-07 06:00:00+12:00,0.971,KWH,,1,actual
,2026-06-07 06:00:00+12:00,2026-06-07 06:30:00+12:00,0,KWH,,2,actual
,2026-06-07 06:00:00+12:00,2026-06-07 06:30:00+12:00,1.446,KWH,,1,actual
,2026-06-07 06:30:00+12:00,2026-06-07 07:00:00+12:00,0,KWH,,2,actual
,2026-06-07 06:30:00+12:00,2026-06-07 07:00:00+12:00,1.258,KWH,,1,actual
,2026-06-07 07:00:00+12:00,2026-06-07 07:30:00+12:00,1.195,KWH,,1,actual
,2026-06-07 07:00:00+12:00,2026-06-07 07:30:00+12:00,0,KWH,,2,actual
,2026-06-07 07:30:00+12:00,2026-06-07 08:00:00+12:00,1.122,KWH,,1,actual
,2026-06-07 07:30:00+12:00,2026-06-07 08:00:00+12:00,0,KWH,,2,actual
,2026-06-07 08:00:00+12:00,2026-06-07 08:30:00+12:00,1.129,KWH,,1,actual
,2026-06-07 08:00:00+12:00,2026-06-07 08:30:00+12:00,0,KWH,,2,actual
,2026-06-07 08:30:00+12:00,2026-06-07 09:00:00+12:00,0,KWH,,2,actual
,2026-06-07 08:30:00+12:00,2026-06-07 09:00:00+12:00,1.092,KWH,,1,actual
,2026-06-07 09:00:00+12:00,2026-06-07 09:30:00+12:00,0,KWH,,2,actual
,2026-06-07 09:00:00+12:00,2026-06-07 09:30:00+12:00,0.508,KWH,,1,actual
,2026-06-07 09:30:00+12:00,2026-06-07 10:00:00+12:00,0,KWH,,2,actual
,2026-06-07 09:30:00+12:00,2026-06-07 10:00:00+12:00,0.531,KWH,,1,actual
,2026-06-07 10:00:00+12:00,2026-06-07 10:30:00+12:00,0.525,KWH,,1,actual
,2026-06-07 10:00:00+12:00,2026-06-07 10:30:00+12:00,0,KWH,,2,actual
,2026-06-07 10:30:00+12:00,2026-06-07 11:00:00+12:00,0,KWH,,2,actual
,2026-06-07 10:30:00+12:00,2026-06-07 11:00:00+12:00,0.519,KWH,,1,actual
,2026-06-07 11:00:00+12:00,2026-06-07 11:30:00+12:00,0.531,KWH,,1,actual
,2026-06-07 11:00:00+12:00,2026-06-07 11:30:00+12:00,0,KWH,,2,actual
,2026-06-07 11:30:00+12:00,2026-06-07 12:00:00+12:00,1.435,KWH,,1,actual
,2026-06-07 11:30:00+12:00,2026-06-07 12:00:00+12:00,0,KWH,,2,actual
,2026-06-07 12:00:00+12:00,2026-06-07 12:30:00+12:00,2.31,KWH,,1,actual
,2026-06-07 12:00:00+12:00,2026-06-07 12:30:00+12:00,0.07,KWH,,2,actual
,2026-06-07 12:30:00+12:00,2026-06-07 13:00:00+12:00,1.439,KWH,,2,actual
,2026-06-07 12:30:00+12:00,2026-06-07 13:00:00+12:00,2.392,KWH,,1,actual
,2026-06-07 13:00:00+12:00,2026-06-07 13:30:00+12:00,2.399,KWH,,1,actual
,2026-06-07 13:00:00+12:00,2026-06-07 13:30:00+12:00,0.147,KWH,,2,actual
,2026-06-07 13:30:00+12:00,2026-06-07 14:00:00+12:00,2.345,KWH,,1,actual
,2026-06-07 13:30:00+12:00,2026-06-07 14:00:00+12:00,0,KWH,,2,actual
,2026-06-07 14:00:00+12:00,2026-06-07 14:30:00+12:00,0,KWH,,2,actual
,2026-06-07 14:00:00+12:00,2026-06-07 14:30:00+12:00,2.481,KWH,,1,actual
,2026-06-07 14:30:00+12:00,2026-06-07 15:00:00+12:00,3.563,KWH,,1,actual
,2026-06-07 14:30:00+12:00,2026-06-07 15:00:00+12:00,0,KWH,,2,actual
,2026-06-07 15:00:00+12:00,2026-06-07 15:30:00+12:00,0,KWH,,2,actual
,2026-06-07 15:00:00+12:00,2026-06-07 15:30:00+12:00,2.492,KWH,,1,actual
,2026-06-07 15:30:00+12:00,2026-06-07 16:00:00+12:00,0,KWH,,2,actual
,2026-06-07 15:30:00+12:00,2026-06-07 16:00:00+12:00,2.678,KWH,,1,actual
,2026-06-07 16:00:00+12:00,2026-06-07 16:30:00+12:00,3.093,KWH,,1,actual
,2026-06-07 16:00:00+12:00,2026-06-07 16:30:00+12:00,0,KWH,,2,actual
,2026-06-07 16:30:00+12:00,2026-06-07 17:00:00+12:00,3.026,KWH,,1,actual
,2026-06-07 16:30:00+12:00,2026-06-07 17:00:00+12:00,0,KWH,,2,actual
,2026-06-07 17:00:00+12:00,2026-06-07 17:30:00+12:00,1.154,KWH,,2,actual
,2026-06-07 17:00:00+12:00,2026-06-07 17:30:00+12:00,2.956,KWH,,1,actual
,2026-06-07 17:30:00+12:00,2026-06-07 18:00:00+12:00,0.956,KWH,,1,actual
,2026-06-07 17:30:00+12:00,2026-06-07 18:00:00+12:00,0.585,KWH,,2,actual
,2026-06-07 18:00:00+12:00,2026-06-07 18:30:00+12:00,1.919,KWH,,1,actual
,2026-06-07 18:00:00+12:00,2026-06-07 18:30:00+12:00,0.187,KWH,,2,actual
,2026-06-07 18:30:00+12:00,2026-06-07 19:00:00+12:00,1.448,KWH,,2,actual
,2026-06-07 18:30:00+12:00,2026-06-07 19:00:00+12:00,1.617,KWH,,1,actual
,2026-06-07 19:00:00+12:00,2026-06-07 19:30:00+12:00,1.482,KWH,,2,actual
,2026-06-07 19:00:00+12:00,2026-06-07 19:30:00+12:00,0.872,KWH,,1,actual
,2026-06-07 19:30:00+12:00,2026-06-07 20:00:00+12:00,1.467,KWH,,2,actual
,2026-06-07 19:30:00+12:00,2026-06-07 20:00:00+12:00,0.777,KWH,,1,actual
,2026-06-07 20:00:00+12:00,2026-06-07 20:30:00+12:00,0,KWH,,2,actual
,2026-06-07 20:00:00+12:00,2026-06-07 20:30:00+12:00,0.751,KWH,,1,actual
,2026-06-07 20:30:00+12:00,2026-06-07 21:00:00+12:00,0,KWH,,2,actual
,2026-06-07 20:30:00+12:00,2026-06-07 21:00:00+12:00,1.736,KWH,,1,actual
,2026-06-07 21:00:00+12:00,2026-06-07 21:30:00+12:00,0,KWH,,2,actual
,2026-06-07 21:00:00+12:00,2026-06-07 21:30:00+12:00,1.704,KWH,,1,actual
,2026-06-07 21:30:00+12:00,2026-06-07 22:00:00+12:00,1.234,KWH,,1,actual
,2026-06-07 21:30:00+12:00,2026-06-07 22:00:00+12:00,0.013,KWH,,2,actual
,2026-06-07 22:00:00+12:00,2026-06-07 22:30:00+12:00,0.298,KWH,,1,actual
,2026-06-07 22:00:00+12:00,2026-06-07 22:30:00+12:00,1.535,KWH,,2,actual
,2026-06-07 22:30:00+12:00,2026-06-07 23:00:00+12:00,0.582,KWH,,1,actual
,2026-06-07 22:30:00+12:00,2026-06-07 23:00:00+12:00,1.518,KWH,,2,actual
,2026-06-07 23:00:00+12:00,2026-06-07 23:30:00+12:00,0.843,KWH,,1,actual
,2026-06-07 23:00:00+12:00,2026-06-07 23:30:00+12:00,1.533,KWH,,2,actual
,2026-06-07 23:30:00+12:00,2026-06-08 00:00:00+12:00,1.551,KWH,,2,actual
,2026-06-07 23:30:00+12:00,2026-06-08 00:00:00+12:00,0.385,KWH,,1,actual
,2026-06-08 00:00:00+12:00,2026-06-08 00:30:00+12:00,1.561,KWH,,2,actual
,2026-06-08 00:00:00+12:00,2026-06-08 00:30:00+12:00,0.409,KWH,,1,actual
,2026-06-08 00:30:00+12:00,2026-06-08 01:00:00+12:00,0.398,KWH,,1,actual
,2026-06-08 00:30:00+12:00,2026-06-08 01:00:00+12:00,1.564,KWH,,2,actual
,2026-06-08 01:00:00+12:00,2026-06-08 01:30:00+12:00,0.405,KWH,,1,actual
,2026-06-08 01:00:00+12:00,2026-06-08 01:30:00+12:00,1.425,KWH,,2,actual
,2026-06-08 01:30:00+12:00,2026-06-08 02:00:00+12:00,0,KWH,,2,actual
,2026-06-08 01:30:00+12:00,2026-06-08 02:00:00+12:00,0.49,KWH,,1,actual
,2026-06-08 02:00:00+12:00,2026-06-08 02:30:00+12:00,0.488,KWH,,1,actual
,2026-06-08 02:00:00+12:00,2026-06-08 02:30:00+12:00,0,KWH,,2,actual
,2026-06-08 02:30:00+12:00,2026-06-08 03:00:00+12:00,0,KWH,,2,actual
,2026-06-08 02:30:00+12:00,2026-06-08 03:00:00+12:00,0.497,KWH,,1,actual
,2026-06-08 03:00:00+12:00,2026-06-08 03:30:00+12:00,0,KWH,,2,actual
,2026-06-08 03:00:00+12:00,2026-06-08 03:30:00+12:00,0.526,KWH,,1,actual
,2026-06-08 03:30:00+12:00,2026-06-08 04:00:00+12:00,0.604,KWH,,1,actual
,2026-06-08 03:30:00+12:00,2026-06-08 04:00:00+12:00,0,KWH,,2,actual
,2026-06-08 04:00:00+12:00,2026-06-08 04:30:00+12:00,0,KWH,,2,actual
,2026-06-08 04:00:00+12:00,2026-06-08 04:30:00+12:00,0.542,KWH,,1,actual
,2026-06-08 04:30:00+12:00,2026-06-08 05:00:00+12:00,0.597,KWH,,1,actual
,2026-06-08 04:30:00+12:00,2026-06-08 05:00:00+12:00,0,KWH,,2,actual
,2026-06-08 05:00:00+12:00,2026-06-08 05:30:00+12:00,0.649,KWH,,1,actual
,2026-06-08 05:00:00+12:00,2026-06-08 05:30:00+12:00,0,KWH,,2,actual
,2026-06-08 05:30:00+12:00,2026-06-08 06:00:00+12:00,0,KWH,,2,actual
,2026-06-08 05:30:00+12:00,2026-06-08 06:00:00+12:00,0.988,KWH,,1,actual
,2026-06-08 06:00:00+12:00,2026-06-08 06:30:00+12:00,0,KWH,,2,actual
,2026-06-08 06:00:00+12:00,2026-06-08 06:30:00+12:00,1.534,KWH,,1,actual
,2026-06-08 06:30:00+12:00,2026-06-08 07:00:00+12:00,0,KWH,,2,actual
,2026-06-08 06:30:00+12:00,2026-06-08 07:00:00+12:00,1.34,KWH,,1,actual
,2026-06-08 07:00:00+12:00,2026-06-08 07:30:00+12:00,1.105,KWH,,1,actual
,2026-06-08 07:00:00+12:00,2026-06-08 07:30:00+12:00,0,KWH,,2,actual
,2026-06-08 07:30:00+12:00,2026-06-08 08:00:00+12:00,1.441,KWH,,1,actual
,2026-06-08 07:30:00+12:00,2026-06-08 08:00:00+12:00,0,KWH,,2,actual
,2026-06-08 08:00:00+12:00,2026-06-08 08:30:00+12:00,1.395,KWH,,1,actual
,2026-06-08 08:00:00+12:00,2026-06-08 08:30:00+12:00,0,KWH,,2,actual
,2026-06-08 08:30:00+12:00,2026-06-08 09:00:00+12:00,0,KWH,,2,actual
,2026-06-08 08:30:00+12:00,2026-06-08 09:00:00+12:00,0.899,KWH,,1,actual
,2026-06-08 09:00:00+12:00,2026-06-08 09:30:00+12:00,0.179,KWH,,2,actual
,2026-06-08 09:00:00+12:00,2026-06-08 09:30:00+12:00,0.28,KWH,,1,actual
,2026-06-08 09:30:00+12:00,2026-06-08 10:00:00+12:00,1.347,KWH,,2,actual
,2026-06-08 09:30:00+12:00,2026-06-08 10:00:00+12:00,0.27,KWH,,1,actual
,2026-06-08 10:00:00+12:00,2026-06-08 10:30:00+12:00,0.295,KWH,,1,actual
,2026-06-08 10:00:00+12:00,2026-06-08 10:30:00+12:00,0,KWH,,2,actual
,2026-06-08 10:30:00+12:00,2026-06-08 11:00:00+12:00,0,KWH,,2,actual
,2026-06-08 10:30:00+12:00,2026-06-08 11:00:00+12:00,0.291,KWH,,1,actual
,2026-06-08 11:00:00+12:00,2026-06-08 11:30:00+12:00,0.292,KWH,,1,actual
,2026-06-08 11:00:00+12:00,2026-06-08 11:30:00+12:00,0,KWH,,2,actual
,2026-06-08 11:30:00+12:00,2026-06-08 12:00:00+12:00,0.29,KWH,,1,actual
,2026-06-08 11:30:00+12:00,2026-06-08 12:00:00+12:00,0,KWH,,2,actual
,2026-06-08 12:00:00+12:00,2026-06-08 12:30:00+12:00,0,KWH,,2,actual
,2026-06-08 12:00:00+12:00,2026-06-08 12:30:00+12:00,0.396,KWH,,1,actual
,2026-06-08 12:30:00+12:00,2026-06-08 13:00:00+12:00,0.726,KWH,,1,actual
,2026-06-08 12:30:00+12:00,2026-06-08 13:00:00+12:00,0,KWH,,2,actual
,2026-06-08 13:00:00+12:00,2026-06-08 13:30:00+12:00,0,KWH,,2,actual
,2026-06-08 13:00:00+12:00,2026-06-08 13:30:00+12:00,0.795,KWH,,1,actual
,2026-06-08 13:30:00+12:00,2026-06-08 14:00:00+12:00,0,KWH,,2,actual
,2026-06-08 13:30:00+12:00,2026-06-08 14:00:00+12:00,0.747,KWH,,1,actual
,2026-06-08 14:00:00+12:00,2026-06-08 14:30:00+12:00,0.695,KWH,,1,actual
,2026-06-08 14:00:00+12:00,2026-06-08 14:30:00+12:00,0,KWH,,2,actual
,2026-06-08 14:30:00+12:00,2026-06-08 15:00:00+12:00,0,KWH,,2,actual
,2026-06-08 14:30:00+12:00,2026-06-08 15:00:00+12:00,0.654,KWH,,1,actual
,2026-06-08 15:00:00+12:00,2026-06-08 15:30:00+12:00,0.696,KWH,,1,actual
,2026-06-08 15:00:00+12:00,2026-06-08 15:30:00+12:00,0,KWH,,2,actual
,2026-06-08 15:30:00+12:00,2026-06-08 16:00:00+12:00,0.823,KWH,,1,actual
,2026-06-08 15:30:00+12:00,2026-06-08 16:00:00+12:00,0,KWH,,2,actual
,2026-06-08 16:00:00+12:00,2026-06-08 16:30:00+12:00,0,KWH,,2,actual
,2026-06-08 16:00:00+12:00,2026-06-08 16:30:00+12:00,0.895,KWH,,1,actual
,2026-06-08 16:30:00+12:00,2026-06-08 17:00:00+12:00,0.912,KWH,,2,actual
,2026-06-08 16:30:00+12:00,2026-06-08 17:00:00+12:00,0.793,KWH,,1,actual
,2026-06-08 17:00:00+12:00,2026-06-08 17:30:00+12:00,0.962,KWH,,1,actual
,2026-06-08 17:00:00+12:00,2026-06-08 17:30:00+12:00,0.709,KWH,,2,actual
,2026-06-08 17:30:00+12:00,2026-06-08 18:00:00+12:00,0,KWH,,2,actual
,2026-06-08 17:30:00+12:00,2026-06-08 18:00:00+12:00,1.452,KWH,,1,actual
,2026-06-08 18:00:00+12:00,2026-06-08 18:30:00+12:00,0,KWH,,2,actual
,2026-06-08 18:00:00+12:00,2026-06-08 18:30:00+12:00,1.763,KWH,,1,actual
,2026-06-08 18:30:00+12:00,2026-06-08 19:00:00+12:00,0.679,KWH,,1,actual
,2026-06-08 18:30:00+12:00,2026-06-08 19:00:00+12:00,0.577,KWH,,2,actual
,2026-06-08 19:00:00+12:00,2026-06-08 19:30:00+12:00,1.239,KWH,,1,actual
,2026-06-08 19:00:00+12:00,2026-06-08 19:30:00+12:00,1.511,KWH,,2,actual
,2026-06-08 19:30:00+12:00,2026-06-08 20:00:00+12:00,0.683,KWH,,1,actual
,2026-06-08 19:30:00+12:00,2026-06-08 20:00:00+12:00,1.54,KWH,,2,actual
,2026-06-08 20:00:00+12:00,2026-06-08 20:30:00+12:00,0.644,KWH,,1,actual
,2026-06-08 20:00:00+12:00,2026-06-08 20:30:00+12:00,1.537,KWH,,2,actual
,2026-06-08 20:30:00+12:00,2026-06-08 21:00:00+12:00,0.709,KWH,,1,actual
,2026-06-08 20:30:00+12:00,2026-06-08 21:00:00+12:00,0.146,KWH,,2,actual
,2026-06-08 21:00:00+12:00,2026-06-08 21:30:00+12:00,0.477,KWH,,1,actual
,2026-06-08 21:00:00+12:00,2026-06-08 21:30:00+12:00,0,KWH,,2,actual
,2026-06-08 21:30:00+12:00,2026-06-08 22:00:00+12:00,0,KWH,,2,actual
,2026-06-08 21:30:00+12:00,2026-06-08 22:00:00+12:00,0.534,KWH,,1,actual
,2026-06-08 22:00:00+12:00,2026-06-08 22:30:00+12:00,0.941,KWH,,2,actual
,2026-06-08 22:00:00+12:00,2026-06-08 22:30:00+12:00,0.74,KWH,,1,actual
,2026-06-08 22:30:00+12:00,2026-06-08 23:00:00+12:00,1.567,KWH,,2,actual
,2026-06-08 22:30:00+12:00,2026-06-08 23:00:00+12:00,0.352,KWH,,1,actual
,2026-06-08 23:00:00+12:00,2026-06-08 23:30:00+12:00,0.151,KWH,,2,actual
,2026-06-08 23:00:00+12:00,2026-06-08 23:30:00+12:00,2.425,KWH,,1,actual
,2026-06-08 23:30:00+12:00,2026-06-09 00:00:00+12:00,2.225,KWH,,1,actual
,2026-06-08 23:30:00+12:00,2026-06-09 00:00:00+12:00,0,KWH,,2,actual
,2026-06-09 00:00:00+12:00,2026-06-09 00:30:00+12:00,1.366,KWH,,1,actual
,2026-06-09 00:00:00+12:00,2026-06-09 00:30:00+12:00,0,KWH,,2,actual
,2026-06-09 00:30:00+12:00,2026-06-09 01:00:00+12:00,0,KWH,,2,actual
,2026-06-09 00:30:00+12:00,2026-06-09 01:00:00+12:00,0.383,KWH,,1,actual
,2026-06-09 01:00:00+12:00,2026-06-09 01:30:00+12:00,0,KWH,,2,actual
,2026-06-09 01:00:00+12:00,2026-06-09 01:30:00+12:00,0.287,KWH,,1,actual
,2026-06-09 01:30:00+12:00,2026-06-09 02:00:00+12:00,0.317,KWH,,1,actual
,2026-06-09 01:30:00+12:00,2026-06-09 02:00:00+12:00,0,KWH,,2,actual
,2026-06-09 02:00:00+12:00,2026-06-09 02:30:00+12:00,0,KWH,,2,actual
,2026-06-09 02:00:00+12:00,2026-06-09 02:30:00+12:00,0.307,KWH,,1,actual
,2026-06-09 02:30:00+12:00,2026-06-09 03:00:00+12:00,0.362,KWH,,1,actual
,2026-06-09 02:30:00+12:00,2026-06-09 03:00:00+12:00,0,KWH,,2,actual
,2026-06-09 03:00:00+12:00,2026-06-09 03:30:00+12:00,0.335,KWH,,1,actual
,2026-06-09 03:00:00+12:00,2026-06-09 03:30:00+12:00,0,KWH,,2,actual
,2026-06-09 03:30:00+12:00,2026-06-09 04:00:00+12:00,0,KWH,,2,actual
,2026-06-09 03:30:00+12:00,2026-06-09 04:00:00+12:00,0.398,KWH,,1,actual
,2026-06-09 04:00:00+12:00,2026-06-09 04:30:00+12:00,0.466,KWH,,1,actual
,2026-06-09 04:00:00+12:00,2026-06-09 04:30:00+12:00,0,KWH,,2,actual
,2026-06-09 04:30:00+12:00,2026-06-09 05:00:00+12:00,0,KWH,,2,actual
,2026-06-09 04:30:00+12:00,2026-06-09 05:00:00+12:00,0.413,KWH,,1,actual
,2026-06-09 05:00:00+12:00,2026-06-09 05:30:00+12:00,0,KWH,,2,actual
,2026-06-09 05:00:00+12:00,2026-06-09 05:30:00+12:00,0.479,KWH,,1,actual
,2026-06-09 05:30:00+12:00,2026-06-09 06:00:00+12:00,0.897,KWH,,1,actual
,2026-06-09 05:30:00+12:00,2026-06-09 06:00:00+12:00,0,KWH,,2,actual
,2026-06-09 06:00:00+12:00,2026-06-09 06:30:00+12:00,1.243,KWH,,1,actual
,2026-06-09 06:00:00+12:00,2026-06-09 06:30:00+12:00,0,KWH,,2,actual
,2026-06-09 06:30:00+12:00,2026-06-09 07:00:00+12:00,1.178,KWH,,1,actual
,2026-06-09 06:30:00+12:00,2026-06-09 07:00:00+12:00,0,KWH,,2,actual
,2026-06-09 07:00:00+12:00,2026-06-09 07:30:00+12:00,1.202,KWH,,2,actual
,2026-06-09 07:00:00+12:00,2026-06-09 07:30:00+12:00,1.122,KWH,,1,actual
,2026-06-09 07:30:00+12:00,2026-06-09 08:00:00+12:00,0.341,KWH,,2,actual
,2026-06-09 07:30:00+12:00,2026-06-09 08:00:00+12:00,1.121,KWH,,1,actual
,2026-06-09 08:00:00+12:00,2026-06-09 08:30:00+12:00,0,KWH,,2,actual
,2026-06-09 08:00:00+12:00,2026-06-09 08:30:00+12:00,1.241,KWH,,1,actual
,2026-06-09 08:30:00+12:00,2026-06-09 09:00:00+12:00,1.309,KWH,,1,actual
,2026-06-09 08:30:00+12:00,2026-06-09 09:00:00+12:00,0.203,KWH,,2,actual
,2026-06-09 09:00:00+12:00,2026-06-09 09:30:00+12:00,0.743,KWH,,1,actual
,2026-06-09 09:00:00+12:00,2026-06-09 09:30:00+12:00,1.48,KWH,,2,actual
,2026-06-09 09:30:00+12:00,2026-06-09 10:00:00+12:00,0.212,KWH,,1,actual
,2026-06-09 09:30:00+12:00,2026-06-09 10:00:00+12:00,1.496,KWH,,2,actual
,2026-06-09 10:00:00+12:00,2026-06-09 10:30:00+12:00,1.48,KWH,,2,actual
,2026-06-09 10:00:00+12:00,2026-06-09 10:30:00+12:00,0.217,KWH,,1,actual
,2026-06-09 10:30:00+12:00,2026-06-09 11:00:00+12:00,0.341,KWH,,1,actual
,2026-06-09 10:30:00+12:00,2026-06-09 11:00:00+12:00,1.454,KWH,,2,actual
,2026-06-09 11:00:00+12:00,2026-06-09 11:30:00+12:00,1.438,KWH,,2,actual
,2026-06-09 11:00:00+12:00,2026-06-09 11:30:00+12:00,0.186,KWH,,1,actual
,2026-06-09 11:30:00+12:00,2026-06-09 12:00:00+12:00,0.411,KWH,,2,actual
,2026-06-09 11:30:00+12:00,2026-06-09 12:00:00+12:00,0.386,KWH,,1,actual
,2026-06-09 12:00:00+12:00,2026-06-09 12:30:00+12:00,0.801,KWH,,1,actual
,2026-06-09 12:00:00+12:00,2026-06-09 12:30:00+12:00,0,KWH,,2,actual
,2026-06-09 12:30:00+12:00,2026-06-09 13:00:00+12:00,0,KWH,,2,actual
,2026-06-09 12:30:00+12:00,2026-06-09 13:00:00+12:00,0.812,KWH,,1,actual
,2026-06-09 13:00:00+12:00,2026-06-09 13:30:00+12:00,1.131,KWH,,1,actual
,2026-06-09 13:00:00+12:00,2026-06-09 13:30:00+12:00,0,KWH,,2,actual
,2026-06-09 13:30:00+12:00,2026-06-09 14:00:00+12:00,1.776,KWH,,1,actual
,2026-06-09 13:30:00+12:00,2026-06-09 14:00:00+12:00,0,KWH,,2,actual
,2026-06-09 14:00:00+12:00,2026-06-09 14:30:00+12:00,0,KWH,,2,actual
,2026-06-09 14:00:00+12:00,2026-06-09 14:30:00+12:00,0.989,KWH,,1,actual
,2026-06-09 14:30:00+12:00,2026-06-09 15:00:00+12:00,0.282,KWH,,1,actual
,2026-06-09 14:30:00+12:00,2026-06-09 15:00:00+12:00,0,KWH,,2,actual
,2026-06-09 15:00:00+12:00,2026-06-09 15:30:00+12:00,0,KWH,,2,actual
,2026-06-09 15:00:00+12:00,2026-06-09 15:30:00+12:00,0.336,KWH,,1,actual
,2026-06-09 15:30:00+12:00,2026-06-09 16:00:00+12:00,0,KWH,,2,actual
,2026-06-09 15:30:00+12:00,2026-06-09 16:00:00+12:00,0.386,KWH,,1,actual
,2026-06-09 16:00:00+12:00,2026-06-09 16:30:00+12:00,0.384,KWH,,1,actual
,2026-06-09 16:00:00+12:00,2026-06-09 16:30:00+12:00,0,KWH,,2,actual
,2026-06-09 16:30:00+12:00,2026-06-09 17:00:00+12:00,0.328,KWH,,1,actual
,2026-06-09 16:30:00+12:00,2026-06-09 17:00:00+12:00,0,KWH,,2,actual
,2026-06-09 17:00:00+12:00,2026-06-09 17:30:00+12:00,0,KWH,,2,actual
,2026-06-09 17:00:00+12:00,2026-06-09 17:30:00+12:00,0.362,KWH,,1,actual
,2026-06-09 17:30:00+12:00,2026-06-09 18:00:00+12:00,0.755,KWH,,1,actual
,2026-06-09 17:30:00+12:00,2026-06-09 18:00:00+12:00,0.888,KWH,,2,actual
,2026-06-09 18:00:00+12:00,2026-06-09 18:30:00+12:00,1.334,KWH,,1,actual
,2026-06-09 18:00:00+12:00,2026-06-09 18:30:00+12:00,0.659,KWH,,2,actual
,2026-06-09 18:30:00+12:00,2026-06-09 19:00:00+12:00,0.378,KWH,,2,actual
,2026-06-09 18:30:00+12:00,2026-06-09 19:00:00+12:00,0.914,KWH,,1,actual
,2026-06-09 19:00:00+12:00,2026-06-09 19:30:00+12:00,1.451,KWH,,2,actual
,2026-06-09 19:00:00+12:00,2026-06-09 19:30:00+12:00,1.653,KWH,,1,actual
,2026-06-09 19:30:00+12:00,2026-06-09 20:00:00+12:00,1.468,KWH,,2,actual
,2026-06-09 19:30:00+12:00,2026-06-09 20:00:00+12:00,0.655,KWH,,1,actual
,2026-06-09 20:00:00+12:00,2026-06-09 20:30:00+12:00,1.466,KWH,,2,actual
,2026-06-09 20:00:00+12:00,2026-06-09 20:30:00+12:00,1.05,KWH,,1,actual
,2026-06-09 20:30:00+12:00,2026-06-09 21:00:00+12:00,1.294,KWH,,2,actual
,2026-06-09 20:30:00+12:00,2026-06-09 21:00:00+12:00,1.379,KWH,,1,actual
,2026-06-09 21:00:00+12:00,2026-06-09 21:30:00+12:00,0,KWH,,2,actual
,2026-06-09 21:00:00+12:00,2026-06-09 21:30:00+12:00,1.078,KWH,,1,actual
,2026-06-09 21:30:00+12:00,2026-06-09 22:00:00+12:00,0.957,KWH,,1,actual
,2026-06-09 21:30:00+12:00,2026-06-09 22:00:00+12:00,0,KWH,,2,actual
,2026-06-09 22:00:00+12:00,2026-06-09 22:30:00+12:00,0.533,KWH,,1,actual
,2026-06-09 22:00:00+12:00,2026-06-09 22:30:00+12:00,0,KWH,,2,actual
,2026-06-09 22:30:00+12:00,2026-06-09 23:00:00+12:00,0.249,KWH,,1,actual
,2026-06-09 22:30:00+12:00,2026-06-09 23:00:00+12:00,0,KWH,,2,actual
,2026-06-09 23:00:00+12:00,2026-06-09 23:30:00+12:00,0.394,KWH,,1,actual
,2026-06-09 23:00:00+12:00,2026-06-09 23:30:00+12:00,0,KWH,,2,actual
,2026-06-09 23:30:00+12:00,2026-06-10 00:00:00+12:00,0,KWH,,2,actual
,2026-06-09 23:30:00+12:00,2026-06-10 00:00:00+12:00,0.815,KWH,,1,actual
,2026-06-10 00:00:00+12:00,2026-06-10 00:30:00+12:00,0,KWH,,2,actual
,2026-06-10 00:00:00+12:00,2026-06-10 00:30:00+12:00,0.924,KWH,,1,actual
,2026-06-10 00:30:00+12:00,2026-06-10 01:00:00+12:00,0.387,KWH,,1,actual
,2026-06-10 00:30:00+12:00,2026-06-10 01:00:00+12:00,0,KWH,,2,actual
,2026-06-10 01:00:00+12:00,2026-06-10 01:30:00+12:00,0.402,KWH,,1,actual
,2026-06-10 01:00:00+12:00,2026-06-10 01:30:00+12:00,0,KWH,,2,actual
,2026-06-10 01:30:00+12:00,2026-06-10 02:00:00+12:00,0,KWH,,2,actual
,2026-06-10 01:30:00+12:00,2026-06-10 02:00:00+12:00,0.34,KWH,,1,actual
,2026-06-10 02:00:00+12:00,2026-06-10 02:30:00+12:00,0.342,KWH,,1,actual
,2026-06-10 02:00:00+12:00,2026-06-10 02:30:00+12:00,0,KWH,,2,actual
,2026-06-10 02:30:00+12:00,2026-06-10 03:00:00+12:00,0,KWH,,2,actual
,2026-06-10 02:30:00+12:00,2026-06-10 03:00:00+12:00,0.434,KWH,,1,actual
,2026-06-10 03:00:00+12:00,2026-06-10 03:30:00+12:00,0.586,KWH,,2,actual
,2026-06-10 03:00:00+12:00,2026-06-10 03:30:00+12:00,0.398,KWH,,1,actual
,2026-06-10 03:30:00+12:00,2026-06-10 04:00:00+12:00,0.463,KWH,,1,actual
,2026-06-10 03:30:00+12:00,2026-06-10 04:00:00+12:00,0.958,KWH,,2,actual
,2026-06-10 04:00:00+12:00,2026-06-10 04:30:00+12:00,0,KWH,,2,actual
,2026-06-10 04:00:00+12:00,2026-06-10 04:30:00+12:00,0.434,KWH,,1,actual
,2026-06-10 04:30:00+12:00,2026-06-10 05:00:00+12:00,0.485,KWH,,1,actual
,2026-06-10 04:30:00+12:00,2026-06-10 05:00:00+12:00,0,KWH,,2,actual
,2026-06-10 05:00:00+12:00,2026-06-10 05:30:00+12:00,0.489,KWH,,1,actual
,2026-06-10 05:00:00+12:00,2026-06-10 05:30:00+12:00,0,KWH,,2,actual
,2026-06-10 05:30:00+12:00,2026-06-10 06:00:00+12:00,0,KWH,,2,actual
,2026-06-10 05:30:00+12:00,2026-06-10 06:00:00+12:00,0.886,KWH,,1,actual
,2026-06-10 06:00:00+12:00,2026-06-10 06:30:00+12:00,0,KWH,,2,actual
,2026-06-10 06:00:00+12:00,2026-06-10 06:30:00+12:00,1.153,KWH,,1,actual
,2026-06-10 06:30:00+12:00,2026-06-10 07:00:00+12:00,0,KWH,,2,actual
,2026-06-10 06:30:00+12:00,2026-06-10 07:00:00+12:00,1.065,KWH,,1,actual
,2026-06-10 07:00:00+12:00,2026-06-10 07:30:00+12:00,0.953,KWH,,1,actual
,2026-06-10 07:00:00+12:00,2026-06-10 07:30:00+12:00,0,KWH,,2,actual
,2026-06-10 07:30:00+12:00,2026-06-10 08:00:00+12:00,1.191,KWH,,1,actual
,2026-06-10 07:30:00+12:00,2026-06-10 08:00:00+12:00,0,KWH,,2,actual
,2026-06-10 08:00:00+12:00,2026-06-10 08:30:00+12:00,1.123,KWH,,1,actual
,2026-06-10 08:00:00+12:00,2026-06-10 08:30:00+12:00,0,KWH,,2,actual
,2026-06-10 08:30:00+12:00,2026-06-10 09:00:00+12:00,1.129,KWH,,2,actual
,2026-06-10 08:30:00+12:00,2026-06-10 09:00:00+12:00,0.94,KWH,,1,actual
,2026-06-10 09:00:00+12:00,2026-06-10 09:30:00+12:00,0.438,KWH,,2,actual
,2026-06-10 09:00:00+12:00,2026-06-10 09:30:00+12:00,0.208,KWH,,1,actual
,2026-06-10 09:30:00+12:00,2026-06-10 10:00:00+12:00,0,KWH,,2,actual
,2026-06-10 09:30:00+12:00,2026-06-10 10:00:00+12:00,0.284,KWH,,1,actual
,2026-06-10 10:00:00+12:00,2026-06-10 10:30:00+12:00,0.626,KWH,,1,actual
,2026-06-10 10:00:00+12:00,2026-06-10 10:30:00+12:00,0,KWH,,2,actual
,2026-06-10 10:30:00+12:00,2026-06-10 11:00:00+12:00,0,KWH,,2,actual
,2026-06-10 10:30:00+12:00,2026-06-10 11:00:00+12:00,0.592,KWH,,1,actual
,2026-06-10 11:00:00+12:00,2026-06-10 11:30:00+12:00,0.532,KWH,,1,actual
,2026-06-10 11:00:00+12:00,2026-06-10 11:30:00+12:00,0,KWH,,2,actual
,2026-06-10 11:30:00+12:00,2026-06-10 12:00:00+12:00,0.487,KWH,,1,actual
,2026-06-10 11:30:00+12:00,2026-06-10 12:00:00+12:00,0,KWH,,2,actual
,2026-06-10 12:00:00+12:00,2026-06-10 12:30:00+12:00,0.491,KWH,,1,actual
,2026-06-10 12:00:00+12:00,2026-06-10 12:30:00+12:00,0.397,KWH,,2,actual
,2026-06-10 12:30:00+12:00,2026-06-10 13:00:00+12:00,1.502,KWH,,2,actual
,2026-06-10 12:30:00+12:00,2026-06-10 13:00:00+12:00,0.521,KWH,,1,actual
,2026-06-10 13:00:00+12:00,2026-06-10 13:30:00+12:00,1.134,KWH,,1,actual
,2026-06-10 13:00:00+12:00,2026-06-10 13:30:00+12:00,1.493,KWH,,2,actual
,2026-06-10 13:30:00+12:00,2026-06-10 14:00:00+12:00,0.486,KWH,,1,actual
,2026-06-10 13:30:00+12:00,2026-06-10 14:00:00+12:00,1.516,KWH,,2,actual
,2026-06-10 14:00:00+12:00,2026-06-10 14:30:00+12:00,1.522,KWH,,2,actual
,2026-06-10 14:00:00+12:00,2026-06-10 14:30:00+12:00,0.468,KWH,,1,actual
,2026-06-10 14:30:00+12:00,2026-06-10 15:00:00+12:00,0.274,KWH,,1,actual
,2026-06-10 14:30:00+12:00,2026-06-10 15:00:00+12:00,1.515,KWH,,2,actual
,2026-06-10 15:00:00+12:00,2026-06-10 15:30:00+12:00,1.525,KWH,,2,actual
,2026-06-10 15:00:00+12:00,2026-06-10 15:30:00+12:00,0.263,KWH,,1,actual
,2026-06-10 15:30:00+12:00,2026-06-10 16:00:00+12:00,1.494,KWH,,2,actual
,2026-06-10 15:30:00+12:00,2026-06-10 16:00:00+12:00,0.234,KWH,,1,actual
,2026-06-10 16:00:00+12:00,2026-06-10 16:30:00+12:00,0.263,KWH,,1,actual
,2026-06-10 16:00:00+12:00,2026-06-10 16:30:00+12:00,1.464,KWH,,2,actual
,2026-06-10 16:30:00+12:00,2026-06-10 17:00:00+12:00,0.953,KWH,,1,actual
,2026-06-10 16:30:00+12:00,2026-06-10 17:00:00+12:00,1.458,KWH,,2,actual
,2026-06-10 17:00:00+12:00,2026-06-10 17:30:00+12:00,0.706,KWH,,2,actual
,2026-06-10 17:00:00+12:00,2026-06-10 17:30:00+12:00,0.748,KWH,,1,actual
,2026-06-10 17:30:00+12:00,2026-06-10 18:00:00+12:00,1.563,KWH,,1,actual
,2026-06-10 17:30:00+12:00,2026-06-10 18:00:00+12:00,0,KWH,,2,actual
,2026-06-10 18:00:00+12:00,2026-06-10 18:30:00+12:00,2.868,KWH,,1,actual
,2026-06-10 18:00:00+12:00,2026-06-10 18:30:00+12:00,0.275,KWH,,2,actual
,2026-06-10 18:30:00+12:00,2026-06-10 19:00:00+12:00,1.457,KWH,,2,actual
,2026-06-10 18:30:00+12:00,2026-06-10 19:00:00+12:00,2.001,KWH,,1,actual
,2026-06-10 19:00:00+12:00,2026-06-10 19:30:00+12:00,1.456,KWH,,2,actual
,2026-06-10 19:00:00+12:00,2026-06-10 19:30:00+12:00,1.461,KWH,,1,actual
,2026-06-10 19:30:00+12:00,2026-06-10 20:00:00+12:00,0.77,KWH,,2,actual
,2026-06-10 19:30:00+12:00,2026-06-10 20:00:00+12:00,1.265,KWH,,1,actual
,2026-06-10 20:00:00+12:00,2026-06-10 20:30:00+12:00,0,KWH,,2,actual
,2026-06-10 20:00:00+12:00,2026-06-10 20:30:00+12:00,0.712,KWH,,1,actual
,2026-06-10 20:30:00+12:00,2026-06-10 21:00:00+12:00,0,KWH,,2,actual
,2026-06-10 20:30:00+12:00,2026-06-10 21:00:00+12:00,0.687,KWH,,1,actual
,2026-06-10 21:00:00+12:00,2026-06-10 21:30:00+12:00,0,KWH,,2,actual
,2026-06-10 21:00:00+12:00,2026-06-10 21:30:00+12:00,0.846,KWH,,1,actual
,2026-06-10 21:30:00+12:00,2026-06-10 22:00:00+12:00,0.865,KWH,,1,actual
,2026-06-10 21:30:00+12:00,2026-06-10 22:00:00+12:00,0,KWH,,2,actual
,2026-06-10 22:00:00+12:00,2026-06-10 22:30:00+12:00,2.391,KWH,,1,actual
,2026-06-10 22:00:00+12:00,2026-06-10 22:30:00+12:00,0,KWH,,2,actual
,2026-06-10 22:30:00+12:00,2026-06-10 23:00:00+12:00,3.219,KWH,,1,actual
,2026-06-10 22:30:00+12:00,2026-06-10 23:00:00+12:00,1.343,KWH,,2,actual
,2026-06-10 23:00:00+12:00,2026-06-10 23:30:00+12:00,2.792,KWH,,1,actual
,2026-06-10 23:00:00+12:00,2026-06-10 23:30:00+12:00,1.495,KWH,,2,actual
,2026-06-10 23:30:00+12:00,2026-06-11 00:00:00+12:00,1.486,KWH,,2,actual
,2026-06-10 23:30:00+12:00,2026-06-11 00:00:00+12:00,2.278,KWH,,1,actual
,2026-06-11 00:00:00+12:00,2026-06-11 00:30:00+12:00,1.49,KWH,,2,actual
,2026-06-11 00:00:00+12:00,2026-06-11 00:30:00+12:00,2.372,KWH,,1,actual
,2026-06-11 00:30:00+12:00,2026-06-11 01:00:00+12:00,2.399,KWH,,1,actual
,2026-06-11 00:30:00+12:00,2026-06-11 01:00:00+12:00,1.491,KWH,,2,actual
,2026-06-11 01:00:00+12:00,2026-06-11 01:30:00+12:00,2.413,KWH,,1,actual
,2026-06-11 01:00:00+12:00,2026-06-11 01:30:00+12:00,1.499,KWH,,2,actual
,2026-06-11 01:30:00+12:00,2026-06-11 02:00:00+12:00,0.566,KWH,,2,actual
,2026-06-11 01:30:00+12:00,2026-06-11 02:00:00+12:00,2.411,KWH,,1,actual
,2026-06-11 02:00:00+12:00,2026-06-11 02:30:00+12:00,1.515,KWH,,1,actual
,2026-06-11 02:00:00+12:00,2026-06-11 02:30:00+12:00,0,KWH,,2,actual
,2026-06-11 02:30:00+12:00,2026-06-11 03:00:00+12:00,0,KWH,,2,actual
,2026-06-11 02:30:00+12:00,2026-06-11 03:00:00+12:00,1.05,KWH,,1,actual
,2026-06-11 03:00:00+12:00,2026-06-11 03:30:00+12:00,0,KWH,,2,actual
,2026-06-11 03:00:00+12:00,2026-06-11 03:30:00+12:00,0.936,KWH,,1,actual
,2026-06-11 03:30:00+12:00,2026-06-11 04:00:00+12:00,0.911,KWH,,1,actual
,2026-06-11 03:30:00+12:00,2026-06-11 04:00:00+12:00,0,KWH,,2,actual
,2026-06-11 04:00:00+12:00,2026-06-11 04:30:00+12:00,0,KWH,,2,actual
,2026-06-11 04:00:00+12:00,2026-06-11 04:30:00+12:00,0.946,KWH,,1,actual
,2026-06-11 04:30:00+12:00,2026-06-11 05:00:00+12:00,0.954,KWH,,1,actual
,2026-06-11 04:30:00+12:00,2026-06-11 05:00:00+12:00,0,KWH,,2,actual
,2026-06-11 05:00:00+12:00,2026-06-11 05:30:00+12:00,0.926,KWH,,1,actual
,2026-06-11 05:00:00+12:00,2026-06-11 05:30:00+12:00,0,KWH,,2,actual
,2026-06-11 05:30:00+12:00,2026-06-11 06:00:00+12:00,0,KWH,,2,actual
,2026-06-11 05:30:00+12:00,2026-06-11 06:00:00+12:00,1.408,KWH,,1,actual
,2026-06-11 06:00:00+12:00,2026-06-11 06:30:00+12:00,0,KWH,,2,actual
,2026-06-11 06:00:00+12:00,2026-06-11 06:30:00+12:00,1.948,KWH,,1,actual
,2026-06-11 06:30:00+12:00,2026-06-11 07:00:00+12:00,0,KWH,,2,actual
,2026-06-11 06:30:00+12:00,2026-06-11 07:00:00+12:00,1.78,KWH,,1,actual
,2026-06-11 07:00:00+12:00,2026-06-11 07:30:00+12:00,1.72,KWH,,1,actual
,2026-06-11 07:00:00+12:00,2026-06-11 07:30:00+12:00,0,KWH,,2,actual
,2026-06-11 07:30:00+12:00,2026-06-11 08:00:00+12:00,1.596,KWH,,1,actual
,2026-06-11 07:30:00+12:00,2026-06-11 08:00:00+12:00,0,KWH,,2,actual
,2026-06-11 08:00:00+12:00,2026-06-11 08:30:00+12:00,1.877,KWH,,1,actual
,2026-06-11 08:00:00+12:00,2026-06-11 08:30:00+12:00,0.132,KWH,,2,actual
,2026-06-11 08:30:00+12:00,2026-06-11 09:00:00+12:00,1.451,KWH,,2,actual
,2026-06-11 08:30:00+12:00,2026-06-11 09:00:00+12:00,1.655,KWH,,1,actual
,2026-06-11 09:00:00+12:00,2026-06-11 09:30:00+12:00,0.53,KWH,,2,actual
,2026-06-11 09:00:00+12:00,2026-06-11 09:30:00+12:00,0.235,KWH,,1,actual
,2026-06-11 09:30:00+12:00,2026-06-11 10:00:00+12:00,0,KWH,,2,actual
,2026-06-11 09:30:00+12:00,2026-06-11 10:00:00+12:00,0.195,KWH,,1,actual
,2026-06-11 10:00:00+12:00,2026-06-11 10:30:00+12:00,0.18,KWH,,1,actual
,2026-06-11 10:00:00+12:00,2026-06-11 10:30:00+12:00,0,KWH,,2,actual
,2026-06-11 10:30:00+12:00,2026-06-11 11:00:00+12:00,0,KWH,,2,actual
,2026-06-11 10:30:00+12:00,2026-06-11 11:00:00+12:00,0.2,KWH,,1,actual
,2026-06-11 11:00:00+12:00,2026-06-11 11:30:00+12:00,0.593,KWH,,1,actual
,2026-06-11 11:00:00+12:00,2026-06-11 11:30:00+12:00,0,KWH,,2,actual
,2026-06-11 11:30:00+12:00,2026-06-11 12:00:00+12:00,0.723,KWH,,1,actual
,2026-06-11 11:30:00+12:00,2026-06-11 12:00:00+12:00,0,KWH,,2,actual
,2026-06-11 12:00:00+12:00,2026-06-11 12:30:00+12:00,0.721,KWH,,1,actual
,2026-06-11 12:00:00+12:00,2026-06-11 12:30:00+12:00,0,KWH,,2,actual
,2026-06-11 12:30:00+12:00,2026-06-11 13:00:00+12:00,0,KWH,,2,actual
,2026-06-11 12:30:00+12:00,2026-06-11 13:00:00+12:00,0.185,KWH,,1,actual
,2026-06-11 13:00:00+12:00,2026-06-11 13:30:00+12:00,0.176,KWH,,1,actual
,2026-06-11 13:00:00+12:00,2026-06-11 13:30:00+12:00,0,KWH,,2,actual
,2026-06-11 13:30:00+12:00,2026-06-11 14:00:00+12:00,0.356,KWH,,1,actual
,2026-06-11 13:30:00+12:00,2026-06-11 14:00:00+12:00,0,KWH,,2,actual
,2026-06-11 14:00:00+12:00,2026-06-11 14:30:00+12:00,0,KWH,,2,actual
,2026-06-11 14:00:00+12:00,2026-06-11 14:30:00+12:00,0.38,KWH,,1,actual
,2026-06-11 14:30:00+12:00,2026-06-11 15:00:00+12:00,0.297,KWH,,1,actual
,2026-06-11 14:30:00+12:00,2026-06-11 15:00:00+12:00,0,KWH,,2,actual
,2026-06-11 15:00:00+12:00,2026-06-11 15:30:00+12:00,0,KWH,,2,actual
,2026-06-11 15:00:00+12:00,2026-06-11 15:30:00+12:00,0.645,KWH,,1,actual
,2026-06-11 15:30:00+12:00,2026-06-11 16:00:00+12:00,0,KWH,,2,actual
,2026-06-11 15:30:00+12:00,2026-06-11 16:00:00+12:00,1.139,KWH,,1,actual
,2026-06-11 16:00:00+12:00,2026-06-11 16:30:00+12:00,0.291,KWH,,1,actual
,2026-06-11 16:00:00+12:00,2026-06-11 16:30:00+12:00,0.042,KWH,,2,actual
,2026-06-11 16:30:00+12:00,2026-06-11 17:00:00+12:00,0.43,KWH,,1,actual
,2026-06-11 16:30:00+12:00,2026-06-11 17:00:00+12:00,1.453,KWH,,2,actual
,2026-06-11 17:00:00+12:00,2026-06-11 17:30:00+12:00,0.06,KWH,,2,actual
,2026-06-11 17:00:00+12:00,2026-06-11 17:30:00+12:00,1.504,KWH,,1,actual
,2026-06-11 17:30:00+12:00,2026-06-11 18:00:00+12:00,2.348,KWH,,1,actual
,2026-06-11 17:30:00+12:00,2026-06-11 18:00:00+12:00,0,KWH,,2,actual
,2026-06-11 18:00:00+12:00,2026-06-11 18:30:00+12:00,3.932,KWH,,1,actual
,2026-06-11 18:00:00+12:00,2026-06-11 18:30:00+12:00,0.717,KWH,,2,actual
,2026-06-11 18:30:00+12:00,2026-06-11 19:00:00+12:00,1.488,KWH,,2,actual
,2026-06-11 18:30:00+12:00,2026-06-11 19:00:00+12:00,1.59,KWH,,1,actual
,2026-06-11 19:00:00+12:00,2026-06-11 19:30:00+12:00,1.5,KWH,,2,actual
,2026-06-11 19:00:00+12:00,2026-06-11 19:30:00+12:00,1.21,KWH,,1,actual
,2026-06-11 19:30:00+12:00,2026-06-11 20:00:00+12:00,0.107,KWH,,2,actual
,2026-06-11 19:30:00+12:00,2026-06-11 20:00:00+12:00,0.829,KWH,,1,actual
,2026-06-11 20:00:00+12:00,2026-06-11 20:30:00+12:00,0,KWH,,2,actual
,2026-06-11 20:00:00+12:00,2026-06-11 20:30:00+12:00,0.76,KWH,,1,actual
,2026-06-11 20:30:00+12:00,2026-06-11 21:00:00+12:00,0,KWH,,2,actual
,2026-06-11 20:30:00+12:00,2026-06-11 21:00:00+12:00,0.663,KWH,,1,actual
,2026-06-11 21:00:00+12:00,2026-06-11 21:30:00+12:00,0,KWH,,2,actual
,2026-06-11 21:00:00+12:00,2026-06-11 21:30:00+12:00,0.606,KWH,,1,actual
,2026-06-11 21:30:00+12:00,2026-06-11 22:00:00+12:00,0.586,KWH,,1,actual
,2026-06-11 21:30:00+12:00,2026-06-11 22:00:00+12:00,0,KWH,,2,actual
,2026-06-11 22:00:00+12:00,2026-06-11 22:30:00+12:00,0.378,KWH,,1,actual
,2026-06-11 22:00:00+12:00,2026-06-11 22:30:00+12:00,0,KWH,,2,actual
,2026-06-11 22:30:00+12:00,2026-06-11 23:00:00+12:00,0.515,KWH,,1,actual
,2026-06-11 22:30:00+12:00,2026-06-11 23:00:00+12:00,0,KWH,,2,actual
,2026-06-11 23:00:00+12:00,2026-06-11 23:30:00+12:00,0.387,KWH,,1,actual
,2026-06-11 23:00:00+12:00,2026-06-11 23:30:00+12:00,0,KWH,,2,actual
,2026-06-11 23:30:00+12:00,2026-06-12 00:00:00+12:00,0,KWH,,2,actual
,2026-06-11 23:30:00+12:00,2026-06-12 00:00:00+12:00,0.273,KWH,,1,actual
,2026-06-12 00:00:00+12:00,2026-06-12 00:30:00+12:00,0,KWH,,2,actual
,2026-06-12 00:00:00+12:00,2026-06-12 00:30:00+12:00,0.261,KWH,,1,actual
,2026-06-12 00:30:00+12:00,2026-06-12 01:00:00+12:00,0.309,KWH,,1,actual
,2026-06-12 00:30:00+12:00,2026-06-12 01:00:00+12:00,0,KWH,,2,actual
,2026-06-12 01:00:00+12:00,2026-06-12 01:30:00+12:00,0.269,KWH,,1,actual
,2026-06-12 01:00:00+12:00,2026-06-12 01:30:00+12:00,0,KWH,,2,actual
,2026-06-12 01:30:00+12:00,2026-06-12 02:00:00+12:00,0,KWH,,2,actual
,2026-06-12 01:30:00+12:00,2026-06-12 02:00:00+12:00,0.332,KWH,,1,actual
,2026-06-12 02:00:00+12:00,2026-06-12 02:30:00+12:00,0.349,KWH,,1,actual
,2026-06-12 02:00:00+12:00,2026-06-12 02:30:00+12:00,0,KWH,,2,actual
,2026-06-12 02:30:00+12:00,2026-06-12 03:00:00+12:00,0,KWH,,2,actual
,2026-06-12 02:30:00+12:00,2026-06-12 03:00:00+12:00,0.338,KWH,,1,actual
,2026-06-12 03:00:00+12:00,2026-06-12 03:30:00+12:00,0,KWH,,2,actual
,2026-06-12 03:00:00+12:00,2026-06-12 03:30:00+12:00,0.391,KWH,,1,actual
,2026-06-12 03:30:00+12:00,2026-06-12 04:00:00+12:00,0.334,KWH,,1,actual
,2026-06-12 03:30:00+12:00,2026-06-12 04:00:00+12:00,0,KWH,,2,actual
,2026-06-12 04:00:00+12:00,2026-06-12 04:30:00+12:00,0.931,KWH,,2,actual
,2026-06-12 04:00:00+12:00,2026-06-12 04:30:00+12:00,0.396,KWH,,1,actual
,2026-06-12 04:30:00+12:00,2026-06-12 05:00:00+12:00,0.442,KWH,,1,actual
,2026-06-12 04:30:00+12:00,2026-06-12 05:00:00+12:00,0.403,KWH,,2,actual
,2026-06-12 05:00:00+12:00,2026-06-12 05:30:00+12:00,0.449,KWH,,1,actual
,2026-06-12 05:00:00+12:00,2026-06-12 05:30:00+12:00,0,KWH,,2,actual
,2026-06-12 05:30:00+12:00,2026-06-12 06:00:00+12:00,0,KWH,,2,actual
,2026-06-12 05:30:00+12:00,2026-06-12 06:00:00+12:00,0.829,KWH,,1,actual
,2026-06-12 06:00:00+12:00,2026-06-12 06:30:00+12:00,0,KWH,,2,actual
,2026-06-12 06:00:00+12:00,2026-06-12 06:30:00+12:00,1.241,KWH,,1,actual
,2026-06-12 06:30:00+12:00,2026-06-12 07:00:00+12:00,0,KWH,,2,actual
,2026-06-12 06:30:00+12:00,2026-06-12 07:00:00+12:00,1.112,KWH,,1,actual
,2026-06-12 07:00:00+12:00,2026-06-12 07:30:00+12:00,1.068,KWH,,1,actual
,2026-06-12 07:00:00+12:00,2026-06-12 07:30:00+12:00,0,KWH,,2,actual
,2026-06-12 07:30:00+12:00,2026-06-12 08:00:00+12:00,1.329,KWH,,1,actual
,2026-06-12 07:30:00+12:00,2026-06-12 08:00:00+12:00,0,KWH,,2,actual
,2026-06-12 08:00:00+12:00,2026-06-12 08:30:00+12:00,1.098,KWH,,1,actual
,2026-06-12 08:00:00+12:00,2026-06-12 08:30:00+12:00,0,KWH,,2,actual
,2026-06-12 08:30:00+12:00,2026-06-12 09:00:00+12:00,0,KWH,,2,actual
,2026-06-12 08:30:00+12:00,2026-06-12 09:00:00+12:00,0.855,KWH,,1,actual
,2026-06-12 09:00:00+12:00,2026-06-12 09:30:00+12:00,0.997,KWH,,2,actual
,2026-06-12 09:00:00+12:00,2026-06-12 09:30:00+12:00,0.211,KWH,,1,actual
,2026-06-12 09:30:00+12:00,2026-06-12 10:00:00+12:00,1.545,KWH,,2,actual
,2026-06-12 09:30:00+12:00,2026-06-12 10:00:00+12:00,0.288,KWH,,1,actual
,2026-06-12 10:00:00+12:00,2026-06-12 10:30:00+12:00,0.237,KWH,,1,actual
,2026-06-12 10:00:00+12:00,2026-06-12 10:30:00+12:00,1.548,KWH,,2,actual
,2026-06-12 10:30:00+12:00,2026-06-12 11:00:00+12:00,1.534,KWH,,2,actual
,2026-06-12 10:30:00+12:00,2026-06-12 11:00:00+12:00,0.231,KWH,,1,actual
,2026-06-12 11:00:00+12:00,2026-06-12 11:30:00+12:00,0.257,KWH,,1,actual
,2026-06-12 11:00:00+12:00,2026-06-12 11:30:00+12:00,1.478,KWH,,2,actual
,2026-06-12 11:30:00+12:00,2026-06-12 12:00:00+12:00,0.222,KWH,,1,actual
,2026-06-12 11:30:00+12:00,2026-06-12 12:00:00+12:00,1.304,KWH,,2,actual
,2026-06-12 12:00:00+12:00,2026-06-12 12:30:00+12:00,0.252,KWH,,1,actual
,2026-06-12 12:00:00+12:00,2026-06-12 12:30:00+12:00,0,KWH,,2,actual
,2026-06-12 12:30:00+12:00,2026-06-12 13:00:00+12:00,0,KWH,,2,actual
,2026-06-12 12:30:00+12:00,2026-06-12 13:00:00+12:00,0.229,KWH,,1,actual
,2026-06-12 13:00:00+12:00,2026-06-12 13:30:00+12:00,1.254,KWH,,1,actual
,2026-06-12 13:00:00+12:00,2026-06-12 13:30:00+12:00,0,KWH,,2,actual
,2026-06-12 13:30:00+12:00,2026-06-12 14:00:00+12:00,3.176,KWH,,1,actual
,2026-06-12 13:30:00+12:00,2026-06-12 14:00:00+12:00,0,KWH,,2,actual
,2026-06-12 14:00:00+12:00,2026-06-12 14:30:00+12:00,0,KWH,,2,actual
,2026-06-12 14:00:00+12:00,2026-06-12 14:30:00+12:00,2.264,KWH,,1,actual
,2026-06-12 14:30:00+12:00,2026-06-12 15:00:00+12:00,1.012,KWH,,1,actual
,2026-06-12 14:30:00+12:00,2026-06-12 15:00:00+12:00,0,KWH,,2,actual
,2026-06-12 15:00:00+12:00,2026-06-12 15:30:00+12:00,0,KWH,,2,actual
,2026-06-12 15:00:00+12:00,2026-06-12 15:30:00+12:00,0.636,KWH,,1,actual
,2026-06-12 15:30:00+12:00,2026-06-12 16:00:00+12:00,0.695,KWH,,2,actual
,2026-06-12 15:30:00+12:00,2026-06-12 16:00:00+12:00,0.816,KWH,,1,actual
,2026-06-12 16:00:00+12:00,2026-06-12 16:30:00+12:00,0.832,KWH,,1,actual
,2026-06-12 16:00:00+12:00,2026-06-12 16:30:00+12:00,1.461,KWH,,2,actual
,2026-06-12 16:30:00+12:00,2026-06-12 17:00:00+12:00,1.406,KWH,,1,actual
,2026-06-12 16:30:00+12:00,2026-06-12 17:00:00+12:00,1.456,KWH,,2,actual
,2026-06-12 17:00:00+12:00,2026-06-12 17:30:00+12:00,1.112,KWH,,2,actual
,2026-06-12 17:00:00+12:00,2026-06-12 17:30:00+12:00,1.389,KWH,,1,actual
,2026-06-12 17:30:00+12:00,2026-06-12 18:00:00+12:00,1.05,KWH,,1,actual
,2026-06-12 17:30:00+12:00,2026-06-12 18:00:00+12:00,0,KWH,,2,actual
,2026-06-12 18:00:00+12:00,2026-06-12 18:30:00+12:00,1.364,KWH,,1,actual
,2026-06-12 18:00:00+12:00,2026-06-12 18:30:00+12:00,0.025,KWH,,2,actual
,2026-06-12 18:30:00+12:00,2026-06-12 19:00:00+12:00,1.484,KWH,,2,actual
,2026-06-12 18:30:00+12:00,2026-06-12 19:00:00+12:00,1.726,KWH,,1,actual
,2026-06-12 19:00:00+12:00,2026-06-12 19:30:00+12:00,1.497,KWH,,2,actual
,2026-06-12 19:00:00+12:00,2026-06-12 19:30:00+12:00,1.275,KWH,,1,actual
,2026-06-12 19:30:00+12:00,2026-06-12 20:00:00+12:00,1.494,KWH,,2,actual
,2026-06-12 19:30:00+12:00,2026-06-12 20:00:00+12:00,1.278,KWH,,1,actual
,2026-06-12 20:00:00+12:00,2026-06-12 20:30:00+12:00,0.385,KWH,,2,actual
,2026-06-12 20:00:00+12:00,2026-06-12 20:30:00+12:00,1.108,KWH,,1,actual
,2026-06-12 20:30:00+12:00,2026-06-12 21:00:00+12:00,0,KWH,,2,actual
,2026-06-12 20:30:00+12:00,2026-06-12 21:00:00+12:00,1.326,KWH,,1,actual
,2026-06-12 21:00:00+12:00,2026-06-12 21:30:00+12:00,0,KWH,,2,actual
,2026-06-12 21:00:00+12:00,2026-06-12 21:30:00+12:00,0.879,KWH,,1,actual
,2026-06-12 21:30:00+12:00,2026-06-12 22:00:00+12:00,1.511,KWH,,1,actual
,2026-06-12 21:30:00+12:00,2026-06-12 22:00:00+12:00,0.461,KWH,,2,actual
,2026-06-12 22:00:00+12:00,2026-06-12 22:30:00+12:00,0.795,KWH,,1,actual
,2026-06-12 22:00:00+12:00,2026-06-12 22:30:00+12:00,1.576,KWH,,2,actual
,2026-06-12 22:30:00+12:00,2026-06-12 23:00:00+12:00,0.56,KWH,,1,actual
,2026-06-12 22:30:00+12:00,2026-06-12 23:00:00+12:00,0.121,KWH,,2,actual
,2026-06-12 23:00:00+12:00,2026-06-12 23:30:00+12:00,0.631,KWH,,1,actual
,2026-06-12 23:00:00+12:00,2026-06-12 23:30:00+12:00,0,KWH,,2,actual
,2026-06-12 23:30:00+12:00,2026-06-13 00:00:00+12:00,0,KWH,,2,actual
,2026-06-12 23:30:00+12:00,2026-06-13 00:00:00+12:00,0.628,KWH,,1,actual
,2026-06-13 00:00:00+12:00,2026-06-13 00:30:00+12:00,0,KWH,,2,actual
,2026-06-13 00:00:00+12:00,2026-06-13 00:30:00+12:00,0.363,KWH,,1,actual
,2026-06-13 00:30:00+12:00,2026-06-13 01:00:00+12:00,0.405,KWH,,1,actual
,2026-06-13 00:30:00+12:00,2026-06-13 01:00:00+12:00,1.175,KWH,,2,actual
,2026-06-13 01:00:00+12:00,2026-06-13 01:30:00+12:00,0.377,KWH,,1,actual
,2026-06-13 01:00:00+12:00,2026-06-13 01:30:00+12:00,0.533,KWH,,2,actual
,2026-06-13 01:30:00+12:00,2026-06-13 02:00:00+12:00,0,KWH,,2,actual
,2026-06-13 01:30:00+12:00,2026-06-13 02:00:00+12:00,0.495,KWH,,1,actual
,2026-06-13 02:00:00+12:00,2026-06-13 02:30:00+12:00,0.464,KWH,,1,actual
,2026-06-13 02:00:00+12:00,2026-06-13 02:30:00+12:00,0,KWH,,2,actual
,2026-06-13 02:30:00+12:00,2026-06-13 03:00:00+12:00,0,KWH,,2,actual
,2026-06-13 02:30:00+12:00,2026-06-13 03:00:00+12:00,0.547,KWH,,1,actual
,2026-06-13 03:00:00+12:00,2026-06-13 03:30:00+12:00,0,KWH,,2,actual
,2026-06-13 03:00:00+12:00,2026-06-13 03:30:00+12:00,0.535,KWH,,1,actual
,2026-06-13 03:30:00+12:00,2026-06-13 04:00:00+12:00,0.649,KWH,,1,actual
,2026-06-13 03:30:00+12:00,2026-06-13 04:00:00+12:00,0,KWH,,2,actual
,2026-06-13 04:00:00+12:00,2026-06-13 04:30:00+12:00,0,KWH,,2,actual
,2026-06-13 04:00:00+12:00,2026-06-13 04:30:00+12:00,0.58,KWH,,1,actual
,2026-06-13 04:30:00+12:00,2026-06-13 05:00:00+12:00,0.694,KWH,,1,actual
,2026-06-13 04:30:00+12:00,2026-06-13 05:00:00+12:00,0,KWH,,2,actual
,2026-06-13 05:00:00+12:00,2026-06-13 05:30:00+12:00,0.715,KWH,,1,actual
,2026-06-13 05:00:00+12:00,2026-06-13 05:30:00+12:00,0,KWH,,2,actual
,2026-06-13 05:30:00+12:00,2026-06-13 06:00:00+12:00,0,KWH,,2,actual
,2026-06-13 05:30:00+12:00,2026-06-13 06:00:00+12:00,1.098,KWH,,1,actual
,2026-06-13 06:00:00+12:00,2026-06-13 06:30:00+12:00,0,KWH,,2,actual
,2026-06-13 06:00:00+12:00,2026-06-13 06:30:00+12:00,1.595,KWH,,1,actual
,2026-06-13 06:30:00+12:00,2026-06-13 07:00:00+12:00,0,KWH,,2,actual
,2026-06-13 06:30:00+12:00,2026-06-13 07:00:00+12:00,1.481,KWH,,1,actual
,2026-06-13 07:00:00+12:00,2026-06-13 07:30:00+12:00,1.255,KWH,,1,actual
,2026-06-13 07:00:00+12:00,2026-06-13 07:30:00+12:00,0,KWH,,2,actual
,2026-06-13 07:30:00+12:00,2026-06-13 08:00:00+12:00,1.225,KWH,,1,actual
,2026-06-13 07:30:00+12:00,2026-06-13 08:00:00+12:00,0,KWH,,2,actual
,2026-06-13 08:00:00+12:00,2026-06-13 08:30:00+12:00,1.885,KWH,,1,actual
,2026-06-13 08:00:00+12:00,2026-06-13 08:30:00+12:00,0.847,KWH,,2,actual
,2026-06-13 08:30:00+12:00,2026-06-13 09:00:00+12:00,1.476,KWH,,2,actual
,2026-06-13 08:30:00+12:00,2026-06-13 09:00:00+12:00,1.589,KWH,,1,actual
,2026-06-13 09:00:00+12:00,2026-06-13 09:30:00+12:00,1.48,KWH,,2,actual
,2026-06-13 09:00:00+12:00,2026-06-13 09:30:00+12:00,0.763,KWH,,1,actual
,2026-06-13 09:30:00+12:00,2026-06-13 10:00:00+12:00,1.442,KWH,,2,actual
,2026-06-13 09:30:00+12:00,2026-06-13 10:00:00+12:00,1.1,KWH,,1,actual
,2026-06-13 10:00:00+12:00,2026-06-13 10:30:00+12:00,0.605,KWH,,1,actual
,2026-06-13 10:00:00+12:00,2026-06-13 10:30:00+12:00,1.481,KWH,,2,actual
,2026-06-13 10:30:00+12:00,2026-06-13 11:00:00+12:00,1.508,KWH,,2,actual
,2026-06-13 10:30:00+12:00,2026-06-13 11:00:00+12:00,0.763,KWH,,1,actual
,2026-06-13 11:00:00+12:00,2026-06-13 11:30:00+12:00,0.587,KWH,,1,actual
,2026-06-13 11:00:00+12:00,2026-06-13 11:30:00+12:00,0.23,KWH,,2,actual
,2026-06-13 11:30:00+12:00,2026-06-13 12:00:00+12:00,0.584,KWH,,1,actual
,2026-06-13 11:30:00+12:00,2026-06-13 12:00:00+12:00,0,KWH,,2,actual
,2026-06-13 12:00:00+12:00,2026-06-13 12:30:00+12:00,0,KWH,,2,actual
,2026-06-13 12:00:00+12:00,2026-06-13 12:30:00+12:00,0.596,KWH,,1,actual
,2026-06-13 12:30:00+12:00,2026-06-13 13:00:00+12:00,0.567,KWH,,1,actual
,2026-06-13 12:30:00+12:00,2026-06-13 13:00:00+12:00,1.124,KWH,,2,actual
,2026-06-13 13:00:00+12:00,2026-06-13 13:30:00+12:00,0.783,KWH,,2,actual
,2026-06-13 13:00:00+12:00,2026-06-13 13:30:00+12:00,0.556,KWH,,1,actual
,2026-06-13 13:30:00+12:00,2026-06-13 14:00:00+12:00,0,KWH,,2,actual
,2026-06-13 13:30:00+12:00,2026-06-13 14:00:00+12:00,0.608,KWH,,1,actual
,2026-06-13 14:00:00+12:00,2026-06-13 14:30:00+12:00,0.557,KWH,,1,actual
,2026-06-13 14:00:00+12:00,2026-06-13 14:30:00+12:00,0,KWH,,2,actual
,2026-06-13 14:30:00+12:00,2026-06-13 15:00:00+12:00,0,KWH,,2,actual
,2026-06-13 14:30:00+12:00,2026-06-13 15:00:00+12:00,0.674,KWH,,1,actual
,2026-06-13 15:00:00+12:00,2026-06-13 15:30:00+12:00,0.911,KWH,,1,actual
,2026-06-13 15:00:00+12:00,2026-06-13 15:30:00+12:00,0,KWH,,2,actual
,2026-06-13 15:30:00+12:00,2026-06-13 16:00:00+12:00,0.636,KWH,,1,actual
,2026-06-13 15:30:00+12:00,2026-06-13 16:00:00+12:00,0,KWH,,2,actual
,2026-06-13 16:00:00+12:00,2026-06-13 16:30:00+12:00,0,KWH,,2,actual
,2026-06-13 16:00:00+12:00,2026-06-13 16:30:00+12:00,0.626,KWH,,1,actual
,2026-06-13 16:30:00+12:00,2026-06-13 17:00:00+12:00,0,KWH,,2,actual
,2026-06-13 16:30:00+12:00,2026-06-13 17:00:00+12:00,1.202,KWH,,1,actual
,2026-06-13 17:00:00+12:00,2026-06-13 17:30:00+12:00,1.442,KWH,,1,actual
,2026-06-13 17:00:00+12:00,2026-06-13 17:30:00+12:00,0.083,KWH,,2,actual
,2026-06-13 17:30:00+12:00,2026-06-13 18:00:00+12:00,1.463,KWH,,2,actual
,2026-06-13 17:30:00+12:00,2026-06-13 18:00:00+12:00,1.822,KWH,,1,actual
,2026-06-13 18:00:00+12:00,2026-06-13 18:30:00+12:00,1.481,KWH,,2,actual
,2026-06-13 18:00:00+12:00,2026-06-13 18:30:00+12:00,1.366,KWH,,1,actual
,2026-06-13 18:30:00+12:00,2026-06-13 19:00:00+12:00,1.048,KWH,,1,actual
,2026-06-13 18:30:00+12:00,2026-06-13 19:00:00+12:00,1.511,KWH,,2,actual
,2026-06-13 19:00:00+12:00,2026-06-13 19:30:00+12:00,1.477,KWH,,1,actual
,2026-06-13 19:00:00+12:00,2026-06-13 19:30:00+12:00,1.49,KWH,,2,actual
,2026-06-13 19:30:00+12:00,2026-06-13 20:00:00+12:00,0.897,KWH,,1,actual
,2026-06-13 19:30:00+12:00,2026-06-13 20:00:00+12:00,1.494,KWH,,2,actual
,2026-06-13 20:00:00+12:00,2026-06-13 20:30:00+12:00,1.469,KWH,,1,actual
,2026-06-13 20:00:00+12:00,2026-06-13 20:30:00+12:00,1.488,KWH,,2,actual
,2026-06-13 20:30:00+12:00,2026-06-13 21:00:00+12:00,1.834,KWH,,1,actual
,2026-06-13 20:30:00+12:00,2026-06-13 21:00:00+12:00,0.183,KWH,,2,actual
,2026-06-13 21:00:00+12:00,2026-06-13 21:30:00+12:00,2.007,KWH,,1,actual
,2026-06-13 21:00:00+12:00,2026-06-13 21:30:00+12:00,0,KWH,,2,actual
,2026-06-13 21:30:00+12:00,2026-06-13 22:00:00+12:00,0,KWH,,2,actual
,2026-06-13 21:30:00+12:00,2026-06-13 22:00:00+12:00,3.473,KWH,,1,actual
,2026-06-13 22:00:00+12:00,2026-06-13 22:30:00+12:00,0,KWH,,2,actual
,2026-06-13 22:00:00+12:00,2026-06-13 22:30:00+12:00,1.414,KWH,,1,actual
,2026-06-13 22:30:00+12:00,2026-06-13 23:00:00+12:00,1.158,KWH,,2,actual
,2026-06-13 22:30:00+12:00,2026-06-13 23:00:00+12:00,1.025,KWH,,1,actual
,2026-06-13 23:00:00+12:00,2026-06-13 23:30:00+12:00,0.411,KWH,,2,actual
,2026-06-13 23:00:00+12:00,2026-06-13 23:30:00+12:00,0.623,KWH,,1,actual
,2026-06-13 23:30:00+12:00,2026-06-14 00:00:00+12:00,0.526,KWH,,1,actual
,2026-06-13 23:30:00+12:00,2026-06-14 00:00:00+12:00,0,KWH,,2,actual
,2026-06-14 00:00:00+12:00,2026-06-14 00:30:00+12:00,0.282,KWH,,1,actual
,2026-06-14 00:00:00+12:00,2026-06-14 00:30:00+12:00,0,KWH,,2,actual
,2026-06-14 00:30:00+12:00,2026-06-14 01:00:00+12:00,0,KWH,,2,actual
,2026-06-14 00:30:00+12:00,2026-06-14 01:00:00+12:00,0.233,KWH,,1,actual
,2026-06-14 01:00:00+12:00,2026-06-14 01:30:00+12:00,0,KWH,,2,actual
,2026-06-14 01:00:00+12:00,2026-06-14 01:30:00+12:00,0.25,KWH,,1,actual
,2026-06-14 01:30:00+12:00,2026-06-14 02:00:00+12:00,0.232,KWH,,1,actual
,2026-06-14 01:30:00+12:00,2026-06-14 02:00:00+12:00,0,KWH,,2,actual
,2026-06-14 02:00:00+12:00,2026-06-14 02:30:00+12:00,0,KWH,,2,actual
,2026-06-14 02:00:00+12:00,2026-06-14 02:30:00+12:00,0.28,KWH,,1,actual
,2026-06-14 02:30:00+12:00,2026-06-14 03:00:00+12:00,0.274,KWH,,1,actual
,2026-06-14 02:30:00+12:00,2026-06-14 03:00:00+12:00,0,KWH,,2,actual
,2026-06-14 03:00:00+12:00,2026-06-14 03:30:00+12:00,0.276,KWH,,1,actual
,2026-06-14 03:00:00+12:00,2026-06-14 03:30:00+12:00,0,KWH,,2,actual
,2026-06-14 03:30:00+12:00,2026-06-14 04:00:00+12:00,0,KWH,,2,actual
,2026-06-14 03:30:00+12:00,2026-06-14 04:00:00+12:00,0.28,KWH,,1,actual
,2026-06-14 04:00:00+12:00,2026-06-14 04:30:00+12:00,0.274,KWH,,1,actual
,2026-06-14 04:00:00+12:00,2026-06-14 04:30:00+12:00,0,KWH,,2,actual
,2026-06-14 04:30:00+12:00,2026-06-14 05:00:00+12:00,0,KWH,,2,actual
,2026-06-14 04:30:00+12:00,2026-06-14 05:00:00+12:00,0.278,KWH,,1,actual
,2026-06-14 05:00:00+12:00,2026-06-14 05:30:00+12:00,0,KWH,,2,actual
,2026-06-14 05:00:00+12:00,2026-06-14 05:30:00+12:00,0.292,KWH,,1,actual
,2026-06-14 05:30:00+12:00,2026-06-14 06:00:00+12:00,0.674,KWH,,1,actual
,2026-06-14 05:30:00+12:00,2026-06-14 06:00:00+12:00,0,KWH,,2,actual
,2026-06-14 06:00:00+12:00,2026-06-14 06:30:00+12:00,0.979,KWH,,1,actual
,2026-06-14 06:00:00+12:00,2026-06-14 06:30:00+12:00,0,KWH,,2,actual
,2026-06-14 06:30:00+12:00,2026-06-14 07:00:00+12:00,0.912,KWH,,1,actual
,2026-06-14 06:30:00+12:00,2026-06-14 07:00:00+12:00,0,KWH,,2,actual
,2026-06-14 07:00:00+12:00,2026-06-14 07:30:00+12:00,0,KWH,,2,actual
,2026-06-14 07:00:00+12:00,2026-06-14 07:30:00+12:00,0.825,KWH,,1,actual
,2026-06-14 07:30:00+12:00,2026-06-14 08:00:00+12:00,0,KWH,,2,actual
,2026-06-14 07:30:00+12:00,2026-06-14 08:00:00+12:00,0.823,KWH,,1,actual
,2026-06-14 08:00:00+12:00,2026-06-14 08:30:00+12:00,0.071,KWH,,2,actual
,2026-06-14 08:00:00+12:00,2026-06-14 08:30:00+12:00,0.854,KWH,,1,actual
,2026-06-14 08:30:00+12:00,2026-06-14 09:00:00+12:00,0.739,KWH,,1,actual
,2026-06-14 08:30:00+12:00,2026-06-14 09:00:00+12:00,1.42,KWH,,2,actual
,2026-06-14 09:00:00+12:00,2026-06-14 09:30:00+12:00,0.73,KWH,,1,actual
,2026-06-14 09:00:00+12:00,2026-06-14 09:30:00+12:00,0,KWH,,2,actual
,2026-06-14 09:30:00+12:00,2026-06-14 10:00:00+12:00,0.514,KWH,,1,actual
,2026-06-14 09:30:00+12:00,2026-06-14 10:00:00+12:00,0,KWH,,2,actual
,2026-06-14 10:00:00+12:00,2026-06-14 10:30:00+12:00,0,KWH,,2,actual
,2026-06-14 10:00:00+12:00,2026-06-14 10:30:00+12:00,0.458,KWH,,1,actual
,2026-06-14 10:30:00+12:00,2026-06-14 11:00:00+12:00,0.469,KWH,,1,actual
,2026-06-14 10:30:00+12:00,2026-06-14 11:00:00+12:00,0,KWH,,2,actual
,2026-06-14 11:00:00+12:00,2026-06-14 11:30:00+12:00,0,KWH,,2,actual
,2026-06-14 11:00:00+12:00,2026-06-14 11:30:00+12:00,0.47,KWH,,1,actual
,2026-06-14 11:30:00+12:00,2026-06-14 12:00:00+12:00,0,KWH,,2,actual
,2026-06-14 11:30:00+12:00,2026-06-14 12:00:00+12:00,0.524,KWH,,1,actual
,2026-06-14 12:00:00+12:00,2026-06-14 12:30:00+12:00,0.496,KWH,,1,actual
,2026-06-14 12:00:00+12:00,2026-06-14 12:30:00+12:00,0,KWH,,2,actual
,2026-06-14 12:30:00+12:00,2026-06-14 13:00:00+12:00,0,KWH,,2,actual
,2026-06-14 12:30:00+12:00,2026-06-14 13:00:00+12:00,0.316,KWH,,1,actual
,2026-06-14 13:00:00+12:00,2026-06-14 13:30:00+12:00,0.123,KWH,,1,actual
,2026-06-14 13:00:00+12:00,2026-06-14 13:30:00+12:00,0.58,KWH,,2,actual
,2026-06-14 13:30:00+12:00,2026-06-14 14:00:00+12:00,0.459,KWH,,1,actual
,2026-06-14 13:30:00+12:00,2026-06-14 14:00:00+12:00,1.535,KWH,,2,actual
,2026-06-14 14:00:00+12:00,2026-06-14 14:30:00+12:00,0.192,KWH,,2,actual
,2026-06-14 14:00:00+12:00,2026-06-14 14:30:00+12:00,0.169,KWH,,1,actual
,2026-06-14 14:30:00+12:00,2026-06-14 15:00:00+12:00,0.131,KWH,,1,actual
,2026-06-14 14:30:00+12:00,2026-06-14 15:00:00+12:00,0,KWH,,2,actual
,2026-06-14 15:00:00+12:00,2026-06-14 15:30:00+12:00,0,KWH,,2,actual
,2026-06-14 15:00:00+12:00,2026-06-14 15:30:00+12:00,0.217,KWH,,1,actual
,2026-06-14 15:30:00+12:00,2026-06-14 16:00:00+12:00,0,KWH,,2,actual
,2026-06-14 15:30:00+12:00,2026-06-14 16:00:00+12:00,0.179,KWH,,1,actual
,2026-06-14 16:00:00+12:00,2026-06-14 16:30:00+12:00,0.198,KWH,,1,actual
,2026-06-14 16:00:00+12:00,2026-06-14 16:30:00+12:00,0,KWH,,2,actual
,2026-06-14 16:30:00+12:00,2026-06-14 17:00:00+12:00,0.227,KWH,,1,actual
,2026-06-14 16:30:00+12:00,2026-06-14 17:00:00+12:00,0,KWH,,2,actual
,2026-06-14 17:00:00+12:00,2026-06-14 17:30:00+12:00,0,KWH,,2,actual
,2026-06-14 17:00:00+12:00,2026-06-14 17:30:00+12:00,0.946,KWH,,1,actual
,2026-06-14 17:30:00+12:00,2026-06-14 18:00:00+12:00,0.716,KWH,,1,actual
,2026-06-14 17:30:00+12:00,2026-06-14 18:00:00+12:00,0,KWH,,2,actual
,2026-06-14 18:00:00+12:00,2026-06-14 18:30:00+12:00,0.397,KWH,,1,actual
,2026-06-14 18:00:00+12:00,2026-06-14 18:30:00+12:00,0.952,KWH,,2,actual
,2026-06-14 18:30:00+12:00,2026-06-14 19:00:00+12:00,0.618,KWH,,2,actual
,2026-06-14 18:30:00+12:00,2026-06-14 19:00:00+12:00,0.392,KWH,,1,actual
,2026-06-14 19:00:00+12:00,2026-06-14 19:30:00+12:00,0,KWH,,2,actual
,2026-06-14 19:00:00+12:00,2026-06-14 19:30:00+12:00,0.755,KWH,,1,actual
,2026-06-14 19:30:00+12:00,2026-06-14 20:00:00+12:00,0,KWH,,2,actual
,2026-06-14 19:30:00+12:00,2026-06-14 20:00:00+12:00,0.242,KWH,,1,actual
,2026-06-14 20:00:00+12:00,2026-06-14 20:30:00+12:00,0,KWH,,2,actual
,2026-06-14 20:00:00+12:00,2026-06-14 20:30:00+12:00,0.942,KWH,,1,actual
,2026-06-14 20:30:00+12:00,2026-06-14 21:00:00+12:00,0,KWH,,2,actual
,2026-06-14 20:30:00+12:00,2026-06-14 21:00:00+12:00,1.238,KWH,,1,actual
,2026-06-14 21:00:00+12:00,2026-06-14 21:30:00+12:00,0,KWH,,2,actual
,2026-06-14 21:00:00+12:00,2026-06-14 21:30:00+12:00,2.421,KWH,,1,actual
,2026-06-14 21:30:00+12:00,2026-06-14 22:00:00+12:00,1.266,KWH,,1,actual
,2026-06-14 21:30:00+12:00,2026-06-14 22:00:00+12:00,0,KWH,,2,actual
,2026-06-14 22:00:00+12:00,2026-06-14 22:30:00+12:00,0.306,KWH,,1,actual
,2026-06-14 22:00:00+12:00,2026-06-14 22:30:00+12:00,0.833,KWH,,2,actual
,2026-06-14 22:30:00+12:00,2026-06-14 23:00:00+12:00,0.316,KWH,,1,actual
,2026-06-14 22:30:00+12:00,2026-06-14 23:00:00+12:00,1.553,KWH,,2,actual
,2026-06-14 23:00:00+12:00,2026-06-14 23:30:00+12:00,0.326,KWH,,1,actual
,2026-06-14 23:00:00+12:00,2026-06-14 23:30:00+12:00,0.049,KWH,,2,actual
,2026-06-14 23:30:00+12:00,2026-06-15 00:00:00+12:00,0,KWH,,2,actual
,2026-06-14 23:30:00+12:00,2026-06-15 00:00:00+12:00,0.509,KWH,,1,actual
,2026-06-15 00:00:00+12:00,2026-06-15 00:30:00+12:00,0,KWH,,2,actual
,2026-06-15 00:00:00+12:00,2026-06-15 00:30:00+12:00,0.258,KWH,,1,actual
,2026-06-15 00:30:00+12:00,2026-06-15 01:00:00+12:00,0.295,KWH,,1,actual
,2026-06-15 00:30:00+12:00,2026-06-15 01:00:00+12:00,0,KWH,,2,actual
,2026-06-15 01:00:00+12:00,2026-06-15 01:30:00+12:00,0.284,KWH,,1,actual
,2026-06-15 01:00:00+12:00,2026-06-15 01:30:00+12:00,0,KWH,,2,actual
,2026-06-15 01:30:00+12:00,2026-06-15 02:00:00+12:00,0,KWH,,2,actual
,2026-06-15 01:30:00+12:00,2026-06-15 02:00:00+12:00,0.258,KWH,,1,actual
,2026-06-15 02:00:00+12:00,2026-06-15 02:30:00+12:00,0.274,KWH,,1,actual
,2026-06-15 02:00:00+12:00,2026-06-15 02:30:00+12:00,0,KWH,,2,actual
,2026-06-15 02:30:00+12:00,2026-06-15 03:00:00+12:00,0,KWH,,2,actual
,2026-06-15 02:30:00+12:00,2026-06-15 03:00:00+12:00,0.303,KWH,,1,actual
,2026-06-15 03:00:00+12:00,2026-06-15 03:30:00+12:00,0,KWH,,2,actual
,2026-06-15 03:00:00+12:00,2026-06-15 03:30:00+12:00,0.262,KWH,,1,actual
,2026-06-15 03:30:00+12:00,2026-06-15 04:00:00+12:00,0.267,KWH,,1,actual
,2026-06-15 03:30:00+12:00,2026-06-15 04:00:00+12:00,0,KWH,,2,actual
,2026-06-15 04:00:00+12:00,2026-06-15 04:30:00+12:00,0,KWH,,2,actual
,2026-06-15 04:00:00+12:00,2026-06-15 04:30:00+12:00,0.311,KWH,,1,actual
,2026-06-15 04:30:00+12:00,2026-06-15 05:00:00+12:00,0.283,KWH,,1,actual
,2026-06-15 04:30:00+12:00,2026-06-15 05:00:00+12:00,0,KWH,,2,actual
,2026-06-15 05:00:00+12:00,2026-06-15 05:30:00+12:00,0.303,KWH,,1,actual
,2026-06-15 05:00:00+12:00,2026-06-15 05:30:00+12:00,0,KWH,,2,actual
,2026-06-15 05:30:00+12:00,2026-06-15 06:00:00+12:00,0,KWH,,2,actual
,2026-06-15 05:30:00+12:00,2026-06-15 06:00:00+12:00,0.704,KWH,,1,actual
,2026-06-15 06:00:00+12:00,2026-06-15 06:30:00+12:00,0,KWH,,2,actual
,2026-06-15 06:00:00+12:00,2026-06-15 06:30:00+12:00,1.102,KWH,,1,actual
,2026-06-15 06:30:00+12:00,2026-06-15 07:00:00+12:00,0,KWH,,2,actual
,2026-06-15 06:30:00+12:00,2026-06-15 07:00:00+12:00,0.968,KWH,,1,actual
,2026-06-15 07:00:00+12:00,2026-06-15 07:30:00+12:00,0.995,KWH,,1,actual
,2026-06-15 07:00:00+12:00,2026-06-15 07:30:00+12:00,0.465,KWH,,2,actual
,2026-06-15 07:30:00+12:00,2026-06-15 08:00:00+12:00,1.585,KWH,,1,actual
,2026-06-15 07:30:00+12:00,2026-06-15 08:00:00+12:00,1.386,KWH,,2,actual
,2026-06-15 08:00:00+12:00,2026-06-15 08:30:00+12:00,1.142,KWH,,1,actual
,2026-06-15 08:00:00+12:00,2026-06-15 08:30:00+12:00,0,KWH,,2,actual
,2026-06-15 08:30:00+12:00,2026-06-15 09:00:00+12:00,0,KWH,,2,actual
,2026-06-15 08:30:00+12:00,2026-06-15 09:00:00+12:00,0.673,KWH,,1,actual
,2026-06-15 09:00:00+12:00,2026-06-15 09:30:00+12:00,0,KWH,,2,actual
,2026-06-15 09:00:00+12:00,2026-06-15 09:30:00+12:00,0.43,KWH,,1,actual
,2026-06-15 09:30:00+12:00,2026-06-15 10:00:00+12:00,0,KWH,,2,actual
,2026-06-15 09:30:00+12:00,2026-06-15 10:00:00+12:00,0.432,KWH,,1,actual
,2026-06-15 10:00:00+12:00,2026-06-15 10:30:00+12:00,0.432,KWH,,1,actual
,2026-06-15 10:00:00+12:00,2026-06-15 10:30:00+12:00,0,KWH,,2,actual
,2026-06-15 10:30:00+12:00,2026-06-15 11:00:00+12:00,0,KWH,,2,actual
,2026-06-15 10:30:00+12:00,2026-06-15 11:00:00+12:00,0.438,KWH,,1,actual
,2026-06-15 11:00:00+12:00,2026-06-15 11:30:00+12:00,0.271,KWH,,1,actual
,2026-06-15 11:00:00+12:00,2026-06-15 11:30:00+12:00,0.738,KWH,,2,actual
,2026-06-15 11:30:00+12:00,2026-06-15 12:00:00+12:00,0.149,KWH,,1,actual
,2026-06-15 11:30:00+12:00,2026-06-15 12:00:00+12:00,1.552,KWH,,2,actual
,2026-06-15 12:00:00+12:00,2026-06-15 12:30:00+12:00,1.556,KWH,,2,actual
,2026-06-15 12:00:00+12:00,2026-06-15 12:30:00+12:00,0.138,KWH,,1,actual
,2026-06-15 12:30:00+12:00,2026-06-15 13:00:00+12:00,1.617,KWH,,1,actual
,2026-06-15 12:30:00+12:00,2026-06-15 13:00:00+12:00,1.505,KWH,,2,actual
,2026-06-15 13:00:00+12:00,2026-06-15 13:30:00+12:00,1.499,KWH,,2,actual
,2026-06-15 13:00:00+12:00,2026-06-15 13:30:00+12:00,2.122,KWH,,1,actual
,2026-06-15 13:30:00+12:00,2026-06-15 14:00:00+12:00,0.56,KWH,,2,actual
,2026-06-15 13:30:00+12:00,2026-06-15 14:00:00+12:00,2.327,KWH,,1,actual
,2026-06-15 14:00:00+12:00,2026-06-15 14:30:00+12:00,1.074,KWH,,1,actual
,2026-06-15 14:00:00+12:00,2026-06-15 14:30:00+12:00,0,KWH,,2,actual
,2026-06-15 14:30:00+12:00,2026-06-15 15:00:00+12:00,0,KWH,,2,actual
,2026-06-15 14:30:00+12:00,2026-06-15 15:00:00+12:00,0.558,KWH,,1,actual
,2026-06-15 15:00:00+12:00,2026-06-15 15:30:00+12:00,0.628,KWH,,1,actual
,2026-06-15 15:00:00+12:00,2026-06-15 15:30:00+12:00,0,KWH,,2,actual
,2026-06-15 15:30:00+12:00,2026-06-15 16:00:00+12:00,0.634,KWH,,1,actual
,2026-06-15 15:30:00+12:00,2026-06-15 16:00:00+12:00,0,KWH,,2,actual
,2026-06-15 16:00:00+12:00,2026-06-15 16:30:00+12:00,0,KWH,,2,actual
,2026-06-15 16:00:00+12:00,2026-06-15 16:30:00+12:00,0.965,KWH,,1,actual
,2026-06-15 16:30:00+12:00,2026-06-15 17:00:00+12:00,0,KWH,,2,actual
,2026-06-15 16:30:00+12:00,2026-06-15 17:00:00+12:00,0.763,KWH,,1,actual
,2026-06-15 17:00:00+12:00,2026-06-15 17:30:00+12:00,0.705,KWH,,1,actual
,2026-06-15 17:00:00+12:00,2026-06-15 17:30:00+12:00,0,KWH,,2,actual
,2026-06-15 17:30:00+12:00,2026-06-15 18:00:00+12:00,0,KWH,,2,actual
,2026-06-15 17:30:00+12:00,2026-06-15 18:00:00+12:00,1.624,KWH,,1,actual
,2026-06-15 18:00:00+12:00,2026-06-15 18:30:00+12:00,1.207,KWH,,2,actual
,2026-06-15 18:00:00+12:00,2026-06-15 18:30:00+12:00,1.873,KWH,,1,actual
,2026-06-15 18:30:00+12:00,2026-06-15 19:00:00+12:00,1.504,KWH,,1,actual
,2026-06-15 18:30:00+12:00,2026-06-15 19:00:00+12:00,0.935,KWH,,2,actual
,2026-06-15 19:00:00+12:00,2026-06-15 19:30:00+12:00,1.043,KWH,,1,actual
,2026-06-15 19:00:00+12:00,2026-06-15 19:30:00+12:00,1.498,KWH,,2,actual
,2026-06-15 19:30:00+12:00,2026-06-15 20:00:00+12:00,1.04,KWH,,1,actual
,2026-06-15 19:30:00+12:00,2026-06-15 20:00:00+12:00,1.52,KWH,,2,actual
,2026-06-15 20:00:00+12:00,2026-06-15 20:30:00+12:00,1.051,KWH,,1,actual
,2026-06-15 20:00:00+12:00,2026-06-15 20:30:00+12:00,1.365,KWH,,2,actual
,2026-06-15 20:30:00+12:00,2026-06-15 21:00:00+12:00,1.099,KWH,,1,actual
,2026-06-15 20:30:00+12:00,2026-06-15 21:00:00+12:00,0,KWH,,2,actual
,2026-06-15 21:00:00+12:00,2026-06-15 21:30:00+12:00,3.282,KWH,,1,actual
,2026-06-15 21:00:00+12:00,2026-06-15 21:30:00+12:00,0.996,KWH,,2,actual
,2026-06-15 21:30:00+12:00,2026-06-15 22:00:00+12:00,1.453,KWH,,2,actual
,2026-06-15 21:30:00+12:00,2026-06-15 22:00:00+12:00,2.941,KWH,,1,actual
,2026-06-15 22:00:00+12:00,2026-06-15 22:30:00+12:00,1.479,KWH,,2,actual
,2026-06-15 22:00:00+12:00,2026-06-15 22:30:00+12:00,2.499,KWH,,1,actual
,2026-06-15 22:30:00+12:00,2026-06-15 23:00:00+12:00,1.509,KWH,,2,actual
,2026-06-15 22:30:00+12:00,2026-06-15 23:00:00+12:00,2.868,KWH,,1,actual
,2026-06-15 23:00:00+12:00,2026-06-15 23:30:00+12:00,1.498,KWH,,2,actual
,2026-06-15 23:00:00+12:00,2026-06-15 23:30:00+12:00,3.159,KWH,,1,actual
,2026-06-15 23:30:00+12:00,2026-06-16 00:00:00+12:00,2.431,KWH,,1,actual
,2026-06-15 23:30:00+12:00,2026-06-16 00:00:00+12:00,1.491,KWH,,2,actual
,2026-06-16 00:00:00+12:00,2026-06-16 00:30:00+12:00,2.106,KWH,,1,actual
,2026-06-16 00:00:00+12:00,2026-06-16 00:30:00+12:00,1.499,KWH,,2,actual
,2026-06-16 00:30:00+12:00,2026-06-16 01:00:00+12:00,0.981,KWH,,2,actual
,2026-06-16 00:30:00+12:00,2026-06-16 01:00:00+12:00,2.16,KWH,,1,actual
,2026-06-16 01:00:00+12:00,2026-06-16 01:30:00+12:00,0,KWH,,2,actual
,2026-06-16 01:00:00+12:00,2026-06-16 01:30:00+12:00,2.178,KWH,,1,actual
,2026-06-16 01:30:00+12:00,2026-06-16 02:00:00+12:00,2.143,KWH,,1,actual
,2026-06-16 01:30:00+12:00,2026-06-16 02:00:00+12:00,0,KWH,,2,actual
,2026-06-16 02:00:00+12:00,2026-06-16 02:30:00+12:00,0,KWH,,2,actual
,2026-06-16 02:00:00+12:00,2026-06-16 02:30:00+12:00,2.217,KWH,,1,actual
,2026-06-16 02:30:00+12:00,2026-06-16 03:00:00+12:00,2.205,KWH,,1,actual
,2026-06-16 02:30:00+12:00,2026-06-16 03:00:00+12:00,0,KWH,,2,actual
,2026-06-16 03:00:00+12:00,2026-06-16 03:30:00+12:00,2.233,KWH,,1,actual
,2026-06-16 03:00:00+12:00,2026-06-16 03:30:00+12:00,0,KWH,,2,actual
,2026-06-16 03:30:00+12:00,2026-06-16 04:00:00+12:00,0,KWH,,2,actual
,2026-06-16 03:30:00+12:00,2026-06-16 04:00:00+12:00,2.238,KWH,,1,actual
,2026-06-16 04:00:00+12:00,2026-06-16 04:30:00+12:00,2.254,KWH,,1,actual
,2026-06-16 04:00:00+12:00,2026-06-16 04:30:00+12:00,0,KWH,,2,actual
,2026-06-16 04:30:00+12:00,2026-06-16 05:00:00+12:00,0,KWH,,2,actual
,2026-06-16 04:30:00+12:00,2026-06-16 05:00:00+12:00,1.418,KWH,,1,actual
,2026-06-16 05:00:00+12:00,2026-06-16 05:30:00+12:00,0,KWH,,2,actual
,2026-06-16 05:00:00+12:00,2026-06-16 05:30:00+12:00,0.803,KWH,,1,actual
,2026-06-16 05:30:00+12:00,2026-06-16 06:00:00+12:00,1.069,KWH,,1,actual
,2026-06-16 05:30:00+12:00,2026-06-16 06:00:00+12:00,0,KWH,,2,actual
,2026-06-16 06:00:00+12:00,2026-06-16 06:30:00+12:00,1.422,KWH,,1,actual
,2026-06-16 06:00:00+12:00,2026-06-16 06:30:00+12:00,0,KWH,,2,actual
,2026-06-16 06:30:00+12:00,2026-06-16 07:00:00+12:00,1.276,KWH,,1,actual
,2026-06-16 06:30:00+12:00,2026-06-16 07:00:00+12:00,0,KWH,,2,actual
,2026-06-16 07:00:00+12:00,2026-06-16 07:30:00+12:00,0,KWH,,2,actual
,2026-06-16 07:00:00+12:00,2026-06-16 07:30:00+12:00,1.078,KWH,,1,actual
,2026-06-16 07:30:00+12:00,2026-06-16 08:00:00+12:00,0,KWH,,2,actual
,2026-06-16 07:30:00+12:00,2026-06-16 08:00:00+12:00,1.388,KWH,,1,actual
,2026-06-16 08:00:00+12:00,2026-06-16 08:30:00+12:00,0.634,KWH,,2,actual
,2026-06-16 08:00:00+12:00,2026-06-16 08:30:00+12:00,1.159,KWH,,1,actual
,2026-06-16 08:30:00+12:00,2026-06-16 09:00:00+12:00,1.136,KWH,,1,actual
,2026-06-16 08:30:00+12:00,2026-06-16 09:00:00+12:00,0.913,KWH,,2,actual
,2026-06-16 09:00:00+12:00,2026-06-16 09:30:00+12:00,0.739,KWH,,1,actual
,2026-06-16 09:00:00+12:00,2026-06-16 09:30:00+12:00,0,KWH,,2,actual
,2026-06-16 09:30:00+12:00,2026-06-16 10:00:00+12:00,0.691,KWH,,1,actual
,2026-06-16 09:30:00+12:00,2026-06-16 10:00:00+12:00,0,KWH,,2,actual
,2026-06-16 10:00:00+12:00,2026-06-16 10:30:00+12:00,0,KWH,,2,actual
,2026-06-16 10:00:00+12:00,2026-06-16 10:30:00+12:00,0.662,KWH,,1,actual
,2026-06-16 10:30:00+12:00,2026-06-16 11:00:00+12:00,0.246,KWH,,1,actual
,2026-06-16 10:30:00+12:00,2026-06-16 11:00:00+12:00,0,KWH,,2,actual
,2026-06-16 11:00:00+12:00,2026-06-16 11:30:00+12:00,0,KWH,,2,actual
,2026-06-16 11:00:00+12:00,2026-06-16 11:30:00+12:00,0.25,KWH,,1,actual
,2026-06-16 11:30:00+12:00,2026-06-16 12:00:00+12:00,1.464,KWH,,2,actual
,2026-06-16 11:30:00+12:00,2026-06-16 12:00:00+12:00,0.248,KWH,,1,actual
,2026-06-16 12:00:00+12:00,2026-06-16 12:30:00+12:00,1.469,KWH,,2,actual
,2026-06-16 12:00:00+12:00,2026-06-16 12:30:00+12:00,0.251,KWH,,1,actual
,2026-06-16 12:30:00+12:00,2026-06-16 13:00:00+12:00,0.22,KWH,,1,actual
,2026-06-16 12:30:00+12:00,2026-06-16 13:00:00+12:00,1.474,KWH,,2,actual
,2026-06-16 13:00:00+12:00,2026-06-16 13:30:00+12:00,1.506,KWH,,2,actual
,2026-06-16 13:00:00+12:00,2026-06-16 13:30:00+12:00,0.281,KWH,,1,actual
,2026-06-16 13:30:00+12:00,2026-06-16 14:00:00+12:00,1.522,KWH,,2,actual
,2026-06-16 13:30:00+12:00,2026-06-16 14:00:00+12:00,0.363,KWH,,1,actual
,2026-06-16 14:00:00+12:00,2026-06-16 14:30:00+12:00,0.197,KWH,,1,actual
,2026-06-16 14:00:00+12:00,2026-06-16 14:30:00+12:00,1.301,KWH,,2,actual
,2026-06-16 14:30:00+12:00,2026-06-16 15:00:00+12:00,0,KWH,,2,actual
,2026-06-16 14:30:00+12:00,2026-06-16 15:00:00+12:00,0.255,KWH,,1,actual
,2026-06-16 15:00:00+12:00,2026-06-16 15:30:00+12:00,0.828,KWH,,1,actual
,2026-06-16 15:00:00+12:00,2026-06-16 15:30:00+12:00,0,KWH,,2,actual
,2026-06-16 15:30:00+12:00,2026-06-16 16:00:00+12:00,0.394,KWH,,1,actual
,2026-06-16 15:30:00+12:00,2026-06-16 16:00:00+12:00,0,KWH,,2,actual
,2026-06-16 16:00:00+12:00,2026-06-16 16:30:00+12:00,0,KWH,,2,actual
,2026-06-16 16:00:00+12:00,2026-06-16 16:30:00+12:00,0.612,KWH,,1,actual
,2026-06-16 16:30:00+12:00,2026-06-16 17:00:00+12:00,0,KWH,,2,actual
,2026-06-16 16:30:00+12:00,2026-06-16 17:00:00+12:00,1.965,KWH,,1,actual
,2026-06-16 17:00:00+12:00,2026-06-16 17:30:00+12:00,1.756,KWH,,1,actual
,2026-06-16 17:00:00+12:00,2026-06-16 17:30:00+12:00,0,KWH,,2,actual
,2026-06-16 17:30:00+12:00,2026-06-16 18:00:00+12:00,0,KWH,,2,actual
,2026-06-16 17:30:00+12:00,2026-06-16 18:00:00+12:00,0.884,KWH,,1,actual
,2026-06-16 18:00:00+12:00,2026-06-16 18:30:00+12:00,0.103,KWH,,2,actual
,2026-06-16 18:00:00+12:00,2026-06-16 18:30:00+12:00,1.936,KWH,,1,actual
,2026-06-16 18:30:00+12:00,2026-06-16 19:00:00+12:00,1.844,KWH,,1,actual
,2026-06-16 18:30:00+12:00,2026-06-16 19:00:00+12:00,1.446,KWH,,2,actual
,2026-06-16 19:00:00+12:00,2026-06-16 19:30:00+12:00,1.569,KWH,,1,actual
,2026-06-16 19:00:00+12:00,2026-06-16 19:30:00+12:00,1.47,KWH,,2,actual
,2026-06-16 19:30:00+12:00,2026-06-16 20:00:00+12:00,1.158,KWH,,1,actual
,2026-06-16 19:30:00+12:00,2026-06-16 20:00:00+12:00,1.487,KWH,,2,actual
,2026-06-16 20:00:00+12:00,2026-06-16 20:30:00+12:00,1.148,KWH,,1,actual
,2026-06-16 20:00:00+12:00,2026-06-16 20:30:00+12:00,1.437,KWH,,2,actual
,2026-06-16 20:30:00+12:00,2026-06-16 21:00:00+12:00,1.128,KWH,,1,actual
,2026-06-16 20:30:00+12:00,2026-06-16 21:00:00+12:00,0,KWH,,2,actual
,2026-06-16 21:00:00+12:00,2026-06-16 21:30:00+12:00,1.581,KWH,,1,actual
,2026-06-16 21:00:00+12:00,2026-06-16 21:30:00+12:00,0.462,KWH,,2,actual
,2026-06-16 21:30:00+12:00,2026-06-16 22:00:00+12:00,1.538,KWH,,2,actual
,2026-06-16 21:30:00+12:00,2026-06-16 22:00:00+12:00,1.094,KWH,,1,actual
,2026-06-16 22:00:00+12:00,2026-06-16 22:30:00+12:00,0.911,KWH,,2,actual
,2026-06-16 22:00:00+12:00,2026-06-16 22:30:00+12:00,1.265,KWH,,1,actual
,2026-06-16 22:30:00+12:00,2026-06-16 23:00:00+12:00,0,KWH,,2,actual
,2026-06-16 22:30:00+12:00,2026-06-16 23:00:00+12:00,3.293,KWH,,1,actual
,2026-06-16 23:00:00+12:00,2026-06-16 23:30:00+12:00,0,KWH,,2,actual
,2026-06-16 23:00:00+12:00,2026-06-16 23:30:00+12:00,1.639,KWH,,1,actual
,2026-06-16 23:30:00+12:00,2026-06-17 00:00:00+12:00,1.012,KWH,,1,actual
,2026-06-16 23:30:00+12:00,2026-06-17 00:00:00+12:00,0,KWH,,2,actual
,2026-06-17 00:00:00+12:00,2026-06-17 00:30:00+12:00,0.655,KWH,,1,actual
,2026-06-17 00:00:00+12:00,2026-06-17 00:30:00+12:00,0,KWH,,2,actual
,2026-06-17 00:30:00+12:00,2026-06-17 01:00:00+12:00,0,KWH,,2,actual
,2026-06-17 00:30:00+12:00,2026-06-17 01:00:00+12:00,0.56,KWH,,1,actual
,2026-06-17 01:00:00+12:00,2026-06-17 01:30:00+12:00,0,KWH,,2,actual
,2026-06-17 01:00:00+12:00,2026-06-17 01:30:00+12:00,0.546,KWH,,1,actual
,2026-06-17 01:30:00+12:00,2026-06-17 02:00:00+12:00,0.542,KWH,,1,actual
,2026-06-17 01:30:00+12:00,2026-06-17 02:00:00+12:00,0,KWH,,2,actual
,2026-06-17 02:00:00+12:00,2026-06-17 02:30:00+12:00,0,KWH,,2,actual
,2026-06-17 02:00:00+12:00,2026-06-17 02:30:00+12:00,0.601,KWH,,1,actual
,2026-06-17 02:30:00+12:00,2026-06-17 03:00:00+12:00,0.577,KWH,,1,actual
,2026-06-17 02:30:00+12:00,2026-06-17 03:00:00+12:00,0,KWH,,2,actual
,2026-06-17 03:00:00+12:00,2026-06-17 03:30:00+12:00,0.6,KWH,,1,actual
,2026-06-17 03:00:00+12:00,2026-06-17 03:30:00+12:00,0,KWH,,2,actual
,2026-06-17 03:30:00+12:00,2026-06-17 04:00:00+12:00,0,KWH,,2,actual
,2026-06-17 03:30:00+12:00,2026-06-17 04:00:00+12:00,0.603,KWH,,1,actual
,2026-06-17 04:00:00+12:00,2026-06-17 04:30:00+12:00,0.645,KWH,,1,actual
,2026-06-17 04:00:00+12:00,2026-06-17 04:30:00+12:00,0,KWH,,2,actual
,2026-06-17 04:30:00+12:00,2026-06-17 05:00:00+12:00,0,KWH,,2,actual
,2026-06-17 04:30:00+12:00,2026-06-17 05:00:00+12:00,0.653,KWH,,1,actual
,2026-06-17 05:00:00+12:00,2026-06-17 05:30:00+12:00,0,KWH,,2,actual
,2026-06-17 05:00:00+12:00,2026-06-17 05:30:00+12:00,0.599,KWH,,1,actual
,2026-06-17 05:30:00+12:00,2026-06-17 06:00:00+12:00,1.099,KWH,,1,actual
,2026-06-17 05:30:00+12:00,2026-06-17 06:00:00+12:00,0,KWH,,2,actual
,2026-06-17 06:00:00+12:00,2026-06-17 06:30:00+12:00,1.564,KWH,,1,actual
,2026-06-17 06:00:00+12:00,2026-06-17 06:30:00+12:00,1.036,KWH,,2,actual
,2026-06-17 06:30:00+12:00,2026-06-17 07:00:00+12:00,1.509,KWH,,1,actual
,2026-06-17 06:30:00+12:00,2026-06-17 07:00:00+12:00,0.519,KWH,,2,actual
,2026-06-17 07:00:00+12:00,2026-06-17 07:30:00+12:00,0,KWH,,2,actual
,2026-06-17 07:00:00+12:00,2026-06-17 07:30:00+12:00,1.367,KWH,,1,actual
,2026-06-17 07:30:00+12:00,2026-06-17 08:00:00+12:00,0,KWH,,2,actual
,2026-06-17 07:30:00+12:00,2026-06-17 08:00:00+12:00,1.516,KWH,,1,actual
,2026-06-17 08:00:00+12:00,2026-06-17 08:30:00+12:00,0,KWH,,2,actual
,2026-06-17 08:00:00+12:00,2026-06-17 08:30:00+12:00,1.59,KWH,,1,actual
,2026-06-17 08:30:00+12:00,2026-06-17 09:00:00+12:00,1.472,KWH,,1,actual
,2026-06-17 08:30:00+12:00,2026-06-17 09:00:00+12:00,0,KWH,,2,actual
,2026-06-17 09:00:00+12:00,2026-06-17 09:30:00+12:00,0.637,KWH,,1,actual
,2026-06-17 09:00:00+12:00,2026-06-17 09:30:00+12:00,0,KWH,,2,actual
,2026-06-17 09:30:00+12:00,2026-06-17 10:00:00+12:00,0.617,KWH,,1,actual
,2026-06-17 09:30:00+12:00,2026-06-17 10:00:00+12:00,0,KWH,,2,actual
,2026-06-17 10:00:00+12:00,2026-06-17 10:30:00+12:00,1.206,KWH,,2,actual
,2026-06-17 10:00:00+12:00,2026-06-17 10:30:00+12:00,0.354,KWH,,1,actual
,2026-06-17 10:30:00+12:00,2026-06-17 11:00:00+12:00,0.174,KWH,,1,actual
,2026-06-17 10:30:00+12:00,2026-06-17 11:00:00+12:00,0.35,KWH,,2,actual
,2026-06-17 11:00:00+12:00,2026-06-17 11:30:00+12:00,0,KWH,,2,actual
,2026-06-17 11:00:00+12:00,2026-06-17 11:30:00+12:00,0.374,KWH,,1,actual
,2026-06-17 11:30:00+12:00,2026-06-17 12:00:00+12:00,0,KWH,,2,actual
,2026-06-17 11:30:00+12:00,2026-06-17 12:00:00+12:00,2.316,KWH,,1,actual
,2026-06-17 12:00:00+12:00,2026-06-17 12:30:00+12:00,0,KWH,,2,actual
,2026-06-17 12:00:00+12:00,2026-06-17 12:30:00+12:00,1.694,KWH,,1,actual
,2026-06-17 12:30:00+12:00,2026-06-17 13:00:00+12:00,1.381,KWH,,1,actual
,2026-06-17 12:30:00+12:00,2026-06-17 13:00:00+12:00,0,KWH,,2,actual
,2026-06-17 13:00:00+12:00,2026-06-17 13:30:00+12:00,0,KWH,,2,actual
,2026-06-17 13:00:00+12:00,2026-06-17 13:30:00+12:00,0.364,KWH,,1,actual
,2026-06-17 13:30:00+12:00,2026-06-17 14:00:00+12:00,0,KWH,,2,actual
,2026-06-17 13:30:00+12:00,2026-06-17 14:00:00+12:00,0.307,KWH,,1,actual
,2026-06-17 14:00:00+12:00,2026-06-17 14:30:00+12:00,1.101,KWH,,1,actual
,2026-06-17 14:00:00+12:00,2026-06-17 14:30:00+12:00,0,KWH,,2,actual
,2026-06-17 14:30:00+12:00,2026-06-17 15:00:00+12:00,0,KWH,,2,actual
,2026-06-17 14:30:00+12:00,2026-06-17 15:00:00+12:00,0.715,KWH,,1,actual
,2026-06-17 15:00:00+12:00,2026-06-17 15:30:00+12:00,0.846,KWH,,1,actual
,2026-06-17 15:00:00+12:00,2026-06-17 15:30:00+12:00,0,KWH,,2,actual
,2026-06-17 15:30:00+12:00,2026-06-17 16:00:00+12:00,0.924,KWH,,1,actual
,2026-06-17 15:30:00+12:00,2026-06-17 16:00:00+12:00,0,KWH,,2,actual
,2026-06-17 16:00:00+12:00,2026-06-17 16:30:00+12:00,0,KWH,,2,actual
,2026-06-17 16:00:00+12:00,2026-06-17 16:30:00+12:00,2.513,KWH,,1,actual
,2026-06-17 16:30:00+12:00,2026-06-17 17:00:00+12:00,0,KWH,,2,actual
,2026-06-17 16:30:00+12:00,2026-06-17 17:00:00+12:00,1.041,KWH,,1,actual
,2026-06-17 17:00:00+12:00,2026-06-17 17:30:00+12:00,1.154,KWH,,1,actual
,2026-06-17 17:00:00+12:00,2026-06-17 17:30:00+12:00,1.3,KWH,,2,actual
,2026-06-17 17:30:00+12:00,2026-06-17 18:00:00+12:00,0.178,KWH,,2,actual
,2026-06-17 17:30:00+12:00,2026-06-17 18:00:00+12:00,0.611,KWH,,1,actual
,2026-06-17 18:00:00+12:00,2026-06-17 18:30:00+12:00,0,KWH,,2,actual
,2026-06-17 18:00:00+12:00,2026-06-17 18:30:00+12:00,0.682,KWH,,1,actual
,2026-06-17 18:30:00+12:00,2026-06-17 19:00:00+12:00,0.551,KWH,,1,actual
,2026-06-17 18:30:00+12:00,2026-06-17 19:00:00+12:00,0.149,KWH,,2,actual
,2026-06-17 19:00:00+12:00,2026-06-17 19:30:00+12:00,1.309,KWH,,1,actual
,2026-06-17 19:00:00+12:00,2026-06-17 19:30:00+12:00,1.499,KWH,,2,actual
,2026-06-17 19:30:00+12:00,2026-06-17 20:00:00+12:00,0.402,KWH,,1,actual
,2026-06-17 19:30:00+12:00,2026-06-17 20:00:00+12:00,1.541,KWH,,2,actual
,2026-06-17 20:00:00+12:00,2026-06-17 20:30:00+12:00,0.868,KWH,,1,actual
,2026-06-17 20:00:00+12:00,2026-06-17 20:30:00+12:00,1.531,KWH,,2,actual
,2026-06-17 20:30:00+12:00,2026-06-17 21:00:00+12:00,0.72,KWH,,1,actual
,2026-06-17 20:30:00+12:00,2026-06-17 21:00:00+12:00,1.511,KWH,,2,actual
,2026-06-17 21:00:00+12:00,2026-06-17 21:30:00+12:00,0.363,KWH,,1,actual
,2026-06-17 21:00:00+12:00,2026-06-17 21:30:00+12:00,1.364,KWH,,2,actual
,2026-06-17 21:30:00+12:00,2026-06-17 22:00:00+12:00,0,KWH,,2,actual
,2026-06-17 21:30:00+12:00,2026-06-17 22:00:00+12:00,0.361,KWH,,1,actual
,2026-06-17 22:00:00+12:00,2026-06-17 22:30:00+12:00,0,KWH,,2,actual
,2026-06-17 22:00:00+12:00,2026-06-17 22:30:00+12:00,0.172,KWH,,1,actual
,2026-06-17 22:30:00+12:00,2026-06-17 23:00:00+12:00,0.277,KWH,,2,actual
,2026-06-17 22:30:00+12:00,2026-06-17 23:00:00+12:00,0.805,KWH,,1,actual
,2026-06-17 23:00:00+12:00,2026-06-17 23:30:00+12:00,1.542,KWH,,2,actual
,2026-06-17 23:00:00+12:00,2026-06-17 23:30:00+12:00,0.927,KWH,,1,actual
,2026-06-17 23:30:00+12:00,2026-06-18 00:00:00+12:00,0.244,KWH,,1,actual
,2026-06-17 23:30:00+12:00,2026-06-18 00:00:00+12:00,1.554,KWH,,2,actual
,2026-06-18 00:00:00+12:00,2026-06-18 00:30:00+12:00,0.253,KWH,,1,actual
,2026-06-18 00:00:00+12:00,2026-06-18 00:30:00+12:00,1.547,KWH,,2,actual
,2026-06-18 00:30:00+12:00,2026-06-18 01:00:00+12:00,1.538,KWH,,2,actual
,2026-06-18 00:30:00+12:00,2026-06-18 01:00:00+12:00,0.244,KWH,,1,actual
,2026-06-18 01:00:00+12:00,2026-06-18 01:30:00+12:00,1.215,KWH,,2,actual
,2026-06-18 01:00:00+12:00,2026-06-18 01:30:00+12:00,0.235,KWH,,1,actual
,2026-06-18 01:30:00+12:00,2026-06-18 02:00:00+12:00,0.257,KWH,,1,actual
,2026-06-18 01:30:00+12:00,2026-06-18 02:00:00+12:00,0,KWH,,2,actual
,2026-06-18 02:00:00+12:00,2026-06-18 02:30:00+12:00,0,KWH,,2,actual
,2026-06-18 02:00:00+12:00,2026-06-18 02:30:00+12:00,0.251,KWH,,1,actual
,2026-06-18 02:30:00+12:00,2026-06-18 03:00:00+12:00,0.33,KWH,,1,actual
,2026-06-18 02:30:00+12:00,2026-06-18 03:00:00+12:00,0,KWH,,2,actual
,2026-06-18 03:00:00+12:00,2026-06-18 03:30:00+12:00,0.361,KWH,,1,actual
,2026-06-18 03:00:00+12:00,2026-06-18 03:30:00+12:00,0,KWH,,2,actual
,2026-06-18 03:30:00+12:00,2026-06-18 04:00:00+12:00,0,KWH,,2,actual
,2026-06-18 03:30:00+12:00,2026-06-18 04:00:00+12:00,0.401,KWH,,1,actual
,2026-06-18 04:00:00+12:00,2026-06-18 04:30:00+12:00,0.407,KWH,,1,actual
,2026-06-18 04:00:00+12:00,2026-06-18 04:30:00+12:00,0,KWH,,2,actual
,2026-06-18 04:30:00+12:00,2026-06-18 05:00:00+12:00,0,KWH,,2,actual
,2026-06-18 04:30:00+12:00,2026-06-18 05:00:00+12:00,0.468,KWH,,1,actual
,2026-06-18 05:00:00+12:00,2026-06-18 05:30:00+12:00,0,KWH,,2,actual
,2026-06-18 05:00:00+12:00,2026-06-18 05:30:00+12:00,0.443,KWH,,1,actual
,2026-06-18 05:30:00+12:00,2026-06-18 06:00:00+12:00,0.837,KWH,,1,actual
,2026-06-18 05:30:00+12:00,2026-06-18 06:00:00+12:00,0,KWH,,2,actual
,2026-06-18 06:00:00+12:00,2026-06-18 06:30:00+12:00,1.393,KWH,,1,actual
,2026-06-18 06:00:00+12:00,2026-06-18 06:30:00+12:00,0,KWH,,2,actual
,2026-06-18 06:30:00+12:00,2026-06-18 07:00:00+12:00,1.13,KWH,,1,actual
,2026-06-18 06:30:00+12:00,2026-06-18 07:00:00+12:00,0,KWH,,2,actual
,2026-06-18 07:00:00+12:00,2026-06-18 07:30:00+12:00,0.634,KWH,,2,actual
,2026-06-18 07:00:00+12:00,2026-06-18 07:30:00+12:00,0.988,KWH,,1,actual
,2026-06-18 07:30:00+12:00,2026-06-18 08:00:00+12:00,1.508,KWH,,2,actual
,2026-06-18 07:30:00+12:00,2026-06-18 08:00:00+12:00,1.026,KWH,,1,actual
,2026-06-18 08:00:00+12:00,2026-06-18 08:30:00+12:00,1.087,KWH,,2,actual
,2026-06-18 08:00:00+12:00,2026-06-18 08:30:00+12:00,2.287,KWH,,1,actual
,2026-06-18 08:30:00+12:00,2026-06-18 09:00:00+12:00,2.446,KWH,,1,actual
,2026-06-18 08:30:00+12:00,2026-06-18 09:00:00+12:00,0,KWH,,2,actual
,2026-06-18 09:00:00+12:00,2026-06-18 09:30:00+12:00,1.647,KWH,,1,actual
,2026-06-18 09:00:00+12:00,2026-06-18 09:30:00+12:00,0,KWH,,2,actual
,2026-06-18 09:30:00+12:00,2026-06-18 10:00:00+12:00,0.456,KWH,,1,actual
,2026-06-18 09:30:00+12:00,2026-06-18 10:00:00+12:00,0,KWH,,2,actual
,2026-06-18 10:00:00+12:00,2026-06-18 10:30:00+12:00,0,KWH,,2,actual
,2026-06-18 10:00:00+12:00,2026-06-18 10:30:00+12:00,0.117,KWH,,1,actual
,2026-06-18 10:30:00+12:00,2026-06-18 11:00:00+12:00,0.097,KWH,,1,actual
,2026-06-18 10:30:00+12:00,2026-06-18 11:00:00+12:00,0,KWH,,2,actual
,2026-06-18 11:00:00+12:00,2026-06-18 11:30:00+12:00,0,KWH,,2,actual
,2026-06-18 11:00:00+12:00,2026-06-18 11:30:00+12:00,0.11,KWH,,1,actual
,2026-06-18 11:30:00+12:00,2026-06-18 12:00:00+12:00,0,KWH,,2,actual
,2026-06-18 11:30:00+12:00,2026-06-18 12:00:00+12:00,0.109,KWH,,1,actual
,2026-06-18 12:00:00+12:00,2026-06-18 12:30:00+12:00,0.109,KWH,,1,actual
,2026-06-18 12:00:00+12:00,2026-06-18 12:30:00+12:00,0,KWH,,2,actual
,2026-06-18 12:30:00+12:00,2026-06-18 13:00:00+12:00,0,KWH,,2,actual
,2026-06-18 12:30:00+12:00,2026-06-18 13:00:00+12:00,0.286,KWH,,1,actual
,2026-06-18 13:00:00+12:00,2026-06-18 13:30:00+12:00,0.516,KWH,,1,actual
,2026-06-18 13:00:00+12:00,2026-06-18 13:30:00+12:00,0,KWH,,2,actual
,2026-06-18 13:30:00+12:00,2026-06-18 14:00:00+12:00,0.474,KWH,,1,actual
,2026-06-18 13:30:00+12:00,2026-06-18 14:00:00+12:00,0,KWH,,2,actual
,2026-06-18 14:00:00+12:00,2026-06-18 14:30:00+12:00,0,KWH,,2,actual
,2026-06-18 14:00:00+12:00,2026-06-18 14:30:00+12:00,0.484,KWH,,1,actual
,2026-06-18 14:30:00+12:00,2026-06-18 15:00:00+12:00,0.473,KWH,,1,actual
,2026-06-18 14:30:00+12:00,2026-06-18 15:00:00+12:00,0,KWH,,2,actual
,2026-06-18 15:00:00+12:00,2026-06-18 15:30:00+12:00,0,KWH,,2,actual
,2026-06-18 15:00:00+12:00,2026-06-18 15:30:00+12:00,0.499,KWH,,1,actual
,2026-06-18 15:30:00+12:00,2026-06-18 16:00:00+12:00,0,KWH,,2,actual
,2026-06-18 15:30:00+12:00,2026-06-18 16:00:00+12:00,0.56,KWH,,1,actual
,2026-06-18 16:00:00+12:00,2026-06-18 16:30:00+12:00,0.478,KWH,,1,actual
,2026-06-18 16:00:00+12:00,2026-06-18 16:30:00+12:00,1.402,KWH,,2,actual
,2026-06-18 16:30:00+12:00,2026-06-18 17:00:00+12:00,0.53,KWH,,1,actual
,2026-06-18 16:30:00+12:00,2026-06-18 17:00:00+12:00,0.603,KWH,,2,actual
,2026-06-18 17:00:00+12:00,2026-06-18 17:30:00+12:00,0,KWH,,2,actual
,2026-06-18 17:00:00+12:00,2026-06-18 17:30:00+12:00,0.496,KWH,,1,actual
,2026-06-18 17:30:00+12:00,2026-06-18 18:00:00+12:00,0.472,KWH,,1,actual
,2026-06-18 17:30:00+12:00,2026-06-18 18:00:00+12:00,0,KWH,,2,actual
,2026-06-18 18:00:00+12:00,2026-06-18 18:30:00+12:00,0.984,KWH,,1,actual
,2026-06-18 18:00:00+12:00,2026-06-18 18:30:00+12:00,0,KWH,,2,actual
,2026-06-18 18:30:00+12:00,2026-06-18 19:00:00+12:00,0,KWH,,2,actual
,2026-06-18 18:30:00+12:00,2026-06-18 19:00:00+12:00,0.841,KWH,,1,actual
,2026-06-18 19:00:00+12:00,2026-06-18 19:30:00+12:00,0,KWH,,2,actual
,2026-06-18 19:00:00+12:00,2026-06-18 19:30:00+12:00,0.911,KWH,,1,actual
,2026-06-18 19:30:00+12:00,2026-06-18 20:00:00+12:00,0,KWH,,2,actual
,2026-06-18 19:30:00+12:00,2026-06-18 20:00:00+12:00,0.903,KWH,,1,actual
,2026-06-18 20:00:00+12:00,2026-06-18 20:30:00+12:00,0,KWH,,2,actual
,2026-06-18 20:00:00+12:00,2026-06-18 20:30:00+12:00,1.432,KWH,,1,actual
,2026-06-18 20:30:00+12:00,2026-06-18 21:00:00+12:00,0,KWH,,2,actual
,2026-06-18 20:30:00+12:00,2026-06-18 21:00:00+12:00,1.831,KWH,,1,actual
,2026-06-18 21:00:00+12:00,2026-06-18 21:30:00+12:00,0,KWH,,2,actual
,2026-06-18 21:00:00+12:00,2026-06-18 21:30:00+12:00,1.218,KWH,,1,actual
,2026-06-18 21:30:00+12:00,2026-06-18 22:00:00+12:00,1.093,KWH,,1,actual
,2026-06-18 21:30:00+12:00,2026-06-18 22:00:00+12:00,0,KWH,,2,actual
,2026-06-18 22:00:00+12:00,2026-06-18 22:30:00+12:00,0.768,KWH,,1,actual
,2026-06-18 22:00:00+12:00,2026-06-18 22:30:00+12:00,0,KWH,,2,actual
,2026-06-18 22:30:00+12:00,2026-06-18 23:00:00+12:00,1.796,KWH,,1,actual
,2026-06-18 22:30:00+12:00,2026-06-18 23:00:00+12:00,1.444,KWH,,2,actual
,2026-06-18 23:00:00+12:00,2026-06-18 23:30:00+12:00,1.235,KWH,,1,actual
,2026-06-18 23:00:00+12:00,2026-06-18 23:30:00+12:00,1.518,KWH,,2,actual
,2026-06-18 23:30:00+12:00,2026-06-19 00:00:00+12:00,1.528,KWH,,2,actual
,2026-06-18 23:30:00+12:00,2026-06-19 00:00:00+12:00,0.733,KWH,,1,actual
,2026-06-19 00:00:00+12:00,2026-06-19 00:30:00+12:00,0.998,KWH,,2,actual
,2026-06-19 00:00:00+12:00,2026-06-19 00:30:00+12:00,0.438,KWH,,1,actual
,2026-06-19 00:30:00+12:00,2026-06-19 01:00:00+12:00,0.469,KWH,,1,actual
,2026-06-19 00:30:00+12:00,2026-06-19 01:00:00+12:00,0,KWH,,2,actual
,2026-06-19 01:00:00+12:00,2026-06-19 01:30:00+12:00,0.431,KWH,,1,actual
,2026-06-19 01:00:00+12:00,2026-06-19 01:30:00+12:00,0,KWH,,2,actual
,2026-06-19 01:30:00+12:00,2026-06-19 02:00:00+12:00,0,KWH,,2,actual
,2026-06-19 01:30:00+12:00,2026-06-19 02:00:00+12:00,0.473,KWH,,1,actual
,2026-06-19 02:00:00+12:00,2026-06-19 02:30:00+12:00,0.487,KWH,,1,actual
,2026-06-19 02:00:00+12:00,2026-06-19 02:30:00+12:00,0,KWH,,2,actual
,2026-06-19 02:30:00+12:00,2026-06-19 03:00:00+12:00,0,KWH,,2,actual
,2026-06-19 02:30:00+12:00,2026-06-19 03:00:00+12:00,0.556,KWH,,1,actual
,2026-06-19 03:00:00+12:00,2026-06-19 03:30:00+12:00,0,KWH,,2,actual
,2026-06-19 03:00:00+12:00,2026-06-19 03:30:00+12:00,0.603,KWH,,1,actual
,2026-06-19 03:30:00+12:00,2026-06-19 04:00:00+12:00,0.577,KWH,,1,actual
,2026-06-19 03:30:00+12:00,2026-06-19 04:00:00+12:00,0,KWH,,2,actual
,2026-06-19 04:00:00+12:00,2026-06-19 04:30:00+12:00,0,KWH,,2,actual
,2026-06-19 04:00:00+12:00,2026-06-19 04:30:00+12:00,0.585,KWH,,1,actual
,2026-06-19 04:30:00+12:00,2026-06-19 05:00:00+12:00,0.668,KWH,,1,actual
,2026-06-19 04:30:00+12:00,2026-06-19 05:00:00+12:00,0,KWH,,2,actual
,2026-06-19 05:00:00+12:00,2026-06-19 05:30:00+12:00,0.697,KWH,,1,actual
,2026-06-19 05:00:00+12:00,2026-06-19 05:30:00+12:00,0,KWH,,2,actual
,2026-06-19 05:30:00+12:00,2026-06-19 06:00:00+12:00,0,KWH,,2,actual
,2026-06-19 05:30:00+12:00,2026-06-19 06:00:00+12:00,1.126,KWH,,1,actual
,2026-06-19 06:00:00+12:00,2026-06-19 06:30:00+12:00,0,KWH,,2,actual
,2026-06-19 06:00:00+12:00,2026-06-19 06:30:00+12:00,1.677,KWH,,1,actual
,2026-06-19 06:30:00+12:00,2026-06-19 07:00:00+12:00,0,KWH,,2,actual
,2026-06-19 06:30:00+12:00,2026-06-19 07:00:00+12:00,1.494,KWH,,1,actual
,2026-06-19 07:00:00+12:00,2026-06-19 07:30:00+12:00,1.473,KWH,,1,actual
,2026-06-19 07:00:00+12:00,2026-06-19 07:30:00+12:00,0,KWH,,2,actual
,2026-06-19 07:30:00+12:00,2026-06-19 08:00:00+12:00,1.499,KWH,,1,actual
,2026-06-19 07:30:00+12:00,2026-06-19 08:00:00+12:00,0,KWH,,2,actual
,2026-06-19 08:00:00+12:00,2026-06-19 08:30:00+12:00,1.375,KWH,,1,actual
,2026-06-19 08:00:00+12:00,2026-06-19 08:30:00+12:00,0.362,KWH,,2,actual
,2026-06-19 08:30:00+12:00,2026-06-19 09:00:00+12:00,1.351,KWH,,2,actual
,2026-06-19 08:30:00+12:00,2026-06-19 09:00:00+12:00,1.427,KWH,,1,actual
,2026-06-19 09:00:00+12:00,2026-06-19 09:30:00+12:00,0,KWH,,2,actual
,2026-06-19 09:00:00+12:00,2026-06-19 09:30:00+12:00,0.602,KWH,,1,actual
,2026-06-19 09:30:00+12:00,2026-06-19 10:00:00+12:00,0,KWH,,2,actual
,2026-06-19 09:30:00+12:00,2026-06-19 10:00:00+12:00,0.584,KWH,,1,actual
,2026-06-19 10:00:00+12:00,2026-06-19 10:30:00+12:00,0.579,KWH,,1,actual
,2026-06-19 10:00:00+12:00,2026-06-19 10:30:00+12:00,0,KWH,,2,actual
,2026-06-19 10:30:00+12:00,2026-06-19 11:00:00+12:00,0,KWH,,2,actual
,2026-06-19 10:30:00+12:00,2026-06-19 11:00:00+12:00,0.565,KWH,,1,actual
,2026-06-19 11:00:00+12:00,2026-06-19 11:30:00+12:00,0.543,KWH,,1,actual
,2026-06-19 11:00:00+12:00,2026-06-19 11:30:00+12:00,0,KWH,,2,actual
,2026-06-19 11:30:00+12:00,2026-06-19 12:00:00+12:00,0.703,KWH,,1,actual
,2026-06-19 11:30:00+12:00,2026-06-19 12:00:00+12:00,0,KWH,,2,actual
,2026-06-19 12:00:00+12:00,2026-06-19 12:30:00+12:00,0,KWH,,2,actual
,2026-06-19 12:00:00+12:00,2026-06-19 12:30:00+12:00,2.271,KWH,,1,actual
,2026-06-19 12:30:00+12:00,2026-06-19 13:00:00+12:00,1.474,KWH,,1,actual
,2026-06-19 12:30:00+12:00,2026-06-19 13:00:00+12:00,0,KWH,,2,actual
,2026-06-19 13:00:00+12:00,2026-06-19 13:30:00+12:00,0.817,KWH,,2,actual
,2026-06-19 13:00:00+12:00,2026-06-19 13:30:00+12:00,0.64,KWH,,1,actual
,2026-06-19 13:30:00+12:00,2026-06-19 14:00:00+12:00,0.854,KWH,,2,actual
,2026-06-19 13:30:00+12:00,2026-06-19 14:00:00+12:00,0.585,KWH,,1,actual
,2026-06-19 14:00:00+12:00,2026-06-19 14:30:00+12:00,0.68,KWH,,1,actual
,2026-06-19 14:00:00+12:00,2026-06-19 14:30:00+12:00,0,KWH,,2,actual
,2026-06-19 14:30:00+12:00,2026-06-19 15:00:00+12:00,0,KWH,,2,actual
,2026-06-19 14:30:00+12:00,2026-06-19 15:00:00+12:00,0.537,KWH,,1,actual
,2026-06-19 15:00:00+12:00,2026-06-19 15:30:00+12:00,1.402,KWH,,1,actual
,2026-06-19 15:00:00+12:00,2026-06-19 15:30:00+12:00,0,KWH,,2,actual
,2026-06-19 15:30:00+12:00,2026-06-19 16:00:00+12:00,1.503,KWH,,1,actual
,2026-06-19 15:30:00+12:00,2026-06-19 16:00:00+12:00,0,KWH,,2,actual
,2026-06-19 16:00:00+12:00,2026-06-19 16:30:00+12:00,0,KWH,,2,actual
,2026-06-19 16:00:00+12:00,2026-06-19 16:30:00+12:00,2.275,KWH,,1,actual
,2026-06-19 16:30:00+12:00,2026-06-19 17:00:00+12:00,0,KWH,,2,actual
,2026-06-19 16:30:00+12:00,2026-06-19 17:00:00+12:00,2.083,KWH,,1,actual
,2026-06-19 17:00:00+12:00,2026-06-19 17:30:00+12:00,1.985,KWH,,1,actual
,2026-06-19 17:00:00+12:00,2026-06-19 17:30:00+12:00,0.028,KWH,,2,actual
,2026-06-19 17:30:00+12:00,2026-06-19 18:00:00+12:00,1.52,KWH,,2,actual
,2026-06-19 17:30:00+12:00,2026-06-19 18:00:00+12:00,1.061,KWH,,1,actual
,2026-06-19 18:00:00+12:00,2026-06-19 18:30:00+12:00,0.106,KWH,,2,actual
,2026-06-19 18:00:00+12:00,2026-06-19 18:30:00+12:00,0.882,KWH,,1,actual
,2026-06-19 18:30:00+12:00,2026-06-19 19:00:00+12:00,0.523,KWH,,1,actual
,2026-06-19 18:30:00+12:00,2026-06-19 19:00:00+12:00,0.237,KWH,,2,actual
,2026-06-19 19:00:00+12:00,2026-06-19 19:30:00+12:00,0.474,KWH,,1,actual
,2026-06-19 19:00:00+12:00,2026-06-19 19:30:00+12:00,1.535,KWH,,2,actual
,2026-06-19 19:30:00+12:00,2026-06-19 20:00:00+12:00,0.51,KWH,,1,actual
,2026-06-19 19:30:00+12:00,2026-06-19 20:00:00+12:00,0.397,KWH,,2,actual
,2026-06-19 20:00:00+12:00,2026-06-19 20:30:00+12:00,0.445,KWH,,1,actual
,2026-06-19 20:00:00+12:00,2026-06-19 20:30:00+12:00,0,KWH,,2,actual
,2026-06-19 20:30:00+12:00,2026-06-19 21:00:00+12:00,0.41,KWH,,1,actual
,2026-06-19 20:30:00+12:00,2026-06-19 21:00:00+12:00,0,KWH,,2,actual
,2026-06-19 21:00:00+12:00,2026-06-19 21:30:00+12:00,0.474,KWH,,1,actual
,2026-06-19 21:00:00+12:00,2026-06-19 21:30:00+12:00,0,KWH,,2,actual
,2026-06-19 21:30:00+12:00,2026-06-19 22:00:00+12:00,0,KWH,,2,actual
,2026-06-19 21:30:00+12:00,2026-06-19 22:00:00+12:00,0.454,KWH,,1,actual
,2026-06-19 22:00:00+12:00,2026-06-19 22:30:00+12:00,0,KWH,,2,actual
,2026-06-19 22:00:00+12:00,2026-06-19 22:30:00+12:00,0.213,KWH,,1,actual
,2026-06-19 22:30:00+12:00,2026-06-19 23:00:00+12:00,0,KWH,,2,actual
,2026-06-19 22:30:00+12:00,2026-06-19 23:00:00+12:00,0.338,KWH,,1,actual
,2026-06-19 23:00:00+12:00,2026-06-19 23:30:00+12:00,0,KWH,,2,actual
,2026-06-19 23:00:00+12:00,2026-06-19 23:30:00+12:00,0.384,KWH,,1,actual
,2026-06-19 23:30:00+12:00,2026-06-20 00:00:00+12:00,0.4,KWH,,1,actual
,2026-06-19 23:30:00+12:00,2026-06-20 00:00:00+12:00,0,KWH,,2,actual
,2026-06-20 00:00:00+12:00,2026-06-20 00:30:00+12:00,0.372,KWH,,1,actual
,2026-06-20 00:00:00+12:00,2026-06-20 00:30:00+12:00,0,KWH,,2,actual
,2026-06-20 00:30:00+12:00,2026-06-20 01:00:00+12:00,0,KWH,,2,actual
,2026-06-20 00:30:00+12:00,2026-06-20 01:00:00+12:00,0.301,KWH,,1,actual
,2026-06-20 01:00:00+12:00,2026-06-20 01:30:00+12:00,0,KWH,,2,actual
,2026-06-20 01:00:00+12:00,2026-06-20 01:30:00+12:00,0.309,KWH,,1,actual
,2026-06-20 01:30:00+12:00,2026-06-20 02:00:00+12:00,0.272,KWH,,1,actual
,2026-06-20 01:30:00+12:00,2026-06-20 02:00:00+12:00,0,KWH,,2,actual
,2026-06-20 02:00:00+12:00,2026-06-20 02:30:00+12:00,0,KWH,,2,actual
,2026-06-20 02:00:00+12:00,2026-06-20 02:30:00+12:00,0.281,KWH,,1,actual
,2026-06-20 02:30:00+12:00,2026-06-20 03:00:00+12:00,0.295,KWH,,1,actual
,2026-06-20 02:30:00+12:00,2026-06-20 03:00:00+12:00,0,KWH,,2,actual
,2026-06-20 03:00:00+12:00,2026-06-20 03:30:00+12:00,0.271,KWH,,1,actual
,2026-06-20 03:00:00+12:00,2026-06-20 03:30:00+12:00,0,KWH,,2,actual
,2026-06-20 03:30:00+12:00,2026-06-20 04:00:00+12:00,0,KWH,,2,actual
,2026-06-20 03:30:00+12:00,2026-06-20 04:00:00+12:00,0.285,KWH,,1,actual
,2026-06-20 04:00:00+12:00,2026-06-20 04:30:00+12:00,0.262,KWH,,1,actual
,2026-06-20 04:00:00+12:00,2026-06-20 04:30:00+12:00,1.362,KWH,,2,actual
,2026-06-20 04:30:00+12:00,2026-06-20 05:00:00+12:00,0.126,KWH,,2,actual
,2026-06-20 04:30:00+12:00,2026-06-20 05:00:00+12:00,0.271,KWH,,1,actual
,2026-06-20 05:00:00+12:00,2026-06-20 05:30:00+12:00,0,KWH,,2,actual
,2026-06-20 05:00:00+12:00,2026-06-20 05:30:00+12:00,0.272,KWH,,1,actual
,2026-06-20 05:30:00+12:00,2026-06-20 06:00:00+12:00,0.631,KWH,,1,actual
,2026-06-20 05:30:00+12:00,2026-06-20 06:00:00+12:00,0,KWH,,2,actual
,2026-06-20 06:00:00+12:00,2026-06-20 06:30:00+12:00,1.013,KWH,,1,actual
,2026-06-20 06:00:00+12:00,2026-06-20 06:30:00+12:00,0,KWH,,2,actual
,2026-06-20 06:30:00+12:00,2026-06-20 07:00:00+12:00,0.822,KWH,,1,actual
,2026-06-20 06:30:00+12:00,2026-06-20 07:00:00+12:00,0,KWH,,2,actual
,2026-06-20 07:00:00+12:00,2026-06-20 07:30:00+12:00,0,KWH,,2,actual
,2026-06-20 07:00:00+12:00,2026-06-20 07:30:00+12:00,0.708,KWH,,1,actual
,2026-06-20 07:30:00+12:00,2026-06-20 08:00:00+12:00,0,KWH,,2,actual
,2026-06-20 07:30:00+12:00,2026-06-20 08:00:00+12:00,0.633,KWH,,1,actual
,2026-06-20 08:00:00+12:00,2026-06-20 08:30:00+12:00,0,KWH,,2,actual
,2026-06-20 08:00:00+12:00,2026-06-20 08:30:00+12:00,0.67,KWH,,1,actual
,2026-06-20 08:30:00+12:00,2026-06-20 09:00:00+12:00,0.742,KWH,,1,actual
,2026-06-20 08:30:00+12:00,2026-06-20 09:00:00+12:00,0,KWH,,2,actual
,2026-06-20 09:00:00+12:00,2026-06-20 09:30:00+12:00,0.611,KWH,,1,actual
,2026-06-20 09:00:00+12:00,2026-06-20 09:30:00+12:00,0,KWH,,2,actual
,2026-06-20 09:30:00+12:00,2026-06-20 10:00:00+12:00,0.576,KWH,,1,actual
,2026-06-20 09:30:00+12:00,2026-06-20 10:00:00+12:00,0,KWH,,2,actual
,2026-06-20 10:00:00+12:00,2026-06-20 10:30:00+12:00,0,KWH,,2,actual
,2026-06-20 10:00:00+12:00,2026-06-20 10:30:00+12:00,0.704,KWH,,1,actual
,2026-06-20 10:30:00+12:00,2026-06-20 11:00:00+12:00,0.567,KWH,,1,actual
,2026-06-20 10:30:00+12:00,2026-06-20 11:00:00+12:00,1.091,KWH,,2,actual
,2026-06-20 11:00:00+12:00,2026-06-20 11:30:00+12:00,1.226,KWH,,2,actual
,2026-06-20 11:00:00+12:00,2026-06-20 11:30:00+12:00,3.261,KWH,,1,actual
,2026-06-20 11:30:00+12:00,2026-06-20 12:00:00+12:00,1.407,KWH,,2,actual
,2026-06-20 11:30:00+12:00,2026-06-20 12:00:00+12:00,4.087,KWH,,1,actual
,2026-06-20 12:00:00+12:00,2026-06-20 12:30:00+12:00,2.542,KWH,,1,actual
,2026-06-20 12:00:00+12:00,2026-06-20 12:30:00+12:00,1.456,KWH,,2,actual
,2026-06-20 12:30:00+12:00,2026-06-20 13:00:00+12:00,1.452,KWH,,2,actual
,2026-06-20 12:30:00+12:00,2026-06-20 13:00:00+12:00,2.284,KWH,,1,actual
,2026-06-20 13:00:00+12:00,2026-06-20 13:30:00+12:00,0.9,KWH,,1,actual
,2026-06-20 13:00:00+12:00,2026-06-20 13:30:00+12:00,1.485,KWH,,2,actual
,2026-06-20 13:30:00+12:00,2026-06-20 14:00:00+12:00,0.668,KWH,,1,actual
,2026-06-20 13:30:00+12:00,2026-06-20 14:00:00+12:00,1.497,KWH,,2,actual
,2026-06-20 14:00:00+12:00,2026-06-20 14:30:00+12:00,1.337,KWH,,2,actual
,2026-06-20 14:00:00+12:00,2026-06-20 14:30:00+12:00,0.287,KWH,,1,actual
,2026-06-20 14:30:00+12:00,2026-06-20 15:00:00+12:00,0.303,KWH,,1,actual
,2026-06-20 14:30:00+12:00,2026-06-20 15:00:00+12:00,0,KWH,,2,actual
,2026-06-20 15:00:00+12:00,2026-06-20 15:30:00+12:00,0,KWH,,2,actual
,2026-06-20 15:00:00+12:00,2026-06-20 15:30:00+12:00,0.083,KWH,,1,actual
,2026-06-20 15:30:00+12:00,2026-06-20 16:00:00+12:00,0,KWH,,2,actual
,2026-06-20 15:30:00+12:00,2026-06-20 16:00:00+12:00,0,KWH,,1,actual
,2026-06-20 16:00:00+12:00,2026-06-20 16:30:00+12:00,0,KWH,,1,actual
,2026-06-20 16:00:00+12:00,2026-06-20 16:30:00+12:00,0,KWH,,2,actual
,2026-06-20 16:30:00+12:00,2026-06-20 17:00:00+12:00,0,KWH,,1,actual
,2026-06-20 16:30:00+12:00,2026-06-20 17:00:00+12:00,0,KWH,,2,actual
,2026-06-20 17:00:00+12:00,2026-06-20 17:30:00+12:00,0,KWH,,2,actual
,2026-06-20 17:00:00+12:00,2026-06-20 17:30:00+12:00,0,KWH,,1,actual
,2026-06-20 17:30:00+12:00,2026-06-20 18:00:00+12:00,0,KWH,,1,actual
,2026-06-20 17:30:00+12:00,2026-06-20 18:00:00+12:00,0,KWH,,2,actual
,2026-06-20 18:00:00+12:00,2026-06-20 18:30:00+12:00,0,KWH,,1,actual
,2026-06-20 18:00:00+12:00,2026-06-20 18:30:00+12:00,0,KWH,,2,actual
,2026-06-20 18:30:00+12:00,2026-06-20 19:00:00+12:00,0,KWH,,2,actual
,2026-06-20 18:30:00+12:00,2026-06-20 19:00:00+12:00,0,KWH,,1,actual
,2026-06-20 19:00:00+12:00,2026-06-20 19:30:00+12:00,0,KWH,,2,actual
,2026-06-20 19:00:00+12:00,2026-06-20 19:30:00+12:00,0,KWH,,1,actual
,2026-06-20 19:30:00+12:00,2026-06-20 20:00:00+12:00,1.214,KWH,,2,actual
,2026-06-20 19:30:00+12:00,2026-06-20 20:00:00+12:00,0.702,KWH,,1,actual
,2026-06-20 20:00:00+12:00,2026-06-20 20:30:00+12:00,1.096,KWH,,2,actual
,2026-06-20 20:00:00+12:00,2026-06-20 20:30:00+12:00,1.305,KWH,,1,actual
,2026-06-20 20:30:00+12:00,2026-06-20 21:00:00+12:00,0,KWH,,2,actual
,2026-06-20 20:30:00+12:00,2026-06-20 21:00:00+12:00,0.9,KWH,,1,actual
,2026-06-20 21:00:00+12:00,2026-06-20 21:30:00+12:00,1.08,KWH,,2,actual
,2026-06-20 21:00:00+12:00,2026-06-20 21:30:00+12:00,0.617,KWH,,1,actual
,2026-06-20 21:30:00+12:00,2026-06-20 22:00:00+12:00,0.826,KWH,,1,actual
,2026-06-20 21:30:00+12:00,2026-06-20 22:00:00+12:00,1.524,KWH,,2,actual
,2026-06-20 22:00:00+12:00,2026-06-20 22:30:00+12:00,0.598,KWH,,1,actual
,2026-06-20 22:00:00+12:00,2026-06-20 22:30:00+12:00,1.531,KWH,,2,actual
,2026-06-20 22:30:00+12:00,2026-06-20 23:00:00+12:00,0.661,KWH,,1,actual
,2026-06-20 22:30:00+12:00,2026-06-20 23:00:00+12:00,1.39,KWH,,2,actual
,2026-06-20 23:00:00+12:00,2026-06-20 23:30:00+12:00,0.316,KWH,,1,actual
,2026-06-20 23:00:00+12:00,2026-06-20 23:30:00+12:00,0,KWH,,2,actual
,2026-06-20 23:30:00+12:00,2026-06-21 00:00:00+12:00,0,KWH,,2,actual
,2026-06-20 23:30:00+12:00,2026-06-21 00:00:00+12:00,0.82,KWH,,1,actual
,2026-06-21 00:00:00+12:00,2026-06-21 00:30:00+12:00,0,KWH,,2,actual
,2026-06-21 00:00:00+12:00,2026-06-21 00:30:00+12:00,0.292,KWH,,1,actual
,2026-06-21 00:30:00+12:00,2026-06-21 01:00:00+12:00,0.234,KWH,,1,actual
,2026-06-21 00:30:00+12:00,2026-06-21 01:00:00+12:00,0,KWH,,2,actual
,2026-06-21 01:00:00+12:00,2026-06-21 01:30:00+12:00,0.189,KWH,,1,actual
,2026-06-21 01:00:00+12:00,2026-06-21 01:30:00+12:00,0,KWH,,2,actual
,2026-06-21 01:30:00+12:00,2026-06-21 02:00:00+12:00,0,KWH,,2,actual
,2026-06-21 01:30:00+12:00,2026-06-21 02:00:00+12:00,0.214,KWH,,1,actual
,2026-06-21 02:00:00+12:00,2026-06-21 02:30:00+12:00,0.194,KWH,,1,actual
,2026-06-21 02:00:00+12:00,2026-06-21 02:30:00+12:00,0,KWH,,2,actual
,2026-06-21 02:30:00+12:00,2026-06-21 03:00:00+12:00,0,KWH,,2,actual
,2026-06-21 02:30:00+12:00,2026-06-21 03:00:00+12:00,0.185,KWH,,1,actual
,2026-06-21 03:00:00+12:00,2026-06-21 03:30:00+12:00,0.243,KWH,,2,actual
,2026-06-21 03:00:00+12:00,2026-06-21 03:30:00+12:00,0.199,KWH,,1,actual
,2026-06-21 03:30:00+12:00,2026-06-21 04:00:00+12:00,0.189,KWH,,1,actual
,2026-06-21 03:30:00+12:00,2026-06-21 04:00:00+12:00,1.198,KWH,,2,actual
,2026-06-21 04:00:00+12:00,2026-06-21 04:30:00+12:00,0,KWH,,2,actual
,2026-06-21 04:00:00+12:00,2026-06-21 04:30:00+12:00,0.2,KWH,,1,actual
,2026-06-21 04:30:00+12:00,2026-06-21 05:00:00+12:00,0.208,KWH,,1,actual
,2026-06-21 04:30:00+12:00,2026-06-21 05:00:00+12:00,0,KWH,,2,actual
,2026-06-21 05:00:00+12:00,2026-06-21 05:30:00+12:00,0.185,KWH,,1,actual
,2026-06-21 05:00:00+12:00,2026-06-21 05:30:00+12:00,0,KWH,,2,actual
,2026-06-21 05:30:00+12:00,2026-06-21 06:00:00+12:00,0,KWH,,2,actual
,2026-06-21 05:30:00+12:00,2026-06-21 06:00:00+12:00,0.575,KWH,,1,actual
,2026-06-21 06:00:00+12:00,2026-06-21 06:30:00+12:00,0,KWH,,2,actual
,2026-06-21 06:00:00+12:00,2026-06-21 06:30:00+12:00,0.687,KWH,,1,actual
,2026-06-21 06:30:00+12:00,2026-06-21 07:00:00+12:00,0,KWH,,2,actual
,2026-06-21 06:30:00+12:00,2026-06-21 07:00:00+12:00,0.641,KWH,,1,actual
,2026-06-21 07:00:00+12:00,2026-06-21 07:30:00+12:00,0.539,KWH,,1,actual
,2026-06-21 07:00:00+12:00,2026-06-21 07:30:00+12:00,0,KWH,,2,actual
,2026-06-21 07:30:00+12:00,2026-06-21 08:00:00+12:00,0.554,KWH,,1,actual
,2026-06-21 07:30:00+12:00,2026-06-21 08:00:00+12:00,0,KWH,,2,actual
,2026-06-21 08:00:00+12:00,2026-06-21 08:30:00+12:00,0.566,KWH,,1,actual
,2026-06-21 08:00:00+12:00,2026-06-21 08:30:00+12:00,0,KWH,,2,actual
,2026-06-21 08:30:00+12:00,2026-06-21 09:00:00+12:00,0,KWH,,2,actual
,2026-06-21 08:30:00+12:00,2026-06-21 09:00:00+12:00,0.563,KWH,,1,actual
,2026-06-21 09:00:00+12:00,2026-06-21 09:30:00+12:00,0.752,KWH,,2,actual
,2026-06-21 09:00:00+12:00,2026-06-21 09:30:00+12:00,0.638,KWH,,1,actual
,2026-06-21 09:30:00+12:00,2026-06-21 10:00:00+12:00,1.508,KWH,,2,actual
,2026-06-21 09:30:00+12:00,2026-06-21 10:00:00+12:00,0.591,KWH,,1,actual
,2026-06-21 10:00:00+12:00,2026-06-21 10:30:00+12:00,0.161,KWH,,1,actual
,2026-06-21 10:00:00+12:00,2026-06-21 10:30:00+12:00,1.508,KWH,,2,actual
,2026-06-21 10:30:00+12:00,2026-06-21 11:00:00+12:00,1.511,KWH,,2,actual
,2026-06-21 10:30:00+12:00,2026-06-21 11:00:00+12:00,0.271,KWH,,1,actual
,2026-06-21 11:00:00+12:00,2026-06-21 11:30:00+12:00,0.168,KWH,,1,actual
,2026-06-21 11:00:00+12:00,2026-06-21 11:30:00+12:00,1.328,KWH,,2,actual
,2026-06-21 11:30:00+12:00,2026-06-21 12:00:00+12:00,1.181,KWH,,1,actual
,2026-06-21 11:30:00+12:00,2026-06-21 12:00:00+12:00,0,KWH,,2,actual
,2026-06-21 12:00:00+12:00,2026-06-21 12:30:00+12:00,0,KWH,,2,actual
,2026-06-21 12:00:00+12:00,2026-06-21 12:30:00+12:00,0.28,KWH,,1,actual
,2026-06-21 12:30:00+12:00,2026-06-21 13:00:00+12:00,0.137,KWH,,1,actual
,2026-06-21 12:30:00+12:00,2026-06-21 13:00:00+12:00,0,KWH,,2,actual
,2026-06-21 13:00:00+12:00,2026-06-21 13:30:00+12:00,0,KWH,,2,actual
,2026-06-21 13:00:00+12:00,2026-06-21 13:30:00+12:00,0.133,KWH,,1,actual
,2026-06-21 13:30:00+12:00,2026-06-21 14:00:00+12:00,0,KWH,,2,actual
,2026-06-21 13:30:00+12:00,2026-06-21 14:00:00+12:00,0.121,KWH,,1,actual
,2026-06-21 14:00:00+12:00,2026-06-21 14:30:00+12:00,0.144,KWH,,1,actual
,2026-06-21 14:00:00+12:00,2026-06-21 14:30:00+12:00,0,KWH,,2,actual
,2026-06-21 14:30:00+12:00,2026-06-21 15:00:00+12:00,0,KWH,,2,actual
,2026-06-21 14:30:00+12:00,2026-06-21 15:00:00+12:00,0.131,KWH,,1,actual
,2026-06-21 15:00:00+12:00,2026-06-21 15:30:00+12:00,0.201,KWH,,1,actual
,2026-06-21 15:00:00+12:00,2026-06-21 15:30:00+12:00,0,KWH,,2,actual
,2026-06-21 15:30:00+12:00,2026-06-21 16:00:00+12:00,0.2,KWH,,1,actual
,2026-06-21 15:30:00+12:00,2026-06-21 16:00:00+12:00,0,KWH,,2,actual
,2026-06-21 16:00:00+12:00,2026-06-21 16:30:00+12:00,0,KWH,,2,actual
,2026-06-21 16:00:00+12:00,2026-06-21 16:30:00+12:00,1.071,KWH,,1,actual
,2026-06-21 16:30:00+12:00,2026-06-21 17:00:00+12:00,0,KWH,,2,actual
,2026-06-21 16:30:00+12:00,2026-06-21 17:00:00+12:00,2.306,KWH,,1,actual
,2026-06-21 17:00:00+12:00,2026-06-21 17:30:00+12:00,2.538,KWH,,1,actual
,2026-06-21 17:00:00+12:00,2026-06-21 17:30:00+12:00,1.366,KWH,,2,actual
,2026-06-21 17:30:00+12:00,2026-06-21 18:00:00+12:00,0.67,KWH,,2,actual
,2026-06-21 17:30:00+12:00,2026-06-21 18:00:00+12:00,2.068,KWH,,1,actual
,2026-06-21 18:00:00+12:00,2026-06-21 18:30:00+12:00,0,KWH,,2,actual
,2026-06-21 18:00:00+12:00,2026-06-21 18:30:00+12:00,2.252,KWH,,1,actual
,2026-06-21 18:30:00+12:00,2026-06-21 19:00:00+12:00,2.7,KWH,,1,actual
,2026-06-21 18:30:00+12:00,2026-06-21 19:00:00+12:00,0.689,KWH,,2,actual
,2026-06-21 19:00:00+12:00,2026-06-21 19:30:00+12:00,2.479,KWH,,1,actual
,2026-06-21 19:00:00+12:00,2026-06-21 19:30:00+12:00,1.518,KWH,,2,actual
,2026-06-21 19:30:00+12:00,2026-06-21 20:00:00+12:00,1.965,KWH,,1,actual
,2026-06-21 19:30:00+12:00,2026-06-21 20:00:00+12:00,1.522,KWH,,2,actual
,2026-06-21 20:00:00+12:00,2026-06-21 20:30:00+12:00,1.968,KWH,,1,actual
,2026-06-21 20:00:00+12:00,2026-06-21 20:30:00+12:00,1.497,KWH,,2,actual
,2026-06-21 20:30:00+12:00,2026-06-21 21:00:00+12:00,1.97,KWH,,1,actual
,2026-06-21 20:30:00+12:00,2026-06-21 21:00:00+12:00,1.504,KWH,,2,actual
,2026-06-21 21:00:00+12:00,2026-06-21 21:30:00+12:00,1.98,KWH,,1,actual
,2026-06-21 21:00:00+12:00,2026-06-21 21:30:00+12:00,1.495,KWH,,2,actual
,2026-06-21 21:30:00+12:00,2026-06-21 22:00:00+12:00,1.448,KWH,,2,actual
,2026-06-21 21:30:00+12:00,2026-06-21 22:00:00+12:00,2.823,KWH,,1,actual
,2026-06-21 22:00:00+12:00,2026-06-21 22:30:00+12:00,0,KWH,,2,actual
,2026-06-21 22:00:00+12:00,2026-06-21 22:30:00+12:00,2.616,KWH,,1,actual
,2026-06-21 22:30:00+12:00,2026-06-21 23:00:00+12:00,0,KWH,,2,actual
,2026-06-21 22:30:00+12:00,2026-06-21 23:00:00+12:00,2.632,KWH,,1,actual
,2026-06-21 23:00:00+12:00,2026-06-21 23:30:00+12:00,0,KWH,,2,actual
,2026-06-21 23:00:00+12:00,2026-06-21 23:30:00+12:00,2,KWH,,1,actual
,2026-06-21 23:30:00+12:00,2026-06-22 00:00:00+12:00,1.926,KWH,,1,actual
,2026-06-21 23:30:00+12:00,2026-06-22 00:00:00+12:00,0,KWH,,2,actual
,2026-06-22 00:00:00+12:00,2026-06-22 00:30:00+12:00,1.935,KWH,,1,actual
,2026-06-22 00:00:00+12:00,2026-06-22 00:30:00+12:00,0,KWH,,2,actual
,2026-06-22 00:30:00+12:00,2026-06-22 01:00:00+12:00,0,KWH,,2,actual
,2026-06-22 00:30:00+12:00,2026-06-22 01:00:00+12:00,1.892,KWH,,1,actual
,2026-06-22 01:00:00+12:00,2026-06-22 01:30:00+12:00,0,KWH,,2,actual
,2026-06-22 01:00:00+12:00,2026-06-22 01:30:00+12:00,0.849,KWH,,1,actual
,2026-06-22 01:30:00+12:00,2026-06-22 02:00:00+12:00,0.439,KWH,,1,actual
,2026-06-22 01:30:00+12:00,2026-06-22 02:00:00+12:00,0,KWH,,2,actual
,2026-06-22 02:00:00+12:00,2026-06-22 02:30:00+12:00,0,KWH,,2,actual
,2026-06-22 02:00:00+12:00,2026-06-22 02:30:00+12:00,0.268,KWH,,1,actual
,2026-06-22 02:30:00+12:00,2026-06-22 03:00:00+12:00,0.229,KWH,,1,actual
,2026-06-22 02:30:00+12:00,2026-06-22 03:00:00+12:00,0,KWH,,2,actual
,2026-06-22 03:00:00+12:00,2026-06-22 03:30:00+12:00,0.306,KWH,,1,actual
,2026-06-22 03:00:00+12:00,2026-06-22 03:30:00+12:00,0,KWH,,2,actual
,2026-06-22 03:30:00+12:00,2026-06-22 04:00:00+12:00,0,KWH,,2,actual
,2026-06-22 03:30:00+12:00,2026-06-22 04:00:00+12:00,0.311,KWH,,1,actual
,2026-06-22 04:00:00+12:00,2026-06-22 04:30:00+12:00,0.324,KWH,,1,actual
,2026-06-22 04:00:00+12:00,2026-06-22 04:30:00+12:00,0,KWH,,2,actual
,2026-06-22 04:30:00+12:00,2026-06-22 05:00:00+12:00,0.434,KWH,,2,actual
,2026-06-22 04:30:00+12:00,2026-06-22 05:00:00+12:00,0.332,KWH,,1,actual
,2026-06-22 05:00:00+12:00,2026-06-22 05:30:00+12:00,1.09,KWH,,2,actual
,2026-06-22 05:00:00+12:00,2026-06-22 05:30:00+12:00,0.373,KWH,,1,actual
,2026-06-22 05:30:00+12:00,2026-06-22 06:00:00+12:00,0.812,KWH,,1,actual
,2026-06-22 05:30:00+12:00,2026-06-22 06:00:00+12:00,0,KWH,,2,actual
,2026-06-22 06:00:00+12:00,2026-06-22 06:30:00+12:00,1.183,KWH,,1,actual
,2026-06-22 06:00:00+12:00,2026-06-22 06:30:00+12:00,0,KWH,,2,actual
,2026-06-22 06:30:00+12:00,2026-06-22 07:00:00+12:00,1.094,KWH,,1,actual
,2026-06-22 06:30:00+12:00,2026-06-22 07:00:00+12:00,0,KWH,,2,actual
,2026-06-22 07:00:00+12:00,2026-06-22 07:30:00+12:00,0,KWH,,2,actual
,2026-06-22 07:00:00+12:00,2026-06-22 07:30:00+12:00,0.982,KWH,,1,actual
,2026-06-22 07:30:00+12:00,2026-06-22 08:00:00+12:00,0,KWH,,2,actual
,2026-06-22 07:30:00+12:00,2026-06-22 08:00:00+12:00,0.99,KWH,,1,actual
,2026-06-22 08:00:00+12:00,2026-06-22 08:30:00+12:00,0,KWH,,2,actual
,2026-06-22 08:00:00+12:00,2026-06-22 08:30:00+12:00,1.221,KWH,,1,actual
,2026-06-22 08:30:00+12:00,2026-06-22 09:00:00+12:00,1.393,KWH,,1,actual
,2026-06-22 08:30:00+12:00,2026-06-22 09:00:00+12:00,0,KWH,,2,actual
,2026-06-22 09:00:00+12:00,2026-06-22 09:30:00+12:00,1.099,KWH,,1,actual
,2026-06-22 09:00:00+12:00,2026-06-22 09:30:00+12:00,0.808,KWH,,2,actual
,2026-06-22 09:30:00+12:00,2026-06-22 10:00:00+12:00,0.88,KWH,,1,actual
,2026-06-22 09:30:00+12:00,2026-06-22 10:00:00+12:00,1.478,KWH,,2,actual
,2026-06-22 10:00:00+12:00,2026-06-22 10:30:00+12:00,1.467,KWH,,2,actual
,2026-06-22 10:00:00+12:00,2026-06-22 10:30:00+12:00,1.06,KWH,,1,actual
,2026-06-22 10:30:00+12:00,2026-06-22 11:00:00+12:00,0.762,KWH,,1,actual
,2026-06-22 10:30:00+12:00,2026-06-22 11:00:00+12:00,1.492,KWH,,2,actual
,2026-06-22 11:00:00+12:00,2026-06-22 11:30:00+12:00,1.499,KWH,,2,actual
,2026-06-22 11:00:00+12:00,2026-06-22 11:30:00+12:00,0.834,KWH,,1,actual
,2026-06-22 11:30:00+12:00,2026-06-22 12:00:00+12:00,1.509,KWH,,2,actual
,2026-06-22 11:30:00+12:00,2026-06-22 12:00:00+12:00,0.738,KWH,,1,actual
,2026-06-22 12:00:00+12:00,2026-06-22 12:30:00+12:00,0.532,KWH,,1,actual
,2026-06-22 12:00:00+12:00,2026-06-22 12:30:00+12:00,0.781,KWH,,2,actual
,2026-06-22 12:30:00+12:00,2026-06-22 13:00:00+12:00,0,KWH,,2,actual
,2026-06-22 12:30:00+12:00,2026-06-22 13:00:00+12:00,0.694,KWH,,1,actual
,2026-06-22 13:00:00+12:00,2026-06-22 13:30:00+12:00,0.733,KWH,,1,actual
,2026-06-22 13:00:00+12:00,2026-06-22 13:30:00+12:00,0,KWH,,2,actual
,2026-06-22 13:30:00+12:00,2026-06-22 14:00:00+12:00,0.499,KWH,,1,actual
,2026-06-22 13:30:00+12:00,2026-06-22 14:00:00+12:00,0,KWH,,2,actual
,2026-06-22 14:00:00+12:00,2026-06-22 14:30:00+12:00,0,KWH,,2,actual
,2026-06-22 14:00:00+12:00,2026-06-22 14:30:00+12:00,1.166,KWH,,1,actual
,2026-06-22 14:30:00+12:00,2026-06-22 15:00:00+12:00,1.502,KWH,,1,actual
,2026-06-22 14:30:00+12:00,2026-06-22 15:00:00+12:00,0,KWH,,2,actual
,2026-06-22 15:00:00+12:00,2026-06-22 15:30:00+12:00,0,KWH,,2,actual
,2026-06-22 15:00:00+12:00,2026-06-22 15:30:00+12:00,0.625,KWH,,1,actual
,2026-06-22 15:30:00+12:00,2026-06-22 16:00:00+12:00,0,KWH,,2,actual
,2026-06-22 15:30:00+12:00,2026-06-22 16:00:00+12:00,1.204,KWH,,1,actual
,2026-06-22 16:00:00+12:00,2026-06-22 16:30:00+12:00,1.032,KWH,,1,actual
,2026-06-22 16:00:00+12:00,2026-06-22 16:30:00+12:00,0,KWH,,2,actual
,2026-06-22 16:30:00+12:00,2026-06-22 17:00:00+12:00,0.972,KWH,,1,actual
,2026-06-22 16:30:00+12:00,2026-06-22 17:00:00+12:00,0,KWH,,2,actual
,2026-06-22 17:00:00+12:00,2026-06-22 17:30:00+12:00,1.009,KWH,,2,actual
,2026-06-22 17:00:00+12:00,2026-06-22 17:30:00+12:00,1.328,KWH,,1,actual
,2026-06-22 17:30:00+12:00,2026-06-22 18:00:00+12:00,1.295,KWH,,1,actual
,2026-06-22 17:30:00+12:00,2026-06-22 18:00:00+12:00,0.841,KWH,,2,actual
,2026-06-22 18:00:00+12:00,2026-06-22 18:30:00+12:00,1.35,KWH,,1,actual
,2026-06-22 18:00:00+12:00,2026-06-22 18:30:00+12:00,0,KWH,,2,actual
,2026-06-22 18:30:00+12:00,2026-06-22 19:00:00+12:00,0,KWH,,2,actual
,2026-06-22 18:30:00+12:00,2026-06-22 19:00:00+12:00,0.954,KWH,,1,actual
,2026-06-22 19:00:00+12:00,2026-06-22 19:30:00+12:00,0,KWH,,2,actual
,2026-06-22 19:00:00+12:00,2026-06-22 19:30:00+12:00,1.55,KWH,,1,actual
,2026-06-22 19:30:00+12:00,2026-06-22 20:00:00+12:00,0,KWH,,2,actual
,2026-06-22 19:30:00+12:00,2026-06-22 20:00:00+12:00,1.569,KWH,,1,actual
,2026-06-22 20:00:00+12:00,2026-06-22 20:30:00+12:00,0,KWH,,2,actual
,2026-06-22 20:00:00+12:00,2026-06-22 20:30:00+12:00,1.137,KWH,,1,actual
,2026-06-22 20:30:00+12:00,2026-06-22 21:00:00+12:00,1.244,KWH,,2,actual
,2026-06-22 20:30:00+12:00,2026-06-22 21:00:00+12:00,1.141,KWH,,1,actual
,2026-06-22 21:00:00+12:00,2026-06-22 21:30:00+12:00,0.203,KWH,,2,actual
,2026-06-22 21:00:00+12:00,2026-06-22 21:30:00+12:00,1.704,KWH,,1,actual
,2026-06-22 21:30:00+12:00,2026-06-22 22:00:00+12:00,1.376,KWH,,1,actual
,2026-06-22 21:30:00+12:00,2026-06-22 22:00:00+12:00,0,KWH,,2,actual
,2026-06-22 22:00:00+12:00,2026-06-22 22:30:00+12:00,0.863,KWH,,1,actual
,2026-06-22 22:00:00+12:00,2026-06-22 22:30:00+12:00,0.865,KWH,,2,actual
,2026-06-22 22:30:00+12:00,2026-06-22 23:00:00+12:00,0.998,KWH,,1,actual
,2026-06-22 22:30:00+12:00,2026-06-22 23:00:00+12:00,1.537,KWH,,2,actual
,2026-06-22 23:00:00+12:00,2026-06-22 23:30:00+12:00,1.026,KWH,,1,actual
,2026-06-22 23:00:00+12:00,2026-06-22 23:30:00+12:00,1.561,KWH,,2,actual
,2026-06-22 23:30:00+12:00,2026-06-23 00:00:00+12:00,1.526,KWH,,2,actual
,2026-06-22 23:30:00+12:00,2026-06-23 00:00:00+12:00,0.987,KWH,,1,actual
,2026-06-23 00:00:00+12:00,2026-06-23 00:30:00+12:00,1.529,KWH,,2,actual
,2026-06-23 00:00:00+12:00,2026-06-23 00:30:00+12:00,0.646,KWH,,1,actual
,2026-06-23 00:30:00+12:00,2026-06-23 01:00:00+12:00,0.669,KWH,,1,actual
,2026-06-23 00:30:00+12:00,2026-06-23 01:00:00+12:00,0.588,KWH,,2,actual
,2026-06-23 01:00:00+12:00,2026-06-23 01:30:00+12:00,0.675,KWH,,1,actual
,2026-06-23 01:00:00+12:00,2026-06-23 01:30:00+12:00,0,KWH,,2,actual
,2026-06-23 01:30:00+12:00,2026-06-23 02:00:00+12:00,0,KWH,,2,actual
,2026-06-23 01:30:00+12:00,2026-06-23 02:00:00+12:00,0.733,KWH,,1,actual
,2026-06-23 02:00:00+12:00,2026-06-23 02:30:00+12:00,0.709,KWH,,1,actual
,2026-06-23 02:00:00+12:00,2026-06-23 02:30:00+12:00,0,KWH,,2,actual
,2026-06-23 02:30:00+12:00,2026-06-23 03:00:00+12:00,0,KWH,,2,actual
,2026-06-23 02:30:00+12:00,2026-06-23 03:00:00+12:00,0.832,KWH,,1,actual
,2026-06-23 03:00:00+12:00,2026-06-23 03:30:00+12:00,0,KWH,,2,actual
,2026-06-23 03:00:00+12:00,2026-06-23 03:30:00+12:00,0.843,KWH,,1,actual
,2026-06-23 03:30:00+12:00,2026-06-23 04:00:00+12:00,0.825,KWH,,1,actual
,2026-06-23 03:30:00+12:00,2026-06-23 04:00:00+12:00,0,KWH,,2,actual
,2026-06-23 04:00:00+12:00,2026-06-23 04:30:00+12:00,0,KWH,,2,actual
,2026-06-23 04:00:00+12:00,2026-06-23 04:30:00+12:00,0.891,KWH,,1,actual
,2026-06-23 04:30:00+12:00,2026-06-23 05:00:00+12:00,0.916,KWH,,1,actual
,2026-06-23 04:30:00+12:00,2026-06-23 05:00:00+12:00,0,KWH,,2,actual
,2026-06-23 05:00:00+12:00,2026-06-23 05:30:00+12:00,0.884,KWH,,1,actual
,2026-06-23 05:00:00+12:00,2026-06-23 05:30:00+12:00,0,KWH,,2,actual
,2026-06-23 05:30:00+12:00,2026-06-23 06:00:00+12:00,0,KWH,,2,actual
,2026-06-23 05:30:00+12:00,2026-06-23 06:00:00+12:00,1.317,KWH,,1,actual
,2026-06-23 06:00:00+12:00,2026-06-23 06:30:00+12:00,0,KWH,,2,actual
,2026-06-23 06:00:00+12:00,2026-06-23 06:30:00+12:00,1.765,KWH,,1,actual
,2026-06-23 06:30:00+12:00,2026-06-23 07:00:00+12:00,0,KWH,,2,actual
,2026-06-23 06:30:00+12:00,2026-06-23 07:00:00+12:00,1.655,KWH,,1,actual
,2026-06-23 07:00:00+12:00,2026-06-23 07:30:00+12:00,1.571,KWH,,1,actual
,2026-06-23 07:00:00+12:00,2026-06-23 07:30:00+12:00,0,KWH,,2,actual
,2026-06-23 07:30:00+12:00,2026-06-23 08:00:00+12:00,1.565,KWH,,1,actual
,2026-06-23 07:30:00+12:00,2026-06-23 08:00:00+12:00,0.083,KWH,,2,actual
,2026-06-23 08:00:00+12:00,2026-06-23 08:30:00+12:00,1.887,KWH,,1,actual
,2026-06-23 08:00:00+12:00,2026-06-23 08:30:00+12:00,1.496,KWH,,2,actual
,2026-06-23 08:30:00+12:00,2026-06-23 09:00:00+12:00,0.2,KWH,,2,actual
,2026-06-23 08:30:00+12:00,2026-06-23 09:00:00+12:00,1.843,KWH,,1,actual
,2026-06-23 09:00:00+12:00,2026-06-23 09:30:00+12:00,1.148,KWH,,2,actual
,2026-06-23 09:00:00+12:00,2026-06-23 09:30:00+12:00,1.121,KWH,,1,actual
,2026-06-23 09:30:00+12:00,2026-06-23 10:00:00+12:00,1.453,KWH,,2,actual
,2026-06-23 09:30:00+12:00,2026-06-23 10:00:00+12:00,1.761,KWH,,1,actual
,2026-06-23 10:00:00+12:00,2026-06-23 10:30:00+12:00,1.403,KWH,,1,actual
,2026-06-23 10:00:00+12:00,2026-06-23 10:30:00+12:00,1.438,KWH,,2,actual
,2026-06-23 10:30:00+12:00,2026-06-23 11:00:00+12:00,1.476,KWH,,2,actual
,2026-06-23 10:30:00+12:00,2026-06-23 11:00:00+12:00,0.67,KWH,,1,actual
,2026-06-23 11:00:00+12:00,2026-06-23 11:30:00+12:00,0.782,KWH,,1,actual
,2026-06-23 11:00:00+12:00,2026-06-23 11:30:00+12:00,1.483,KWH,,2,actual
,2026-06-23 11:30:00+12:00,2026-06-23 12:00:00+12:00,0.695,KWH,,1,actual
,2026-06-23 11:30:00+12:00,2026-06-23 12:00:00+12:00,1.499,KWH,,2,actual
,2026-06-23 12:00:00+12:00,2026-06-23 12:30:00+12:00,0.973,KWH,,2,actual
,2026-06-23 12:00:00+12:00,2026-06-23 12:30:00+12:00,0.55,KWH,,1,actual
,2026-06-23 12:30:00+12:00,2026-06-23 13:00:00+12:00,0.353,KWH,,1,actual
,2026-06-23 12:30:00+12:00,2026-06-23 13:00:00+12:00,0,KWH,,2,actual
,2026-06-23 13:00:00+12:00,2026-06-23 13:30:00+12:00,0,KWH,,2,actual
,2026-06-23 13:00:00+12:00,2026-06-23 13:30:00+12:00,0.43,KWH,,1,actual
,2026-06-23 13:30:00+12:00,2026-06-23 14:00:00+12:00,0,KWH,,2,actual
,2026-06-23 13:30:00+12:00,2026-06-23 14:00:00+12:00,0.201,KWH,,1,actual
,2026-06-23 14:00:00+12:00,2026-06-23 14:30:00+12:00,0.165,KWH,,1,actual
,2026-06-23 14:00:00+12:00,2026-06-23 14:30:00+12:00,0,KWH,,2,actual
,2026-06-23 14:30:00+12:00,2026-06-23 15:00:00+12:00,0,KWH,,2,actual
,2026-06-23 14:30:00+12:00,2026-06-23 15:00:00+12:00,0.226,KWH,,1,actual
,2026-06-23 15:00:00+12:00,2026-06-23 15:30:00+12:00,0.231,KWH,,1,actual
,2026-06-23 15:00:00+12:00,2026-06-23 15:30:00+12:00,0,KWH,,2,actual
,2026-06-23 15:30:00+12:00,2026-06-23 16:00:00+12:00,0.298,KWH,,1,actual
,2026-06-23 15:30:00+12:00,2026-06-23 16:00:00+12:00,0,KWH,,2,actual
,2026-06-23 16:00:00+12:00,2026-06-23 16:30:00+12:00,0,KWH,,2,actual
,2026-06-23 16:00:00+12:00,2026-06-23 16:30:00+12:00,0.338,KWH,,1,actual
,2026-06-23 16:30:00+12:00,2026-06-23 17:00:00+12:00,0,KWH,,2,actual
,2026-06-23 16:30:00+12:00,2026-06-23 17:00:00+12:00,0.894,KWH,,1,actual
,2026-06-23 17:00:00+12:00,2026-06-23 17:30:00+12:00,1.381,KWH,,1,actual
,2026-06-23 17:00:00+12:00,2026-06-23 17:30:00+12:00,0,KWH,,2,actual
,2026-06-23 17:30:00+12:00,2026-06-23 18:00:00+12:00,0.725,KWH,,2,actual
,2026-06-23 17:30:00+12:00,2026-06-23 18:00:00+12:00,1.317,KWH,,1,actual
,2026-06-23 18:00:00+12:00,2026-06-23 18:30:00+12:00,1.06,KWH,,2,actual
,2026-06-23 18:00:00+12:00,2026-06-23 18:30:00+12:00,1.359,KWH,,1,actual
,2026-06-23 18:30:00+12:00,2026-06-23 19:00:00+12:00,0.603,KWH,,1,actual
,2026-06-23 18:30:00+12:00,2026-06-23 19:00:00+12:00,0,KWH,,2,actual
,2026-06-23 19:00:00+12:00,2026-06-23 19:30:00+12:00,0.54,KWH,,1,actual
,2026-06-23 19:00:00+12:00,2026-06-23 19:30:00+12:00,0,KWH,,2,actual
,2026-06-23 19:30:00+12:00,2026-06-23 20:00:00+12:00,0.557,KWH,,1,actual
,2026-06-23 19:30:00+12:00,2026-06-23 20:00:00+12:00,0,KWH,,2,actual
,2026-06-23 20:00:00+12:00,2026-06-23 20:30:00+12:00,0.641,KWH,,1,actual
,2026-06-23 20:00:00+12:00,2026-06-23 20:30:00+12:00,0.378,KWH,,2,actual
,2026-06-23 20:30:00+12:00,2026-06-23 21:00:00+12:00,0.974,KWH,,1,actual
,2026-06-23 20:30:00+12:00,2026-06-23 21:00:00+12:00,1.53,KWH,,2,actual
,2026-06-23 21:00:00+12:00,2026-06-23 21:30:00+12:00,2.072,KWH,,1,actual
,2026-06-23 21:00:00+12:00,2026-06-23 21:30:00+12:00,0.665,KWH,,2,actual
,2026-06-23 21:30:00+12:00,2026-06-23 22:00:00+12:00,0,KWH,,2,actual
,2026-06-23 21:30:00+12:00,2026-06-23 22:00:00+12:00,1.185,KWH,,1,actual
,2026-06-23 22:00:00+12:00,2026-06-23 22:30:00+12:00,0,KWH,,2,actual
,2026-06-23 22:00:00+12:00,2026-06-23 22:30:00+12:00,0.607,KWH,,1,actual
,2026-06-23 22:30:00+12:00,2026-06-23 23:00:00+12:00,0,KWH,,2,actual
,2026-06-23 22:30:00+12:00,2026-06-23 23:00:00+12:00,0.18,KWH,,1,actual
,2026-06-23 23:00:00+12:00,2026-06-23 23:30:00+12:00,0,KWH,,2,actual
,2026-06-23 23:00:00+12:00,2026-06-23 23:30:00+12:00,0.211,KWH,,1,actual
,2026-06-23 23:30:00+12:00,2026-06-24 00:00:00+12:00,0.234,KWH,,1,actual
,2026-06-23 23:30:00+12:00,2026-06-24 00:00:00+12:00,0,KWH,,2,actual
,2026-06-24 00:00:00+12:00,2026-06-24 00:30:00+12:00,0.225,KWH,,1,actual
,2026-06-24 00:00:00+12:00,2026-06-24 00:30:00+12:00,0,KWH,,2,actual
,2026-06-24 00:30:00+12:00,2026-06-24 01:00:00+12:00,0,KWH,,2,actual
,2026-06-24 00:30:00+12:00,2026-06-24 01:00:00+12:00,0.192,KWH,,1,actual
,2026-06-24 01:00:00+12:00,2026-06-24 01:30:00+12:00,0,KWH,,2,actual
,2026-06-24 01:00:00+12:00,2026-06-24 01:30:00+12:00,0.203,KWH,,1,actual
,2026-06-24 01:30:00+12:00,2026-06-24 02:00:00+12:00,0.203,KWH,,1,actual
,2026-06-24 01:30:00+12:00,2026-06-24 02:00:00+12:00,0,KWH,,2,actual
,2026-06-24 02:00:00+12:00,2026-06-24 02:30:00+12:00,0.743,KWH,,2,actual
,2026-06-24 02:00:00+12:00,2026-06-24 02:30:00+12:00,0.2,KWH,,1,actual
,2026-06-24 02:30:00+12:00,2026-06-24 03:00:00+12:00,0.213,KWH,,1,actual
,2026-06-24 02:30:00+12:00,2026-06-24 03:00:00+12:00,0.67,KWH,,2,actual
,2026-06-24 03:00:00+12:00,2026-06-24 03:30:00+12:00,0.203,KWH,,1,actual
,2026-06-24 03:00:00+12:00,2026-06-24 03:30:00+12:00,0,KWH,,2,actual
,2026-06-24 03:30:00+12:00,2026-06-24 04:00:00+12:00,0,KWH,,2,actual
,2026-06-24 03:30:00+12:00,2026-06-24 04:00:00+12:00,0.224,KWH,,1,actual
,2026-06-24 04:00:00+12:00,2026-06-24 04:30:00+12:00,0.225,KWH,,1,actual
,2026-06-24 04:00:00+12:00,2026-06-24 04:30:00+12:00,0,KWH,,2,actual
,2026-06-24 04:30:00+12:00,2026-06-24 05:00:00+12:00,0,KWH,,2,actual
,2026-06-24 04:30:00+12:00,2026-06-24 05:00:00+12:00,0.236,KWH,,1,actual
,2026-06-24 05:00:00+12:00,2026-06-24 05:30:00+12:00,0,KWH,,2,actual
,2026-06-24 05:00:00+12:00,2026-06-24 05:30:00+12:00,0.283,KWH,,1,actual
,2026-06-24 05:30:00+12:00,2026-06-24 06:00:00+12:00,0.696,KWH,,1,actual
,2026-06-24 05:30:00+12:00,2026-06-24 06:00:00+12:00,0,KWH,,2,actual
,2026-06-24 06:00:00+12:00,2026-06-24 06:30:00+12:00,0.952,KWH,,1,actual
,2026-06-24 06:00:00+12:00,2026-06-24 06:30:00+12:00,0,KWH,,2,actual
,2026-06-24 06:30:00+12:00,2026-06-24 07:00:00+12:00,0.904,KWH,,1,actual
,2026-06-24 06:30:00+12:00,2026-06-24 07:00:00+12:00,0,KWH,,2,actual
,2026-06-24 07:00:00+12:00,2026-06-24 07:30:00+12:00,0,KWH,,2,actual
,2026-06-24 07:00:00+12:00,2026-06-24 07:30:00+12:00,0.873,KWH,,1,actual
,2026-06-24 07:30:00+12:00,2026-06-24 08:00:00+12:00,0,KWH,,2,actual
,2026-06-24 07:30:00+12:00,2026-06-24 08:00:00+12:00,0.71,KWH,,1,actual
,2026-06-24 08:00:00+12:00,2026-06-24 08:30:00+12:00,0,KWH,,2,actual
,2026-06-24 08:00:00+12:00,2026-06-24 08:30:00+12:00,1.038,KWH,,1,actual
,2026-06-24 08:30:00+12:00,2026-06-24 09:00:00+12:00,0.703,KWH,,1,actual
,2026-06-24 08:30:00+12:00,2026-06-24 09:00:00+12:00,0.731,KWH,,2,actual
,2026-06-24 09:00:00+12:00,2026-06-24 09:30:00+12:00,0.157,KWH,,1,actual
,2026-06-24 09:00:00+12:00,2026-06-24 09:30:00+12:00,0.911,KWH,,2,actual
,2026-06-24 09:30:00+12:00,2026-06-24 10:00:00+12:00,0.21,KWH,,1,actual
,2026-06-24 09:30:00+12:00,2026-06-24 10:00:00+12:00,0,KWH,,2,actual
,2026-06-24 10:00:00+12:00,2026-06-24 10:30:00+12:00,0,KWH,,2,actual
,2026-06-24 10:00:00+12:00,2026-06-24 10:30:00+12:00,0.171,KWH,,1,actual
,2026-06-24 10:30:00+12:00,2026-06-24 11:00:00+12:00,0.204,KWH,,1,actual
,2026-06-24 10:30:00+12:00,2026-06-24 11:00:00+12:00,0,KWH,,2,actual
,2026-06-24 11:00:00+12:00,2026-06-24 11:30:00+12:00,0,KWH,,2,actual
,2026-06-24 11:00:00+12:00,2026-06-24 11:30:00+12:00,0.22,KWH,,1,actual
,2026-06-24 11:30:00+12:00,2026-06-24 12:00:00+12:00,0,KWH,,2,actual
,2026-06-24 11:30:00+12:00,2026-06-24 12:00:00+12:00,0.143,KWH,,1,actual
,2026-06-24 12:00:00+12:00,2026-06-24 12:30:00+12:00,0,KWH,,2,actual
,2026-06-24 12:00:00+12:00,2026-06-24 12:30:00+12:00,0.16,KWH,,1,actual
,2026-06-24 12:30:00+12:00,2026-06-24 13:00:00+12:00,0.139,KWH,,1,actual
,2026-06-24 12:30:00+12:00,2026-06-24 13:00:00+12:00,0,KWH,,2,actual
,2026-06-24 13:00:00+12:00,2026-06-24 13:30:00+12:00,0,KWH,,2,actual
,2026-06-24 13:00:00+12:00,2026-06-24 13:30:00+12:00,0.133,KWH,,1,actual
,2026-06-24 13:30:00+12:00,2026-06-24 14:00:00+12:00,0,KWH,,2,actual
,2026-06-24 13:30:00+12:00,2026-06-24 14:00:00+12:00,0.187,KWH,,1,actual
,2026-06-24 14:00:00+12:00,2026-06-24 14:30:00+12:00,0.601,KWH,,1,actual
,2026-06-24 14:00:00+12:00,2026-06-24 14:30:00+12:00,0,KWH,,2,actual
,2026-06-24 14:30:00+12:00,2026-06-24 15:00:00+12:00,0,KWH,,2,actual
,2026-06-24 14:30:00+12:00,2026-06-24 15:00:00+12:00,1.18,KWH,,1,actual
,2026-06-24 15:00:00+12:00,2026-06-24 15:30:00+12:00,1.332,KWH,,1,actual
,2026-06-24 15:00:00+12:00,2026-06-24 15:30:00+12:00,0,KWH,,2,actual
,2026-06-24 15:30:00+12:00,2026-06-24 16:00:00+12:00,0.755,KWH,,1,actual
,2026-06-24 15:30:00+12:00,2026-06-24 16:00:00+12:00,0,KWH,,2,actual
,2026-06-24 16:00:00+12:00,2026-06-24 16:30:00+12:00,1.147,KWH,,2,actual
,2026-06-24 16:00:00+12:00,2026-06-24 16:30:00+12:00,0.705,KWH,,1,actual
,2026-06-24 16:30:00+12:00,2026-06-24 17:00:00+12:00,0.303,KWH,,2,actual
,2026-06-24 16:30:00+12:00,2026-06-24 17:00:00+12:00,0.881,KWH,,1,actual
,2026-06-24 17:00:00+12:00,2026-06-24 17:30:00+12:00,1.361,KWH,,1,actual
,2026-06-24 17:00:00+12:00,2026-06-24 17:30:00+12:00,0,KWH,,2,actual
,2026-06-24 17:30:00+12:00,2026-06-24 18:00:00+12:00,0,KWH,,2,actual
,2026-06-24 17:30:00+12:00,2026-06-24 18:00:00+12:00,0.84,KWH,,1,actual
,2026-06-24 18:00:00+12:00,2026-06-24 18:30:00+12:00,0,KWH,,2,actual
,2026-06-24 18:00:00+12:00,2026-06-24 18:30:00+12:00,0.921,KWH,,1,actual
,2026-06-24 18:30:00+12:00,2026-06-24 19:00:00+12:00,0.89,KWH,,1,actual
,2026-06-24 18:30:00+12:00,2026-06-24 19:00:00+12:00,1.36,KWH,,2,actual
,2026-06-24 19:00:00+12:00,2026-06-24 19:30:00+12:00,0.836,KWH,,1,actual
,2026-06-24 19:00:00+12:00,2026-06-24 19:30:00+12:00,1.506,KWH,,2,actual
,2026-06-24 19:30:00+12:00,2026-06-24 20:00:00+12:00,0.77,KWH,,1,actual
,2026-06-24 19:30:00+12:00,2026-06-24 20:00:00+12:00,1.351,KWH,,2,actual
,2026-06-24 20:00:00+12:00,2026-06-24 20:30:00+12:00,0.815,KWH,,1,actual
,2026-06-24 20:00:00+12:00,2026-06-24 20:30:00+12:00,0,KWH,,2,actual
,2026-06-24 20:30:00+12:00,2026-06-24 21:00:00+12:00,1.538,KWH,,1,actual
,2026-06-24 20:30:00+12:00,2026-06-24 21:00:00+12:00,0,KWH,,2,actual
,2026-06-24 21:00:00+12:00,2026-06-24 21:30:00+12:00,1.543,KWH,,1,actual
,2026-06-24 21:00:00+12:00,2026-06-24 21:30:00+12:00,0,KWH,,2,actual
,2026-06-24 21:30:00+12:00,2026-06-24 22:00:00+12:00,0.663,KWH,,2,actual
,2026-06-24 21:30:00+12:00,2026-06-24 22:00:00+12:00,1.509,KWH,,1,actual
,2026-06-24 22:00:00+12:00,2026-06-24 22:30:00+12:00,1.551,KWH,,2,actual
,2026-06-24 22:00:00+12:00,2026-06-24 22:30:00+12:00,1.474,KWH,,1,actual
,2026-06-24 22:30:00+12:00,2026-06-24 23:00:00+12:00,1.538,KWH,,2,actual
,2026-06-24 22:30:00+12:00,2026-06-24 23:00:00+12:00,0.551,KWH,,1,actual
,2026-06-24 23:00:00+12:00,2026-06-24 23:30:00+12:00,1.55,KWH,,2,actual
,2026-06-24 23:00:00+12:00,2026-06-24 23:30:00+12:00,0.662,KWH,,1,actual
,2026-06-24 23:30:00+12:00,2026-06-25 00:00:00+12:00,0.586,KWH,,1,actual
,2026-06-24 23:30:00+12:00,2026-06-25 00:00:00+12:00,1.552,KWH,,2,actual
,2026-06-25 00:00:00+12:00,2026-06-25 00:30:00+12:00,0.261,KWH,,1,actual
,2026-06-25 00:00:00+12:00,2026-06-25 00:30:00+12:00,0.521,KWH,,2,actual
,2026-06-25 00:30:00+12:00,2026-06-25 01:00:00+12:00,0,KWH,,2,actual
,2026-06-25 00:30:00+12:00,2026-06-25 01:00:00+12:00,0.267,KWH,,1,actual
,2026-06-25 01:00:00+12:00,2026-06-25 01:30:00+12:00,0,KWH,,2,actual
,2026-06-25 01:00:00+12:00,2026-06-25 01:30:00+12:00,0.235,KWH,,1,actual
,2026-06-25 01:30:00+12:00,2026-06-25 02:00:00+12:00,0.253,KWH,,1,actual
,2026-06-25 01:30:00+12:00,2026-06-25 02:00:00+12:00,0,KWH,,2,actual
,2026-06-25 02:00:00+12:00,2026-06-25 02:30:00+12:00,0,KWH,,2,actual
,2026-06-25 02:00:00+12:00,2026-06-25 02:30:00+12:00,0.257,KWH,,1,actual
,2026-06-25 02:30:00+12:00,2026-06-25 03:00:00+12:00,0.253,KWH,,1,actual
,2026-06-25 02:30:00+12:00,2026-06-25 03:00:00+12:00,0,KWH,,2,actual
,2026-06-25 03:00:00+12:00,2026-06-25 03:30:00+12:00,0.298,KWH,,1,actual
,2026-06-25 03:00:00+12:00,2026-06-25 03:30:00+12:00,0,KWH,,2,actual
,2026-06-25 03:30:00+12:00,2026-06-25 04:00:00+12:00,0,KWH,,2,actual
,2026-06-25 03:30:00+12:00,2026-06-25 04:00:00+12:00,0.303,KWH,,1,actual
,2026-06-25 04:00:00+12:00,2026-06-25 04:30:00+12:00,0.326,KWH,,1,actual
,2026-06-25 04:00:00+12:00,2026-06-25 04:30:00+12:00,0,KWH,,2,actual
,2026-06-25 04:30:00+12:00,2026-06-25 05:00:00+12:00,0,KWH,,2,actual
,2026-06-25 04:30:00+12:00,2026-06-25 05:00:00+12:00,0.413,KWH,,1,actual
,2026-06-25 05:00:00+12:00,2026-06-25 05:30:00+12:00,0,KWH,,2,actual
,2026-06-25 05:00:00+12:00,2026-06-25 05:30:00+12:00,0.443,KWH,,1,actual
,2026-06-25 05:30:00+12:00,2026-06-25 06:00:00+12:00,0.914,KWH,,1,actual
,2026-06-25 05:30:00+12:00,2026-06-25 06:00:00+12:00,0,KWH,,2,actual
,2026-06-25 06:00:00+12:00,2026-06-25 06:30:00+12:00,1.234,KWH,,1,actual
,2026-06-25 06:00:00+12:00,2026-06-25 06:30:00+12:00,0,KWH,,2,actual
,2026-06-25 06:30:00+12:00,2026-06-25 07:00:00+12:00,1.112,KWH,,1,actual
,2026-06-25 06:30:00+12:00,2026-06-25 07:00:00+12:00,0,KWH,,2,actual
,2026-06-25 07:00:00+12:00,2026-06-25 07:30:00+12:00,0.61,KWH,,2,actual
,2026-06-25 07:00:00+12:00,2026-06-25 07:30:00+12:00,1.07,KWH,,1,actual
,2026-06-25 07:30:00+12:00,2026-06-25 08:00:00+12:00,1.045,KWH,,2,actual
,2026-06-25 07:30:00+12:00,2026-06-25 08:00:00+12:00,1.24,KWH,,1,actual
,2026-06-25 08:00:00+12:00,2026-06-25 08:30:00+12:00,0,KWH,,2,actual
,2026-06-25 08:00:00+12:00,2026-06-25 08:30:00+12:00,1.255,KWH,,1,actual
,2026-06-25 08:30:00+12:00,2026-06-25 09:00:00+12:00,1.28,KWH,,1,actual
,2026-06-25 08:30:00+12:00,2026-06-25 09:00:00+12:00,0,KWH,,2,actual
,2026-06-25 09:00:00+12:00,2026-06-25 09:30:00+12:00,0.646,KWH,,1,actual
,2026-06-25 09:00:00+12:00,2026-06-25 09:30:00+12:00,0,KWH,,2,actual
,2026-06-25 09:30:00+12:00,2026-06-25 10:00:00+12:00,1.04,KWH,,1,actual
,2026-06-25 09:30:00+12:00,2026-06-25 10:00:00+12:00,0.997,KWH,,2,actual
,2026-06-25 10:00:00+12:00,2026-06-25 10:30:00+12:00,1.533,KWH,,2,actual
,2026-06-25 10:00:00+12:00,2026-06-25 10:30:00+12:00,1.751,KWH,,1,actual
,2026-06-25 10:30:00+12:00,2026-06-25 11:00:00+12:00,0.76,KWH,,1,actual
,2026-06-25 10:30:00+12:00,2026-06-25 11:00:00+12:00,1.54,KWH,,2,actual
,2026-06-25 11:00:00+12:00,2026-06-25 11:30:00+12:00,1.545,KWH,,2,actual
,2026-06-25 11:00:00+12:00,2026-06-25 11:30:00+12:00,0.776,KWH,,1,actual
,2026-06-25 11:30:00+12:00,2026-06-25 12:00:00+12:00,1.526,KWH,,2,actual
,2026-06-25 11:30:00+12:00,2026-06-25 12:00:00+12:00,0.847,KWH,,1,actual
,2026-06-25 12:00:00+12:00,2026-06-25 12:30:00+12:00,1.027,KWH,,1,actual
,2026-06-25 12:00:00+12:00,2026-06-25 12:30:00+12:00,0.841,KWH,,2,actual
,2026-06-25 12:30:00+12:00,2026-06-25 13:00:00+12:00,0,KWH,,2,actual
,2026-06-25 12:30:00+12:00,2026-06-25 13:00:00+12:00,1.087,KWH,,1,actual
,2026-06-25 13:00:00+12:00,2026-06-25 13:30:00+12:00,0.923,KWH,,1,actual
,2026-06-25 13:00:00+12:00,2026-06-25 13:30:00+12:00,0,KWH,,2,actual
,2026-06-25 13:30:00+12:00,2026-06-25 14:00:00+12:00,0.395,KWH,,1,actual
,2026-06-25 13:30:00+12:00,2026-06-25 14:00:00+12:00,0,KWH,,2,actual
,2026-06-25 14:00:00+12:00,2026-06-25 14:30:00+12:00,0,KWH,,2,actual
,2026-06-25 14:00:00+12:00,2026-06-25 14:30:00+12:00,0.287,KWH,,1,actual
,2026-06-25 14:30:00+12:00,2026-06-25 15:00:00+12:00,0.258,KWH,,1,actual
,2026-06-25 14:30:00+12:00,2026-06-25 15:00:00+12:00,0,KWH,,2,actual
,2026-06-25 15:00:00+12:00,2026-06-25 15:30:00+12:00,0,KWH,,2,actual
,2026-06-25 15:00:00+12:00,2026-06-25 15:30:00+12:00,0.243,KWH,,1,actual
,2026-06-25 15:30:00+12:00,2026-06-25 16:00:00+12:00,0,KWH,,2,actual
,2026-06-25 15:30:00+12:00,2026-06-25 16:00:00+12:00,0.33,KWH,,1,actual
,2026-06-25 16:00:00+12:00,2026-06-25 16:30:00+12:00,0.705,KWH,,1,actual
,2026-06-25 16:00:00+12:00,2026-06-25 16:30:00+12:00,0,KWH,,2,actual
,2026-06-25 16:30:00+12:00,2026-06-25 17:00:00+12:00,0.883,KWH,,1,actual
,2026-06-25 16:30:00+12:00,2026-06-25 17:00:00+12:00,0,KWH,,2,actual
,2026-06-25 17:00:00+12:00,2026-06-25 17:30:00+12:00,0,KWH,,2,actual
,2026-06-25 17:00:00+12:00,2026-06-25 17:30:00+12:00,0.426,KWH,,1,actual
,2026-06-25 17:30:00+12:00,2026-06-25 18:00:00+12:00,0.25,KWH,,1,actual
,2026-06-25 17:30:00+12:00,2026-06-25 18:00:00+12:00,0.794,KWH,,2,actual
,2026-06-25 18:00:00+12:00,2026-06-25 18:30:00+12:00,0.954,KWH,,1,actual
,2026-06-25 18:00:00+12:00,2026-06-25 18:30:00+12:00,0.967,KWH,,2,actual
,2026-06-25 18:30:00+12:00,2026-06-25 19:00:00+12:00,0,KWH,,2,actual
,2026-06-25 18:30:00+12:00,2026-06-25 19:00:00+12:00,0.814,KWH,,1,actual
,2026-06-25 19:00:00+12:00,2026-06-25 19:30:00+12:00,0,KWH,,2,actual
,2026-06-25 19:00:00+12:00,2026-06-25 19:30:00+12:00,0.598,KWH,,1,actual
,2026-06-25 19:30:00+12:00,2026-06-25 20:00:00+12:00,0,KWH,,2,actual
,2026-06-25 19:30:00+12:00,2026-06-25 20:00:00+12:00,0.56,KWH,,1,actual
,2026-06-25 20:00:00+12:00,2026-06-25 20:30:00+12:00,0,KWH,,2,actual
,2026-06-25 20:00:00+12:00,2026-06-25 20:30:00+12:00,0.552,KWH,,1,actual
,2026-06-25 20:30:00+12:00,2026-06-25 21:00:00+12:00,0,KWH,,2,actual
,2026-06-25 20:30:00+12:00,2026-06-25 21:00:00+12:00,0.575,KWH,,1,actual
,2026-06-25 21:00:00+12:00,2026-06-25 21:30:00+12:00,0,KWH,,2,actual
,2026-06-25 21:00:00+12:00,2026-06-25 21:30:00+12:00,2.254,KWH,,1,actual
,2026-06-25 21:30:00+12:00,2026-06-25 22:00:00+12:00,2.28,KWH,,1,actual
,2026-06-25 21:30:00+12:00,2026-06-25 22:00:00+12:00,0,KWH,,2,actual
,2026-06-25 22:00:00+12:00,2026-06-25 22:30:00+12:00,1.985,KWH,,1,actual
,2026-06-25 22:00:00+12:00,2026-06-25 22:30:00+12:00,0,KWH,,2,actual
,2026-06-25 22:30:00+12:00,2026-06-25 23:00:00+12:00,1.975,KWH,,1,actual
,2026-06-25 22:30:00+12:00,2026-06-25 23:00:00+12:00,0,KWH,,2,actual
,2026-06-25 23:00:00+12:00,2026-06-25 23:30:00+12:00,2.639,KWH,,1,actual
,2026-06-25 23:00:00+12:00,2026-06-25 23:30:00+12:00,0,KWH,,2,actual
,2026-06-25 23:30:00+12:00,2026-06-26 00:00:00+12:00,0.579,KWH,,2,actual
,2026-06-25 23:30:00+12:00,2026-06-26 00:00:00+12:00,2.522,KWH,,1,actual
,2026-06-26 00:00:00+12:00,2026-06-26 00:30:00+12:00,0.868,KWH,,2,actual
,2026-06-26 00:00:00+12:00,2026-06-26 00:30:00+12:00,2.898,KWH,,1,actual
,2026-06-26 00:30:00+12:00,2026-06-26 01:00:00+12:00,2.518,KWH,,1,actual
,2026-06-26 00:30:00+12:00,2026-06-26 01:00:00+12:00,0,KWH,,2,actual
,2026-06-26 01:00:00+12:00,2026-06-26 01:30:00+12:00,3.198,KWH,,1,actual
,2026-06-26 01:00:00+12:00,2026-06-26 01:30:00+12:00,0,KWH,,2,actual
,2026-06-26 01:30:00+12:00,2026-06-26 02:00:00+12:00,0,KWH,,2,actual
,2026-06-26 01:30:00+12:00,2026-06-26 02:00:00+12:00,2.679,KWH,,1,actual
,2026-06-26 02:00:00+12:00,2026-06-26 02:30:00+12:00,2.555,KWH,,1,actual
,2026-06-26 02:00:00+12:00,2026-06-26 02:30:00+12:00,0,KWH,,2,actual
,2026-06-26 02:30:00+12:00,2026-06-26 03:00:00+12:00,0,KWH,,2,actual
,2026-06-26 02:30:00+12:00,2026-06-26 03:00:00+12:00,2.597,KWH,,1,actual
,2026-06-26 03:00:00+12:00,2026-06-26 03:30:00+12:00,0,KWH,,2,actual
,2026-06-26 03:00:00+12:00,2026-06-26 03:30:00+12:00,2.585,KWH,,1,actual
,2026-06-26 03:30:00+12:00,2026-06-26 04:00:00+12:00,2.576,KWH,,1,actual
,2026-06-26 03:30:00+12:00,2026-06-26 04:00:00+12:00,0,KWH,,2,actual
,2026-06-26 04:00:00+12:00,2026-06-26 04:30:00+12:00,0,KWH,,2,actual
,2026-06-26 04:00:00+12:00,2026-06-26 04:30:00+12:00,2.68,KWH,,1,actual
,2026-06-26 04:30:00+12:00,2026-06-26 05:00:00+12:00,2.62,KWH,,1,actual
,2026-06-26 04:30:00+12:00,2026-06-26 05:00:00+12:00,0,KWH,,2,actual
,2026-06-26 05:00:00+12:00,2026-06-26 05:30:00+12:00,2.623,KWH,,1,actual
,2026-06-26 05:00:00+12:00,2026-06-26 05:30:00+12:00,0,KWH,,2,actual
,2026-06-26 05:30:00+12:00,2026-06-26 06:00:00+12:00,0,KWH,,2,actual
,2026-06-26 05:30:00+12:00,2026-06-26 06:00:00+12:00,2.116,KWH,,1,actual
,2026-06-26 06:00:00+12:00,2026-06-26 06:30:00+12:00,0,KWH,,2,actual
,2026-06-26 06:00:00+12:00,2026-06-26 06:30:00+12:00,1.715,KWH,,1,actual
,2026-06-26 06:30:00+12:00,2026-06-26 07:00:00+12:00,0,KWH,,2,actual
,2026-06-26 06:30:00+12:00,2026-06-26 07:00:00+12:00,1.565,KWH,,1,actual
,2026-06-26 07:00:00+12:00,2026-06-26 07:30:00+12:00,1.438,KWH,,1,actual
,2026-06-26 07:00:00+12:00,2026-06-26 07:30:00+12:00,0,KWH,,2,actual
,2026-06-26 07:30:00+12:00,2026-06-26 08:00:00+12:00,1.782,KWH,,1,actual
,2026-06-26 07:30:00+12:00,2026-06-26 08:00:00+12:00,0,KWH,,2,actual
,2026-06-26 08:00:00+12:00,2026-06-26 08:30:00+12:00,2.306,KWH,,1,actual
,2026-06-26 08:00:00+12:00,2026-06-26 08:30:00+12:00,1.339,KWH,,2,actual
,2026-06-26 08:30:00+12:00,2026-06-26 09:00:00+12:00,0.54,KWH,,2,actual
,2026-06-26 08:30:00+12:00,2026-06-26 09:00:00+12:00,2.099,KWH,,1,actual
,2026-06-26 09:00:00+12:00,2026-06-26 09:30:00+12:00,0,KWH,,2,actual
,2026-06-26 09:00:00+12:00,2026-06-26 09:30:00+12:00,1.174,KWH,,1,actual
,2026-06-26 09:30:00+12:00,2026-06-26 10:00:00+12:00,0,KWH,,2,actual
,2026-06-26 09:30:00+12:00,2026-06-26 10:00:00+12:00,1.198,KWH,,1,actual
,2026-06-26 10:00:00+12:00,2026-06-26 10:30:00+12:00,0.871,KWH,,1,actual
,2026-06-26 10:00:00+12:00,2026-06-26 10:30:00+12:00,0,KWH,,2,actual
,2026-06-26 10:30:00+12:00,2026-06-26 11:00:00+12:00,0.631,KWH,,2,actual
,2026-06-26 10:30:00+12:00,2026-06-26 11:00:00+12:00,0.695,KWH,,1,actual
,2026-06-26 11:00:00+12:00,2026-06-26 11:30:00+12:00,0.486,KWH,,1,actual
,2026-06-26 11:00:00+12:00,2026-06-26 11:30:00+12:00,0.898,KWH,,2,actual
,2026-06-26 11:30:00+12:00,2026-06-26 12:00:00+12:00,0.555,KWH,,1,actual
,2026-06-26 11:30:00+12:00,2026-06-26 12:00:00+12:00,0,KWH,,2,actual
,2026-06-26 12:00:00+12:00,2026-06-26 12:30:00+12:00,0,KWH,,2,actual
,2026-06-26 12:00:00+12:00,2026-06-26 12:30:00+12:00,0.684,KWH,,1,actual
,2026-06-26 12:30:00+12:00,2026-06-26 13:00:00+12:00,0.577,KWH,,1,actual
,2026-06-26 12:30:00+12:00,2026-06-26 13:00:00+12:00,0,KWH,,2,actual
,2026-06-26 13:00:00+12:00,2026-06-26 13:30:00+12:00,0,KWH,,2,actual
,2026-06-26 13:00:00+12:00,2026-06-26 13:30:00+12:00,0.944,KWH,,1,actual
,2026-06-26 13:30:00+12:00,2026-06-26 14:00:00+12:00,0,KWH,,2,actual
,2026-06-26 13:30:00+12:00,2026-06-26 14:00:00+12:00,0.426,KWH,,1,actual
,2026-06-26 14:00:00+12:00,2026-06-26 14:30:00+12:00,0.561,KWH,,1,actual
,2026-06-26 14:00:00+12:00,2026-06-26 14:30:00+12:00,0,KWH,,2,actual
,2026-06-26 14:30:00+12:00,2026-06-26 15:00:00+12:00,0,KWH,,2,actual
,2026-06-26 14:30:00+12:00,2026-06-26 15:00:00+12:00,0.805,KWH,,1,actual
,2026-06-26 15:00:00+12:00,2026-06-26 15:30:00+12:00,1.911,KWH,,1,actual
,2026-06-26 15:00:00+12:00,2026-06-26 15:30:00+12:00,0,KWH,,2,actual
,2026-06-26 15:30:00+12:00,2026-06-26 16:00:00+12:00,0.852,KWH,,1,actual
,2026-06-26 15:30:00+12:00,2026-06-26 16:00:00+12:00,0,KWH,,2,actual
,2026-06-26 16:00:00+12:00,2026-06-26 16:30:00+12:00,0,KWH,,2,actual
,2026-06-26 16:00:00+12:00,2026-06-26 16:30:00+12:00,0.552,KWH,,1,actual
,2026-06-26 16:30:00+12:00,2026-06-26 17:00:00+12:00,1.439,KWH,,2,actual
,2026-06-26 16:30:00+12:00,2026-06-26 17:00:00+12:00,0.499,KWH,,1,actual
,2026-06-26 17:00:00+12:00,2026-06-26 17:30:00+12:00,1.05,KWH,,1,actual
,2026-06-26 17:00:00+12:00,2026-06-26 17:30:00+12:00,0.283,KWH,,2,actual
,2026-06-26 17:30:00+12:00,2026-06-26 18:00:00+12:00,0,KWH,,2,actual
,2026-06-26 17:30:00+12:00,2026-06-26 18:00:00+12:00,1.522,KWH,,1,actual
,2026-06-26 18:00:00+12:00,2026-06-26 18:30:00+12:00,0,KWH,,2,actual
,2026-06-26 18:00:00+12:00,2026-06-26 18:30:00+12:00,1.583,KWH,,1,actual
,2026-06-26 18:30:00+12:00,2026-06-26 19:00:00+12:00,1.678,KWH,,1,actual
,2026-06-26 18:30:00+12:00,2026-06-26 19:00:00+12:00,0.777,KWH,,2,actual
,2026-06-26 19:00:00+12:00,2026-06-26 19:30:00+12:00,1.799,KWH,,1,actual
,2026-06-26 19:00:00+12:00,2026-06-26 19:30:00+12:00,1.464,KWH,,2,actual
,2026-06-26 19:30:00+12:00,2026-06-26 20:00:00+12:00,1.026,KWH,,1,actual
,2026-06-26 19:30:00+12:00,2026-06-26 20:00:00+12:00,1.488,KWH,,2,actual
,2026-06-26 20:00:00+12:00,2026-06-26 20:30:00+12:00,1.698,KWH,,1,actual
,2026-06-26 20:00:00+12:00,2026-06-26 20:30:00+12:00,1.49,KWH,,2,actual
,2026-06-26 20:30:00+12:00,2026-06-26 21:00:00+12:00,1.011,KWH,,1,actual
,2026-06-26 20:30:00+12:00,2026-06-26 21:00:00+12:00,1.515,KWH,,2,actual
,2026-06-26 21:00:00+12:00,2026-06-26 21:30:00+12:00,0.94,KWH,,1,actual
,2026-06-26 21:00:00+12:00,2026-06-26 21:30:00+12:00,0.255,KWH,,2,actual
,2026-06-26 21:30:00+12:00,2026-06-26 22:00:00+12:00,0,KWH,,2,actual
,2026-06-26 21:30:00+12:00,2026-06-26 22:00:00+12:00,0.953,KWH,,1,actual
,2026-06-26 22:00:00+12:00,2026-06-26 22:30:00+12:00,0,KWH,,2,actual
,2026-06-26 22:00:00+12:00,2026-06-26 22:30:00+12:00,0.908,KWH,,1,actual
,2026-06-26 22:30:00+12:00,2026-06-26 23:00:00+12:00,0,KWH,,2,actual
,2026-06-26 22:30:00+12:00,2026-06-26 23:00:00+12:00,0.961,KWH,,1,actual
,2026-06-26 23:00:00+12:00,2026-06-26 23:30:00+12:00,0,KWH,,2,actual
,2026-06-26 23:00:00+12:00,2026-06-26 23:30:00+12:00,1.005,KWH,,1,actual
,2026-06-26 23:30:00+12:00,2026-06-27 00:00:00+12:00,1.015,KWH,,1,actual
,2026-06-26 23:30:00+12:00,2026-06-27 00:00:00+12:00,0,KWH,,2,actual
,2026-06-27 00:00:00+12:00,2026-06-27 00:30:00+12:00,0.959,KWH,,1,actual
,2026-06-27 00:00:00+12:00,2026-06-27 00:30:00+12:00,0,KWH,,2,actual
,2026-06-27 00:30:00+12:00,2026-06-27 01:00:00+12:00,0,KWH,,2,actual
,2026-06-27 00:30:00+12:00,2026-06-27 01:00:00+12:00,0.804,KWH,,1,actual
,2026-06-27 01:00:00+12:00,2026-06-27 01:30:00+12:00,0,KWH,,2,actual
,2026-06-27 01:00:00+12:00,2026-06-27 01:30:00+12:00,0.723,KWH,,1,actual
,2026-06-27 01:30:00+12:00,2026-06-27 02:00:00+12:00,0.809,KWH,,1,actual
,2026-06-27 01:30:00+12:00,2026-06-27 02:00:00+12:00,0,KWH,,2,actual
,2026-06-27 02:00:00+12:00,2026-06-27 02:30:00+12:00,0,KWH,,2,actual
,2026-06-27 02:00:00+12:00,2026-06-27 02:30:00+12:00,0.821,KWH,,1,actual
,2026-06-27 02:30:00+12:00,2026-06-27 03:00:00+12:00,0.905,KWH,,1,actual
,2026-06-27 02:30:00+12:00,2026-06-27 03:00:00+12:00,0,KWH,,2,actual
,2026-06-27 03:00:00+12:00,2026-06-27 03:30:00+12:00,0.976,KWH,,1,actual
,2026-06-27 03:00:00+12:00,2026-06-27 03:30:00+12:00,0,KWH,,2,actual
,2026-06-27 03:30:00+12:00,2026-06-27 04:00:00+12:00,0,KWH,,2,actual
,2026-06-27 03:30:00+12:00,2026-06-27 04:00:00+12:00,0.984,KWH,,1,actual
,2026-06-27 04:00:00+12:00,2026-06-27 04:30:00+12:00,1.028,KWH,,1,actual
,2026-06-27 04:00:00+12:00,2026-06-27 04:30:00+12:00,0,KWH,,2,actual
,2026-06-27 04:30:00+12:00,2026-06-27 05:00:00+12:00,0,KWH,,2,actual
,2026-06-27 04:30:00+12:00,2026-06-27 05:00:00+12:00,1.058,KWH,,1,actual
,2026-06-27 05:00:00+12:00,2026-06-27 05:30:00+12:00,0,KWH,,2,actual
,2026-06-27 05:00:00+12:00,2026-06-27 05:30:00+12:00,1.061,KWH,,1,actual
,2026-06-27 05:30:00+12:00,2026-06-27 06:00:00+12:00,1.505,KWH,,1,actual
,2026-06-27 05:30:00+12:00,2026-06-27 06:00:00+12:00,0.703,KWH,,2,actual
,2026-06-27 06:00:00+12:00,2026-06-27 06:30:00+12:00,1.483,KWH,,1,actual
,2026-06-27 06:00:00+12:00,2026-06-27 06:30:00+12:00,0.94,KWH,,2,actual
,2026-06-27 06:30:00+12:00,2026-06-27 07:00:00+12:00,1.476,KWH,,1,actual
,2026-06-27 06:30:00+12:00,2026-06-27 07:00:00+12:00,0,KWH,,2,actual
,2026-06-27 07:00:00+12:00,2026-06-27 07:30:00+12:00,0,KWH,,2,actual
,2026-06-27 07:00:00+12:00,2026-06-27 07:30:00+12:00,1.303,KWH,,1,actual
,2026-06-27 07:30:00+12:00,2026-06-27 08:00:00+12:00,0,KWH,,2,actual
,2026-06-27 07:30:00+12:00,2026-06-27 08:00:00+12:00,1.376,KWH,,1,actual
,2026-06-27 08:00:00+12:00,2026-06-27 08:30:00+12:00,0,KWH,,2,actual
,2026-06-27 08:00:00+12:00,2026-06-27 08:30:00+12:00,1.336,KWH,,1,actual
,2026-06-27 08:30:00+12:00,2026-06-27 09:00:00+12:00,1.399,KWH,,1,actual
,2026-06-27 08:30:00+12:00,2026-06-27 09:00:00+12:00,0,KWH,,2,actual
,2026-06-27 09:00:00+12:00,2026-06-27 09:30:00+12:00,0.567,KWH,,1,actual
,2026-06-27 09:00:00+12:00,2026-06-27 09:30:00+12:00,0,KWH,,2,actual
,2026-06-27 09:30:00+12:00,2026-06-27 10:00:00+12:00,0.914,KWH,,1,actual
,2026-06-27 09:30:00+12:00,2026-06-27 10:00:00+12:00,0,KWH,,2,actual
,2026-06-27 10:00:00+12:00,2026-06-27 10:30:00+12:00,1.186,KWH,,2,actual
,2026-06-27 10:00:00+12:00,2026-06-27 10:30:00+12:00,1.347,KWH,,1,actual
,2026-06-27 10:30:00+12:00,2026-06-27 11:00:00+12:00,1.518,KWH,,1,actual
,2026-06-27 10:30:00+12:00,2026-06-27 11:00:00+12:00,1.489,KWH,,2,actual
,2026-06-27 11:00:00+12:00,2026-06-27 11:30:00+12:00,1.481,KWH,,2,actual
,2026-06-27 11:00:00+12:00,2026-06-27 11:30:00+12:00,1.472,KWH,,1,actual
,2026-06-27 11:30:00+12:00,2026-06-27 12:00:00+12:00,1.47,KWH,,2,actual
,2026-06-27 11:30:00+12:00,2026-06-27 12:00:00+12:00,2.622,KWH,,1,actual
,2026-06-27 12:00:00+12:00,2026-06-27 12:30:00+12:00,1.565,KWH,,1,actual
,2026-06-27 12:00:00+12:00,2026-06-27 12:30:00+12:00,1.478,KWH,,2,actual
,2026-06-27 12:30:00+12:00,2026-06-27 13:00:00+12:00,1.519,KWH,,2,actual
,2026-06-27 12:30:00+12:00,2026-06-27 13:00:00+12:00,0.711,KWH,,1,actual
,2026-06-27 13:00:00+12:00,2026-06-27 13:30:00+12:00,0.668,KWH,,1,actual
,2026-06-27 13:00:00+12:00,2026-06-27 13:30:00+12:00,1.51,KWH,,2,actual
,2026-06-27 13:30:00+12:00,2026-06-27 14:00:00+12:00,0.708,KWH,,1,actual
,2026-06-27 13:30:00+12:00,2026-06-27 14:00:00+12:00,1.533,KWH,,2,actual
,2026-06-27 14:00:00+12:00,2026-06-27 14:30:00+12:00,1.533,KWH,,2,actual
,2026-06-27 14:00:00+12:00,2026-06-27 14:30:00+12:00,0.548,KWH,,1,actual
,2026-06-27 14:30:00+12:00,2026-06-27 15:00:00+12:00,0.398,KWH,,1,actual
,2026-06-27 14:30:00+12:00,2026-06-27 15:00:00+12:00,1.534,KWH,,2,actual
,2026-06-27 15:00:00+12:00,2026-06-27 15:30:00+12:00,0.186,KWH,,2,actual
,2026-06-27 15:00:00+12:00,2026-06-27 15:30:00+12:00,0.501,KWH,,1,actual
,2026-06-27 15:30:00+12:00,2026-06-27 16:00:00+12:00,0,KWH,,2,actual
,2026-06-27 15:30:00+12:00,2026-06-27 16:00:00+12:00,0.293,KWH,,1,actual
,2026-06-27 16:00:00+12:00,2026-06-27 16:30:00+12:00,0.339,KWH,,1,actual
,2026-06-27 16:00:00+12:00,2026-06-27 16:30:00+12:00,0,KWH,,2,actual
,2026-06-27 16:30:00+12:00,2026-06-27 17:00:00+12:00,0.398,KWH,,1,actual
,2026-06-27 16:30:00+12:00,2026-06-27 17:00:00+12:00,0,KWH,,2,actual
,2026-06-27 17:00:00+12:00,2026-06-27 17:30:00+12:00,0,KWH,,2,actual
,2026-06-27 17:00:00+12:00,2026-06-27 17:30:00+12:00,0.427,KWH,,1,actual
,2026-06-27 17:30:00+12:00,2026-06-27 18:00:00+12:00,1.057,KWH,,1,actual
,2026-06-27 17:30:00+12:00,2026-06-27 18:00:00+12:00,0,KWH,,2,actual
,2026-06-27 18:00:00+12:00,2026-06-27 18:30:00+12:00,1.598,KWH,,1,actual
,2026-06-27 18:00:00+12:00,2026-06-27 18:30:00+12:00,0.005,KWH,,2,actual
,2026-06-27 18:30:00+12:00,2026-06-27 19:00:00+12:00,1.498,KWH,,2,actual
,2026-06-27 18:30:00+12:00,2026-06-27 19:00:00+12:00,0.912,KWH,,1,actual
,2026-06-27 19:00:00+12:00,2026-06-27 19:30:00+12:00,0.32,KWH,,2,actual
,2026-06-27 19:00:00+12:00,2026-06-27 19:30:00+12:00,1.406,KWH,,1,actual
,2026-06-27 19:30:00+12:00,2026-06-27 20:00:00+12:00,0,KWH,,2,actual
,2026-06-27 19:30:00+12:00,2026-06-27 20:00:00+12:00,1.356,KWH,,1,actual
,2026-06-27 20:00:00+12:00,2026-06-27 20:30:00+12:00,0,KWH,,2,actual
,2026-06-27 20:00:00+12:00,2026-06-27 20:30:00+12:00,0.764,KWH,,1,actual
,2026-06-27 20:30:00+12:00,2026-06-27 21:00:00+12:00,0.549,KWH,,2,actual
,2026-06-27 20:30:00+12:00,2026-06-27 21:00:00+12:00,0.742,KWH,,1,actual
,2026-06-27 21:00:00+12:00,2026-06-27 21:30:00+12:00,1.52,KWH,,2,actual
,2026-06-27 21:00:00+12:00,2026-06-27 21:30:00+12:00,0.777,KWH,,1,actual
,2026-06-27 21:30:00+12:00,2026-06-27 22:00:00+12:00,0.688,KWH,,1,actual
,2026-06-27 21:30:00+12:00,2026-06-27 22:00:00+12:00,1.54,KWH,,2,actual
,2026-06-27 22:00:00+12:00,2026-06-27 22:30:00+12:00,0.782,KWH,,1,actual
,2026-06-27 22:00:00+12:00,2026-06-27 22:30:00+12:00,1.545,KWH,,2,actual
,2026-06-27 22:30:00+12:00,2026-06-27 23:00:00+12:00,0.673,KWH,,1,actual
,2026-06-27 22:30:00+12:00,2026-06-27 23:00:00+12:00,1.56,KWH,,2,actual
,2026-06-27 23:00:00+12:00,2026-06-27 23:30:00+12:00,0.738,KWH,,1,actual
,2026-06-27 23:00:00+12:00,2026-06-27 23:30:00+12:00,1.573,KWH,,2,actual
,2026-06-27 23:30:00+12:00,2026-06-28 00:00:00+12:00,0.528,KWH,,2,actual
,2026-06-27 23:30:00+12:00,2026-06-28 00:00:00+12:00,0.801,KWH,,1,actual
,2026-06-28 00:00:00+12:00,2026-06-28 00:30:00+12:00,0,KWH,,2,actual
,2026-06-28 00:00:00+12:00,2026-06-28 00:30:00+12:00,0.786,KWH,,1,actual
,2026-06-28 00:30:00+12:00,2026-06-28 01:00:00+12:00,0.778,KWH,,1,actual
,2026-06-28 00:30:00+12:00,2026-06-28 01:00:00+12:00,0,KWH,,2,actual
,2026-06-28 01:00:00+12:00,2026-06-28 01:30:00+12:00,0.742,KWH,,1,actual
,2026-06-28 01:00:00+12:00,2026-06-28 01:30:00+12:00,0,KWH,,2,actual
,2026-06-28 01:30:00+12:00,2026-06-28 02:00:00+12:00,0,KWH,,2,actual
,2026-06-28 01:30:00+12:00,2026-06-28 02:00:00+12:00,0.802,KWH,,1,actual
,2026-06-28 02:00:00+12:00,2026-06-28 02:30:00+12:00,0.836,KWH,,1,actual
,2026-06-28 02:00:00+12:00,2026-06-28 02:30:00+12:00,0,KWH,,2,actual
,2026-06-28 02:30:00+12:00,2026-06-28 03:00:00+12:00,0,KWH,,2,actual
,2026-06-28 02:30:00+12:00,2026-06-28 03:00:00+12:00,0.864,KWH,,1,actual
,2026-06-28 03:00:00+12:00,2026-06-28 03:30:00+12:00,0,KWH,,2,actual
,2026-06-28 03:00:00+12:00,2026-06-28 03:30:00+12:00,0.885,KWH,,1,actual
,2026-06-28 03:30:00+12:00,2026-06-28 04:00:00+12:00,0.9,KWH,,1,actual
,2026-06-28 03:30:00+12:00,2026-06-28 04:00:00+12:00,0,KWH,,2,actual
,2026-06-28 04:00:00+12:00,2026-06-28 04:30:00+12:00,0,KWH,,2,actual
,2026-06-28 04:00:00+12:00,2026-06-28 04:30:00+12:00,0.937,KWH,,1,actual
,2026-06-28 04:30:00+12:00,2026-06-28 05:00:00+12:00,0.999,KWH,,1,actual
,2026-06-28 04:30:00+12:00,2026-06-28 05:00:00+12:00,0,KWH,,2,actual
,2026-06-28 05:00:00+12:00,2026-06-28 05:30:00+12:00,1.041,KWH,,1,actual
,2026-06-28 05:00:00+12:00,2026-06-28 05:30:00+12:00,0,KWH,,2,actual
,2026-06-28 05:30:00+12:00,2026-06-28 06:00:00+12:00,0,KWH,,2,actual
,2026-06-28 05:30:00+12:00,2026-06-28 06:00:00+12:00,1.497,KWH,,1,actual
,2026-06-28 06:00:00+12:00,2026-06-28 06:30:00+12:00,0,KWH,,2,actual
,2026-06-28 06:00:00+12:00,2026-06-28 06:30:00+12:00,1.468,KWH,,1,actual
,2026-06-28 06:30:00+12:00,2026-06-28 07:00:00+12:00,0,KWH,,2,actual
,2026-06-28 06:30:00+12:00,2026-06-28 07:00:00+12:00,1.477,KWH,,1,actual
,2026-06-28 07:00:00+12:00,2026-06-28 07:30:00+12:00,1.436,KWH,,1,actual
,2026-06-28 07:00:00+12:00,2026-06-28 07:30:00+12:00,0,KWH,,2,actual
,2026-06-28 07:30:00+12:00,2026-06-28 08:00:00+12:00,1.33,KWH,,1,actual
,2026-06-28 07:30:00+12:00,2026-06-28 08:00:00+12:00,0,KWH,,2,actual
,2026-06-28 08:00:00+12:00,2026-06-28 08:30:00+12:00,1.481,KWH,,1,actual
,2026-06-28 08:00:00+12:00,2026-06-28 08:30:00+12:00,0,KWH,,2,actual
,2026-06-28 08:30:00+12:00,2026-06-28 09:00:00+12:00,1.025,KWH,,2,actual
,2026-06-28 08:30:00+12:00,2026-06-28 09:00:00+12:00,1.86,KWH,,1,actual
,2026-06-28 09:00:00+12:00,2026-06-28 09:30:00+12:00,0.986,KWH,,2,actual
,2026-06-28 09:00:00+12:00,2026-06-28 09:30:00+12:00,0.885,KWH,,1,actual
,2026-06-28 09:30:00+12:00,2026-06-28 10:00:00+12:00,0,KWH,,2,actual
,2026-06-28 09:30:00+12:00,2026-06-28 10:00:00+12:00,0.941,KWH,,1,actual
,2026-06-28 10:00:00+12:00,2026-06-28 10:30:00+12:00,0.759,KWH,,1,actual
,2026-06-28 10:00:00+12:00,2026-06-28 10:30:00+12:00,0,KWH,,2,actual
,2026-06-28 10:30:00+12:00,2026-06-28 11:00:00+12:00,0,KWH,,2,actual
,2026-06-28 10:30:00+12:00,2026-06-28 11:00:00+12:00,0.689,KWH,,1,actual
,2026-06-28 11:00:00+12:00,2026-06-28 11:30:00+12:00,0.643,KWH,,1,actual
,2026-06-28 11:00:00+12:00,2026-06-28 11:30:00+12:00,0,KWH,,2,actual
,2026-06-28 11:30:00+12:00,2026-06-28 12:00:00+12:00,0.61,KWH,,1,actual
,2026-06-28 11:30:00+12:00,2026-06-28 12:00:00+12:00,0.733,KWH,,2,actual
,2026-06-28 12:00:00+12:00,2026-06-28 12:30:00+12:00,1.533,KWH,,2,actual
,2026-06-28 12:00:00+12:00,2026-06-28 12:30:00+12:00,0.605,KWH,,1,actual
,2026-06-28 12:30:00+12:00,2026-06-28 13:00:00+12:00,0.965,KWH,,1,actual
,2026-06-28 12:30:00+12:00,2026-06-28 13:00:00+12:00,0.302,KWH,,2,actual
,2026-06-28 13:00:00+12:00,2026-06-28 13:30:00+12:00,0,KWH,,2,actual
,2026-06-28 13:00:00+12:00,2026-06-28 13:30:00+12:00,0.84,KWH,,1,actual
,2026-06-28 13:30:00+12:00,2026-06-28 14:00:00+12:00,0,KWH,,2,actual
,2026-06-28 13:30:00+12:00,2026-06-28 14:00:00+12:00,0.644,KWH,,1,actual
,2026-06-28 14:00:00+12:00,2026-06-28 14:30:00+12:00,0.628,KWH,,1,actual
,2026-06-28 14:00:00+12:00,2026-06-28 14:30:00+12:00,0,KWH,,2,actual
,2026-06-28 14:30:00+12:00,2026-06-28 15:00:00+12:00,0,KWH,,2,actual
,2026-06-28 14:30:00+12:00,2026-06-28 15:00:00+12:00,0.252,KWH,,1,actual
,2026-06-28 15:00:00+12:00,2026-06-28 15:30:00+12:00,0.41,KWH,,1,actual
,2026-06-28 15:00:00+12:00,2026-06-28 15:30:00+12:00,0,KWH,,2,actual
,2026-06-28 15:30:00+12:00,2026-06-28 16:00:00+12:00,0.819,KWH,,1,actual
,2026-06-28 15:30:00+12:00,2026-06-28 16:00:00+12:00,1.132,KWH,,2,actual
,2026-06-28 16:00:00+12:00,2026-06-28 16:30:00+12:00,1.102,KWH,,2,actual
,2026-06-28 16:00:00+12:00,2026-06-28 16:30:00+12:00,0.671,KWH,,1,actual
,2026-06-28 16:30:00+12:00,2026-06-28 17:00:00+12:00,0,KWH,,2,actual
,2026-06-28 16:30:00+12:00,2026-06-28 17:00:00+12:00,0.649,KWH,,1,actual
,2026-06-28 17:00:00+12:00,2026-06-28 17:30:00+12:00,0.694,KWH,,1,actual
,2026-06-28 17:00:00+12:00,2026-06-28 17:30:00+12:00,0,KWH,,2,actual
,2026-06-28 17:30:00+12:00,2026-06-28 18:00:00+12:00,0,KWH,,2,actual
,2026-06-28 17:30:00+12:00,2026-06-28 18:00:00+12:00,0.685,KWH,,1,actual
,2026-06-28 18:00:00+12:00,2026-06-28 18:30:00+12:00,0,KWH,,2,actual
,2026-06-28 18:00:00+12:00,2026-06-28 18:30:00+12:00,2.319,KWH,,1,actual
,2026-06-28 18:30:00+12:00,2026-06-28 19:00:00+12:00,1.854,KWH,,1,actual
,2026-06-28 18:30:00+12:00,2026-06-28 19:00:00+12:00,0,KWH,,2,actual
,2026-06-28 19:00:00+12:00,2026-06-28 19:30:00+12:00,1.724,KWH,,1,actual
,2026-06-28 19:00:00+12:00,2026-06-28 19:30:00+12:00,0,KWH,,2,actual
,2026-06-28 19:30:00+12:00,2026-06-28 20:00:00+12:00,1.645,KWH,,1,actual
,2026-06-28 19:30:00+12:00,2026-06-28 20:00:00+12:00,0,KWH,,2,actual
,2026-06-28 20:00:00+12:00,2026-06-28 20:30:00+12:00,2.8,KWH,,1,actual
,2026-06-28 20:00:00+12:00,2026-06-28 20:30:00+12:00,0,KWH,,2,actual
,2026-06-28 20:30:00+12:00,2026-06-28 21:00:00+12:00,2.608,KWH,,1,actual
,2026-06-28 20:30:00+12:00,2026-06-28 21:00:00+12:00,0,KWH,,2,actual
,2026-06-28 21:00:00+12:00,2026-06-28 21:30:00+12:00,1.686,KWH,,1,actual
,2026-06-28 21:00:00+12:00,2026-06-28 21:30:00+12:00,0,KWH,,2,actual
,2026-06-28 21:30:00+12:00,2026-06-28 22:00:00+12:00,0.407,KWH,,2,actual
,2026-06-28 21:30:00+12:00,2026-06-28 22:00:00+12:00,2.263,KWH,,1,actual
,2026-06-28 22:00:00+12:00,2026-06-28 22:30:00+12:00,1.063,KWH,,2,actual
,2026-06-28 22:00:00+12:00,2026-06-28 22:30:00+12:00,3.308,KWH,,1,actual
,2026-06-28 22:30:00+12:00,2026-06-28 23:00:00+12:00,0,KWH,,2,actual
,2026-06-28 22:30:00+12:00,2026-06-28 23:00:00+12:00,3.034,KWH,,1,actual
,2026-06-28 23:00:00+12:00,2026-06-28 23:30:00+12:00,0,KWH,,2,actual
,2026-06-28 23:00:00+12:00,2026-06-28 23:30:00+12:00,2.506,KWH,,1,actual
,2026-06-28 23:30:00+12:00,2026-06-29 00:00:00+12:00,1.468,KWH,,1,actual
,2026-06-28 23:30:00+12:00,2026-06-29 00:00:00+12:00,0,KWH,,2,actual
,2026-06-29 00:00:00+12:00,2026-06-29 00:30:00+12:00,1.083,KWH,,1,actual
,2026-06-29 00:00:00+12:00,2026-06-29 00:30:00+12:00,0,KWH,,2,actual
,2026-06-29 00:30:00+12:00,2026-06-29 01:00:00+12:00,0,KWH,,2,actual
,2026-06-29 00:30:00+12:00,2026-06-29 01:00:00+12:00,1.126,KWH,,1,actual
,2026-06-29 01:00:00+12:00,2026-06-29 01:30:00+12:00,0,KWH,,2,actual
,2026-06-29 01:00:00+12:00,2026-06-29 01:30:00+12:00,1.048,KWH,,1,actual
,2026-06-29 01:30:00+12:00,2026-06-29 02:00:00+12:00,1.113,KWH,,1,actual
,2026-06-29 01:30:00+12:00,2026-06-29 02:00:00+12:00,0,KWH,,2,actual
,2026-06-29 02:00:00+12:00,2026-06-29 02:30:00+12:00,0,KWH,,2,actual
,2026-06-29 02:00:00+12:00,2026-06-29 02:30:00+12:00,1.115,KWH,,1,actual
,2026-06-29 02:30:00+12:00,2026-06-29 03:00:00+12:00,1.151,KWH,,1,actual
,2026-06-29 02:30:00+12:00,2026-06-29 03:00:00+12:00,0,KWH,,2,actual
,2026-06-29 03:00:00+12:00,2026-06-29 03:30:00+12:00,1.135,KWH,,1,actual
,2026-06-29 03:00:00+12:00,2026-06-29 03:30:00+12:00,0,KWH,,2,actual
,2026-06-29 03:30:00+12:00,2026-06-29 04:00:00+12:00,0,KWH,,2,actual
,2026-06-29 03:30:00+12:00,2026-06-29 04:00:00+12:00,1.144,KWH,,1,actual
,2026-06-29 04:00:00+12:00,2026-06-29 04:30:00+12:00,1.153,KWH,,1,actual
,2026-06-29 04:00:00+12:00,2026-06-29 04:30:00+12:00,0,KWH,,2,actual
,2026-06-29 04:30:00+12:00,2026-06-29 05:00:00+12:00,0,KWH,,2,actual
,2026-06-29 04:30:00+12:00,2026-06-29 05:00:00+12:00,1.109,KWH,,1,actual
,2026-06-29 05:00:00+12:00,2026-06-29 05:30:00+12:00,0,KWH,,2,actual
,2026-06-29 05:00:00+12:00,2026-06-29 05:30:00+12:00,1.135,KWH,,1,actual
,2026-06-29 05:30:00+12:00,2026-06-29 06:00:00+12:00,1.534,KWH,,1,actual
,2026-06-29 05:30:00+12:00,2026-06-29 06:00:00+12:00,0,KWH,,2,actual
,2026-06-29 06:00:00+12:00,2026-06-29 06:30:00+12:00,1.512,KWH,,1,actual
,2026-06-29 06:00:00+12:00,2026-06-29 06:30:00+12:00,0,KWH,,2,actual
,2026-06-29 06:30:00+12:00,2026-06-29 07:00:00+12:00,1.548,KWH,,1,actual
,2026-06-29 06:30:00+12:00,2026-06-29 07:00:00+12:00,0,KWH,,2,actual
,2026-06-29 07:00:00+12:00,2026-06-29 07:30:00+12:00,0,KWH,,2,actual
,2026-06-29 07:00:00+12:00,2026-06-29 07:30:00+12:00,1.442,KWH,,1,actual
,2026-06-29 07:30:00+12:00,2026-06-29 08:00:00+12:00,0.618,KWH,,2,actual
,2026-06-29 07:30:00+12:00,2026-06-29 08:00:00+12:00,1.389,KWH,,1,actual
,2026-06-29 08:00:00+12:00,2026-06-29 08:30:00+12:00,0.922,KWH,,2,actual
,2026-06-29 08:00:00+12:00,2026-06-29 08:30:00+12:00,1.58,KWH,,1,actual
,2026-06-29 08:30:00+12:00,2026-06-29 09:00:00+12:00,1.497,KWH,,1,actual
,2026-06-29 08:30:00+12:00,2026-06-29 09:00:00+12:00,0,KWH,,2,actual
,2026-06-29 09:00:00+12:00,2026-06-29 09:30:00+12:00,0.96,KWH,,1,actual
,2026-06-29 09:00:00+12:00,2026-06-29 09:30:00+12:00,0,KWH,,2,actual
,2026-06-29 09:30:00+12:00,2026-06-29 10:00:00+12:00,1.858,KWH,,1,actual
,2026-06-29 09:30:00+12:00,2026-06-29 10:00:00+12:00,1.281,KWH,,2,actual
,2026-06-29 10:00:00+12:00,2026-06-29 10:30:00+12:00,1.509,KWH,,2,actual
,2026-06-29 10:00:00+12:00,2026-06-29 10:30:00+12:00,1.352,KWH,,1,actual
,2026-06-29 10:30:00+12:00,2026-06-29 11:00:00+12:00,0.859,KWH,,1,actual
,2026-06-29 10:30:00+12:00,2026-06-29 11:00:00+12:00,1.512,KWH,,2,actual
,2026-06-29 11:00:00+12:00,2026-06-29 11:30:00+12:00,1.514,KWH,,2,actual
,2026-06-29 11:00:00+12:00,2026-06-29 11:30:00+12:00,0.639,KWH,,1,actual
,2026-06-29 11:30:00+12:00,2026-06-29 12:00:00+12:00,1.523,KWH,,2,actual
,2026-06-29 11:30:00+12:00,2026-06-29 12:00:00+12:00,0.616,KWH,,1,actual
,2026-06-29 12:00:00+12:00,2026-06-29 12:30:00+12:00,1.499,KWH,,2,actual
,2026-06-29 12:00:00+12:00,2026-06-29 12:30:00+12:00,0.979,KWH,,1,actual
,2026-06-29 12:30:00+12:00,2026-06-29 13:00:00+12:00,1.12,KWH,,1,actual
,2026-06-29 12:30:00+12:00,2026-06-29 13:00:00+12:00,1.417,KWH,,2,actual
,2026-06-29 13:00:00+12:00,2026-06-29 13:30:00+12:00,0,KWH,,2,actual
,2026-06-29 13:00:00+12:00,2026-06-29 13:30:00+12:00,0.698,KWH,,1,actual
,2026-06-29 13:30:00+12:00,2026-06-29 14:00:00+12:00,0,KWH,,2,actual
,2026-06-29 13:30:00+12:00,2026-06-29 14:00:00+12:00,0.358,KWH,,1,actual
,2026-06-29 14:00:00+12:00,2026-06-29 14:30:00+12:00,0.318,KWH,,1,actual
,2026-06-29 14:00:00+12:00,2026-06-29 14:30:00+12:00,0,KWH,,2,actual
,2026-06-29 14:30:00+12:00,2026-06-29 15:00:00+12:00,0,KWH,,2,actual
,2026-06-29 14:30:00+12:00,2026-06-29 15:00:00+12:00,0.432,KWH,,1,actual
,2026-06-29 15:00:00+12:00,2026-06-29 15:30:00+12:00,0.328,KWH,,1,actual
,2026-06-29 15:00:00+12:00,2026-06-29 15:30:00+12:00,0,KWH,,2,actual
,2026-06-29 15:30:00+12:00,2026-06-29 16:00:00+12:00,0.503,KWH,,1,actual
,2026-06-29 15:30:00+12:00,2026-06-29 16:00:00+12:00,0,KWH,,2,actual
,2026-06-29 16:00:00+12:00,2026-06-29 16:30:00+12:00,0,KWH,,2,actual
,2026-06-29 16:00:00+12:00,2026-06-29 16:30:00+12:00,0.321,KWH,,1,actual
,2026-06-29 16:30:00+12:00,2026-06-29 17:00:00+12:00,0,KWH,,2,actual
,2026-06-29 16:30:00+12:00,2026-06-29 17:00:00+12:00,0.537,KWH,,1,actual
,2026-06-29 17:00:00+12:00,2026-06-29 17:30:00+12:00,0.865,KWH,,1,actual
,2026-06-29 17:00:00+12:00,2026-06-29 17:30:00+12:00,0.254,KWH,,2,actual
,2026-06-29 17:30:00+12:00,2026-06-29 18:00:00+12:00,1.363,KWH,,2,actual
,2026-06-29 17:30:00+12:00,2026-06-29 18:00:00+12:00,1.198,KWH,,1,actual
,2026-06-29 18:00:00+12:00,2026-06-29 18:30:00+12:00,0,KWH,,2,actual
,2026-06-29 18:00:00+12:00,2026-06-29 18:30:00+12:00,1.878,KWH,,1,actual
,2026-06-29 18:30:00+12:00,2026-06-29 19:00:00+12:00,0.784,KWH,,1,actual
,2026-06-29 18:30:00+12:00,2026-06-29 19:00:00+12:00,0,KWH,,2,actual
,2026-06-29 19:00:00+12:00,2026-06-29 19:30:00+12:00,0.895,KWH,,1,actual
,2026-06-29 19:00:00+12:00,2026-06-29 19:30:00+12:00,1.417,KWH,,2,actual
,2026-06-29 19:30:00+12:00,2026-06-29 20:00:00+12:00,0.576,KWH,,1,actual
,2026-06-29 19:30:00+12:00,2026-06-29 20:00:00+12:00,1.501,KWH,,2,actual
,2026-06-29 20:00:00+12:00,2026-06-29 20:30:00+12:00,0.427,KWH,,1,actual
,2026-06-29 20:00:00+12:00,2026-06-29 20:30:00+12:00,1.525,KWH,,2,actual
,2026-06-29 20:30:00+12:00,2026-06-29 21:00:00+12:00,0.518,KWH,,1,actual
,2026-06-29 20:30:00+12:00,2026-06-29 21:00:00+12:00,1.531,KWH,,2,actual
,2026-06-29 21:00:00+12:00,2026-06-29 21:30:00+12:00,0.997,KWH,,1,actual
,2026-06-29 21:00:00+12:00,2026-06-29 21:30:00+12:00,1.529,KWH,,2,actual
,2026-06-29 21:30:00+12:00,2026-06-29 22:00:00+12:00,0.063,KWH,,2,actual
,2026-06-29 21:30:00+12:00,2026-06-29 22:00:00+12:00,0.894,KWH,,1,actual
,2026-06-29 22:00:00+12:00,2026-06-29 22:30:00+12:00,1.035,KWH,,2,actual
,2026-06-29 22:00:00+12:00,2026-06-29 22:30:00+12:00,1.131,KWH,,1,actual
,2026-06-29 22:30:00+12:00,2026-06-29 23:00:00+12:00,0.863,KWH,,2,actual
,2026-06-29 22:30:00+12:00,2026-06-29 23:00:00+12:00,0.487,KWH,,1,actual
,2026-06-29 23:00:00+12:00,2026-06-29 23:30:00+12:00,0,KWH,,2,actual
,2026-06-29 23:00:00+12:00,2026-06-29 23:30:00+12:00,1.376,KWH,,1,actual
,2026-06-29 23:30:00+12:00,2026-06-30 00:00:00+12:00,0.467,KWH,,1,actual
,2026-06-29 23:30:00+12:00,2026-06-30 00:00:00+12:00,0,KWH,,2,actual
,2026-06-30 00:00:00+12:00,2026-06-30 00:30:00+12:00,0.554,KWH,,1,actual
,2026-06-30 00:00:00+12:00,2026-06-30 00:30:00+12:00,0,KWH,,2,actual
,2026-06-30 00:30:00+12:00,2026-06-30 01:00:00+12:00,0,KWH,,2,actual
,2026-06-30 00:30:00+12:00,2026-06-30 01:00:00+12:00,0.561,KWH,,1,actual
,2026-06-30 01:00:00+12:00,2026-06-30 01:30:00+12:00,0,KWH,,2,actual
,2026-06-30 01:00:00+12:00,2026-06-30 01:30:00+12:00,0.594,KWH,,1,actual
,2026-06-30 01:30:00+12:00,2026-06-30 02:00:00+12:00,0.582,KWH,,1,actual
,2026-06-30 01:30:00+12:00,2026-06-30 02:00:00+12:00,0,KWH,,2,actual
,2026-06-30 02:00:00+12:00,2026-06-30 02:30:00+12:00,0,KWH,,2,actual
,2026-06-30 02:00:00+12:00,2026-06-30 02:30:00+12:00,0.659,KWH,,1,actual
,2026-06-30 02:30:00+12:00,2026-06-30 03:00:00+12:00,0.636,KWH,,1,actual
,2026-06-30 02:30:00+12:00,2026-06-30 03:00:00+12:00,0,KWH,,2,actual
,2026-06-30 03:00:00+12:00,2026-06-30 03:30:00+12:00,0.723,KWH,,1,actual
,2026-06-30 03:00:00+12:00,2026-06-30 03:30:00+12:00,0,KWH,,2,actual
,2026-06-30 03:30:00+12:00,2026-06-30 04:00:00+12:00,0,KWH,,2,actual
,2026-06-30 03:30:00+12:00,2026-06-30 04:00:00+12:00,0.714,KWH,,1,actual
,2026-06-30 04:00:00+12:00,2026-06-30 04:30:00+12:00,0.751,KWH,,1,actual
,2026-06-30 04:00:00+12:00,2026-06-30 04:30:00+12:00,0,KWH,,2,actual
,2026-06-30 04:30:00+12:00,2026-06-30 05:00:00+12:00,0,KWH,,2,actual
,2026-06-30 04:30:00+12:00,2026-06-30 05:00:00+12:00,0.806,KWH,,1,actual
,2026-06-30 05:00:00+12:00,2026-06-30 05:30:00+12:00,0,KWH,,2,actual
,2026-06-30 05:00:00+12:00,2026-06-30 05:30:00+12:00,0.819,KWH,,1,actual
,2026-06-30 05:30:00+12:00,2026-06-30 06:00:00+12:00,1.428,KWH,,1,actual
,2026-06-30 05:30:00+12:00,2026-06-30 06:00:00+12:00,0,KWH,,2,actual
,2026-06-30 06:00:00+12:00,2026-06-30 06:30:00+12:00,1.475,KWH,,1,actual
,2026-06-30 06:00:00+12:00,2026-06-30 06:30:00+12:00,0.784,KWH,,2,actual
,2026-06-30 06:30:00+12:00,2026-06-30 07:00:00+12:00,1.53,KWH,,1,actual
,2026-06-30 06:30:00+12:00,2026-06-30 07:00:00+12:00,0.646,KWH,,2,actual
,2026-06-30 07:00:00+12:00,2026-06-30 07:30:00+12:00,0,KWH,,2,actual
,2026-06-30 07:00:00+12:00,2026-06-30 07:30:00+12:00,1.342,KWH,,1,actual
,2026-06-30 07:30:00+12:00,2026-06-30 08:00:00+12:00,0,KWH,,2,actual
,2026-06-30 07:30:00+12:00,2026-06-30 08:00:00+12:00,1.722,KWH,,1,actual
,2026-06-30 08:00:00+12:00,2026-06-30 08:30:00+12:00,0,KWH,,2,actual
,2026-06-30 08:00:00+12:00,2026-06-30 08:30:00+12:00,1.344,KWH,,1,actual
,2026-06-30 08:30:00+12:00,2026-06-30 09:00:00+12:00,1.621,KWH,,1,actual
,2026-06-30 08:30:00+12:00,2026-06-30 09:00:00+12:00,0.685,KWH,,2,actual
,2026-06-30 09:00:00+12:00,2026-06-30 09:30:00+12:00,1.475,KWH,,1,actual
,2026-06-30 09:00:00+12:00,2026-06-30 09:30:00+12:00,1.51,KWH,,2,actual
,2026-06-30 09:30:00+12:00,2026-06-30 10:00:00+12:00,0.701,KWH,,1,actual
,2026-06-30 09:30:00+12:00,2026-06-30 10:00:00+12:00,1.513,KWH,,2,actual
,2026-06-30 10:00:00+12:00,2026-06-30 10:30:00+12:00,1.508,KWH,,2,actual
,2026-06-30 10:00:00+12:00,2026-06-30 10:30:00+12:00,0.225,KWH,,1,actual
,2026-06-30 10:30:00+12:00,2026-06-30 11:00:00+12:00,0.095,KWH,,1,actual
,2026-06-30 10:30:00+12:00,2026-06-30 11:00:00+12:00,1.517,KWH,,2,actual
,2026-06-30 11:00:00+12:00,2026-06-30 11:30:00+12:00,1.329,KWH,,2,actual
,2026-06-30 11:00:00+12:00,2026-06-30 11:30:00+12:00,0.098,KWH,,1,actual
,2026-06-30 11:30:00+12:00,2026-06-30 12:00:00+12:00,0,KWH,,2,actual
,2026-06-30 11:30:00+12:00,2026-06-30 12:00:00+12:00,0.083,KWH,,1,actual
,2026-06-30 12:00:00+12:00,2026-06-30 12:30:00+12:00,0.109,KWH,,1,actual
,2026-06-30 12:00:00+12:00,2026-06-30 12:30:00+12:00,0,KWH,,2,actual
,2026-06-30 12:30:00+12:00,2026-06-30 13:00:00+12:00,0,KWH,,2,actual
,2026-06-30 12:30:00+12:00,2026-06-30 13:00:00+12:00,0.082,KWH,,1,actual
,2026-06-30 13:00:00+12:00,2026-06-30 13:30:00+12:00,0.094,KWH,,1,actual
,2026-06-30 13:00:00+12:00,2026-06-30 13:30:00+12:00,0,KWH,,2,actual
,2026-06-30 13:30:00+12:00,2026-06-30 14:00:00+12:00,0.101,KWH,,1,actual
,2026-06-30 13:30:00+12:00,2026-06-30 14:00:00+12:00,0,KWH,,2,actual
,2026-06-30 14:00:00+12:00,2026-06-30 14:30:00+12:00,0,KWH,,2,actual
,2026-06-30 14:00:00+12:00,2026-06-30 14:30:00+12:00,0.312,KWH,,1,actual
,2026-06-30 14:30:00+12:00,2026-06-30 15:00:00+12:00,0.666,KWH,,1,actual
,2026-06-30 14:30:00+12:00,2026-06-30 15:00:00+12:00,0,KWH,,2,actual
,2026-06-30 15:00:00+12:00,2026-06-30 15:30:00+12:00,0,KWH,,2,actual
,2026-06-30 15:00:00+12:00,2026-06-30 15:30:00+12:00,0.517,KWH,,1,actual
,2026-06-30 15:30:00+12:00,2026-06-30 16:00:00+12:00,0,KWH,,2,actual
,2026-06-30 15:30:00+12:00,2026-06-30 16:00:00+12:00,0.472,KWH,,1,actual
,2026-06-30 16:00:00+12:00,2026-06-30 16:30:00+12:00,0.21,KWH,,1,actual
,2026-06-30 16:00:00+12:00,2026-06-30 16:30:00+12:00,0,KWH,,2,actual
,2026-06-30 16:30:00+12:00,2026-06-30 17:00:00+12:00,0.91,KWH,,1,actual
,2026-06-30 16:30:00+12:00,2026-06-30 17:00:00+12:00,1.411,KWH,,2,actual
,2026-06-30 17:00:00+12:00,2026-06-30 17:30:00+12:00,1.442,KWH,,2,actual
,2026-06-30 17:00:00+12:00,2026-06-30 17:30:00+12:00,1.374,KWH,,1,actual
,2026-06-30 17:30:00+12:00,2026-06-30 18:00:00+12:00,1.567,KWH,,1,actual
,2026-06-30 17:30:00+12:00,2026-06-30 18:00:00+12:00,1.484,KWH,,2,actual
,2026-06-30 18:00:00+12:00,2026-06-30 18:30:00+12:00,2.552,KWH,,1,actual
,2026-06-30 18:00:00+12:00,2026-06-30 18:30:00+12:00,0.476,KWH,,2,actual
,2026-06-30 18:30:00+12:00,2026-06-30 19:00:00+12:00,0,KWH,,2,actual
,2026-06-30 18:30:00+12:00,2026-06-30 19:00:00+12:00,1.067,KWH,,1,actual
,2026-06-30 19:00:00+12:00,2026-06-30 19:30:00+12:00,0,KWH,,2,actual
,2026-06-30 19:00:00+12:00,2026-06-30 19:30:00+12:00,1.054,KWH,,1,actual
,2026-06-30 19:30:00+12:00,2026-06-30 20:00:00+12:00,0,KWH,,2,actual
,2026-06-30 19:30:00+12:00,2026-06-30 20:00:00+12:00,1.056,KWH,,1,actual
,2026-06-30 20:00:00+12:00,2026-06-30 20:30:00+12:00,0,KWH,,2,actual
,2026-06-30 20:00:00+12:00,2026-06-30 20:30:00+12:00,1.32,KWH,,1,actual
,2026-06-30 20:30:00+12:00,2026-06-30 21:00:00+12:00,0,KWH,,2,actual
,2026-06-30 20:30:00+12:00,2026-06-30 21:00:00+12:00,0.814,KWH,,1,actual
,2026-06-30 21:00:00+12:00,2026-06-30 21:30:00+12:00,0.42,KWH,,2,actual
,2026-06-30 21:00:00+12:00,2026-06-30 21:30:00+12:00,1.267,KWH,,1,actual
,2026-06-30 21:30:00+12:00,2026-06-30 22:00:00+12:00,1.749,KWH,,1,actual
,2026-06-30 21:30:00+12:00,2026-06-30 22:00:00+12:00,1.54,KWH,,2,actual
,2026-06-30 22:00:00+12:00,2026-06-30 22:30:00+12:00,1.206,KWH,,1,actual
,2026-06-30 22:00:00+12:00,2026-06-30 22:30:00+12:00,1.549,KWH,,2,actual
,2026-06-30 22:30:00+12:00,2026-06-30 23:00:00+12:00,1.875,KWH,,1,actual
,2026-06-30 22:30:00+12:00,2026-06-30 23:00:00+12:00,0.289,KWH,,2,actual
,2026-06-30 23:00:00+12:00,2026-06-30 23:30:00+12:00,1.601,KWH,,1,actual
,2026-06-30 23:00:00+12:00,2026-06-30 23:30:00+12:00,0,KWH,,2,actual
,2026-06-30 23:30:00+12:00,2026-07-01 00:00:00+12:00,0,KWH,,2,actual
,2026-06-30 23:30:00+12:00,2026-07-01 00:00:00+12:00,1.228,KWH,,1,actual
,2026-07-01 00:00:00+12:00,2026-07-01 00:30:00+12:00,0,KWH,,2,actual
,2026-07-01 00:00:00+12:00,2026-07-01 00:30:00+12:00,1.285,KWH,,1,actual
,2026-07-01 00:30:00+12:00,2026-07-01 01:00:00+12:00,1.316,KWH,,1,actual
,2026-07-01 00:30:00+12:00,2026-07-01 01:00:00+12:00,0,KWH,,2,actual
,2026-07-01 01:00:00+12:00,2026-07-01 01:30:00+12:00,1.276,KWH,,1,actual
,2026-07-01 01:00:00+12:00,2026-07-01 01:30:00+12:00,0,KWH,,2,actual
,2026-07-01 01:30:00+12:00,2026-07-01 02:00:00+12:00,0,KWH,,2,actual
,2026-07-01 01:30:00+12:00,2026-07-01 02:00:00+12:00,1.277,KWH,,1,actual
,2026-07-01 02:00:00+12:00,2026-07-01 02:30:00+12:00,1.383,KWH,,1,actual
,2026-07-01 02:00:00+12:00,2026-07-01 02:30:00+12:00,0,KWH,,2,actual
,2026-07-01 02:30:00+12:00,2026-07-01 03:00:00+12:00,0,KWH,,2,actual
,2026-07-01 02:30:00+12:00,2026-07-01 03:00:00+12:00,1.394,KWH,,1,actual
,2026-07-01 03:00:00+12:00,2026-07-01 03:30:00+12:00,0,KWH,,2,actual
,2026-07-01 03:00:00+12:00,2026-07-01 03:30:00+12:00,1.439,KWH,,1,actual
,2026-07-01 03:30:00+12:00,2026-07-01 04:00:00+12:00,1.346,KWH,,1,actual
,2026-07-01 03:30:00+12:00,2026-07-01 04:00:00+12:00,0,KWH,,2,actual
,2026-07-01 04:00:00+12:00,2026-07-01 04:30:00+12:00,0,KWH,,2,actual
,2026-07-01 04:00:00+12:00,2026-07-01 04:30:00+12:00,1.366,KWH,,1,actual
,2026-07-01 04:30:00+12:00,2026-07-01 05:00:00+12:00,1.462,KWH,,1,actual
,2026-07-01 04:30:00+12:00,2026-07-01 05:00:00+12:00,0,KWH,,2,actual
,2026-07-01 05:00:00+12:00,2026-07-01 05:30:00+12:00,1.503,KWH,,1,actual
,2026-07-01 05:00:00+12:00,2026-07-01 05:30:00+12:00,0,KWH,,2,actual
,2026-07-01 05:30:00+12:00,2026-07-01 06:00:00+12:00,0,KWH,,2,actual
,2026-07-01 05:30:00+12:00,2026-07-01 06:00:00+12:00,1.828,KWH,,1,actual
,2026-07-01 06:00:00+12:00,2026-07-01 06:30:00+12:00,0,KWH,,2,actual
,2026-07-01 06:00:00+12:00,2026-07-01 06:30:00+12:00,1.843,KWH,,1,actual
,2026-07-01 06:30:00+12:00,2026-07-01 07:00:00+12:00,0,KWH,,2,actual
,2026-07-01 06:30:00+12:00,2026-07-01 07:00:00+12:00,1.949,KWH,,1,actual
,2026-07-01 07:00:00+12:00,2026-07-01 07:30:00+12:00,1.976,KWH,,1,actual
,2026-07-01 07:00:00+12:00,2026-07-01 07:30:00+12:00,0,KWH,,2,actual
,2026-07-01 07:30:00+12:00,2026-07-01 08:00:00+12:00,1.863,KWH,,1,actual
,2026-07-01 07:30:00+12:00,2026-07-01 08:00:00+12:00,0,KWH,,2,actual
,2026-07-01 08:00:00+12:00,2026-07-01 08:30:00+12:00,1.857,KWH,,1,actual
,2026-07-01 08:00:00+12:00,2026-07-01 08:30:00+12:00,0,KWH,,2,actual
,2026-07-01 08:30:00+12:00,2026-07-01 09:00:00+12:00,0,KWH,,2,actual
,2026-07-01 08:30:00+12:00,2026-07-01 09:00:00+12:00,0.683,KWH,,1,actual
,2026-07-01 09:00:00+12:00,2026-07-01 09:30:00+12:00,0,KWH,,2,actual
,2026-07-01 09:00:00+12:00,2026-07-01 09:30:00+12:00,0.316,KWH,,1,actual
,2026-07-01 09:30:00+12:00,2026-07-01 10:00:00+12:00,0,KWH,,2,actual
,2026-07-01 09:30:00+12:00,2026-07-01 10:00:00+12:00,0.225,KWH,,1,actual
,2026-07-01 10:00:00+12:00,2026-07-01 10:30:00+12:00,0.152,KWH,,1,actual
,2026-07-01 10:00:00+12:00,2026-07-01 10:30:00+12:00,0,KWH,,2,actual
,2026-07-01 10:30:00+12:00,2026-07-01 11:00:00+12:00,0,KWH,,2,actual
,2026-07-01 10:30:00+12:00,2026-07-01 11:00:00+12:00,0.605,KWH,,1,actual
,2026-07-01 11:00:00+12:00,2026-07-01 11:30:00+12:00,0.178,KWH,,1,actual
,2026-07-01 11:00:00+12:00,2026-07-01 11:30:00+12:00,0,KWH,,2,actual
,2026-07-01 11:30:00+12:00,2026-07-01 12:00:00+12:00,0.722,KWH,,1,actual
,2026-07-01 11:30:00+12:00,2026-07-01 12:00:00+12:00,0,KWH,,2,actual
,2026-07-01 12:00:00+12:00,2026-07-01 12:30:00+12:00,0.393,KWH,,1,actual
,2026-07-01 12:00:00+12:00,2026-07-01 12:30:00+12:00,0,KWH,,2,actual
,2026-07-01 12:30:00+12:00,2026-07-01 13:00:00+12:00,0,KWH,,2,actual
,2026-07-01 12:30:00+12:00,2026-07-01 13:00:00+12:00,0.152,KWH,,1,actual
,2026-07-01 13:00:00+12:00,2026-07-01 13:30:00+12:00,0.153,KWH,,1,actual
,2026-07-01 13:00:00+12:00,2026-07-01 13:30:00+12:00,0.332,KWH,,2,actual
,2026-07-01 13:30:00+12:00,2026-07-01 14:00:00+12:00,0.152,KWH,,1,actual
,2026-07-01 13:30:00+12:00,2026-07-01 14:00:00+12:00,1.555,KWH,,2,actual
,2026-07-01 14:00:00+12:00,2026-07-01 14:30:00+12:00,1.562,KWH,,2,actual
,2026-07-01 14:00:00+12:00,2026-07-01 14:30:00+12:00,0.221,KWH,,1,actual
,2026-07-01 14:30:00+12:00,2026-07-01 15:00:00+12:00,0.184,KWH,,1,actual
,2026-07-01 14:30:00+12:00,2026-07-01 15:00:00+12:00,1.038,KWH,,2,actual
,2026-07-01 15:00:00+12:00,2026-07-01 15:30:00+12:00,0.627,KWH,,2,actual
,2026-07-01 15:00:00+12:00,2026-07-01 15:30:00+12:00,0.208,KWH,,1,actual
,2026-07-01 15:30:00+12:00,2026-07-01 16:00:00+12:00,0.634,KWH,,2,actual
,2026-07-01 15:30:00+12:00,2026-07-01 16:00:00+12:00,0.239,KWH,,1,actual
,2026-07-01 16:00:00+12:00,2026-07-01 16:30:00+12:00,0.534,KWH,,1,actual
,2026-07-01 16:00:00+12:00,2026-07-01 16:30:00+12:00,0.691,KWH,,2,actual
,2026-07-01 16:30:00+12:00,2026-07-01 17:00:00+12:00,0.546,KWH,,1,actual
,2026-07-01 16:30:00+12:00,2026-07-01 17:00:00+12:00,0.701,KWH,,2,actual
,2026-07-01 17:00:00+12:00,2026-07-01 17:30:00+12:00,0.753,KWH,,2,actual
,2026-07-01 17:00:00+12:00,2026-07-01 17:30:00+12:00,0.281,KWH,,1,actual
,2026-07-01 17:30:00+12:00,2026-07-01 18:00:00+12:00,0.775,KWH,,1,actual
,2026-07-01 17:30:00+12:00,2026-07-01 18:00:00+12:00,0.736,KWH,,2,actual
,2026-07-01 18:00:00+12:00,2026-07-01 18:30:00+12:00,1.564,KWH,,1,actual
,2026-07-01 18:00:00+12:00,2026-07-01 18:30:00+12:00,0.74,KWH,,2,actual
,2026-07-01 18:30:00+12:00,2026-07-01 19:00:00+12:00,0,KWH,,2,actual
,2026-07-01 18:30:00+12:00,2026-07-01 19:00:00+12:00,2.567,KWH,,1,actual
,2026-07-01 19:00:00+12:00,2026-07-01 19:30:00+12:00,0.001,KWH,,2,actual
,2026-07-01 19:00:00+12:00,2026-07-01 19:30:00+12:00,3.122,KWH,,1,actual
,2026-07-01 19:30:00+12:00,2026-07-01 20:00:00+12:00,0.001,KWH,,2,actual
,2026-07-01 19:30:00+12:00,2026-07-01 20:00:00+12:00,1.826,KWH,,1,actual
,2026-07-01 20:00:00+12:00,2026-07-01 20:30:00+12:00,0.001,KWH,,2,actual
,2026-07-01 20:00:00+12:00,2026-07-01 20:30:00+12:00,1.151,KWH,,1,actual
,2026-07-01 20:30:00+12:00,2026-07-01 21:00:00+12:00,0.224,KWH,,2,actual
,2026-07-01 20:30:00+12:00,2026-07-01 21:00:00+12:00,1.053,KWH,,1,actual
,2026-07-01 21:00:00+12:00,2026-07-01 21:30:00+12:00,0.084,KWH,,2,actual
,2026-07-01 21:00:00+12:00,2026-07-01 21:30:00+12:00,0.897,KWH,,1,actual
,2026-07-01 21:30:00+12:00,2026-07-01 22:00:00+12:00,0.962,KWH,,1,actual
,2026-07-01 21:30:00+12:00,2026-07-01 22:00:00+12:00,0.001,KWH,,2,actual
,2026-07-01 22:00:00+12:00,2026-07-01 22:30:00+12:00,0.907,KWH,,1,actual
,2026-07-01 22:00:00+12:00,2026-07-01 22:30:00+12:00,0.001,KWH,,2,actual
,2026-07-01 22:30:00+12:00,2026-07-01 23:00:00+12:00,2.427,KWH,,1,actual
,2026-07-01 22:30:00+12:00,2026-07-01 23:00:00+12:00,0,KWH,,2,actual
,2026-07-01 23:00:00+12:00,2026-07-01 23:30:00+12:00,2.537,KWH,,1,actual
,2026-07-01 23:00:00+12:00,2026-07-01 23:30:00+12:00,0.001,KWH,,2,actual
,2026-07-01 23:30:00+12:00,2026-07-02 00:00:00+12:00,0.001,KWH,,2,actual
,2026-07-01 23:30:00+12:00,2026-07-02 00:00:00+12:00,2.556,KWH,,1,actual
,2026-07-02 00:00:00+12:00,2026-07-02 00:30:00+12:00,0,KWH,,2,actual
,2026-07-02 00:00:00+12:00,2026-07-02 00:30:00+12:00,2.658,KWH,,1,actual
,2026-07-02 00:30:00+12:00,2026-07-02 01:00:00+12:00,2.56,KWH,,1,actual
,2026-07-02 00:30:00+12:00,2026-07-02 01:00:00+12:00,0.001,KWH,,2,actual
,2026-07-02 01:00:00+12:00,2026-07-02 01:30:00+12:00,2.577,KWH,,1,actual
,2026-07-02 01:00:00+12:00,2026-07-02 01:30:00+12:00,0.001,KWH,,2,actual
,2026-07-02 01:30:00+12:00,2026-07-02 02:00:00+12:00,0,KWH,,2,actual
,2026-07-02 01:30:00+12:00,2026-07-02 02:00:00+12:00,2.51,KWH,,1,actual
,2026-07-02 02:00:00+12:00,2026-07-02 02:30:00+12:00,2.503,KWH,,1,actual
,2026-07-02 02:00:00+12:00,2026-07-02 02:30:00+12:00,0.001,KWH,,2,actual
,2026-07-02 02:30:00+12:00,2026-07-02 03:00:00+12:00,0.001,KWH,,2,actual
,2026-07-02 02:30:00+12:00,2026-07-02 03:00:00+12:00,2.563,KWH,,1,actual
,2026-07-02 03:00:00+12:00,2026-07-02 03:30:00+12:00,0,KWH,,2,actual
,2026-07-02 03:00:00+12:00,2026-07-02 03:30:00+12:00,2.557,KWH,,1,actual
,2026-07-02 03:30:00+12:00,2026-07-02 04:00:00+12:00,2.514,KWH,,1,actual
,2026-07-02 03:30:00+12:00,2026-07-02 04:00:00+12:00,0.001,KWH,,2,actual
,2026-07-02 04:00:00+12:00,2026-07-02 04:30:00+12:00,0.001,KWH,,2,actual
,2026-07-02 04:00:00+12:00,2026-07-02 04:30:00+12:00,2.588,KWH,,1,actual
,2026-07-02 04:30:00+12:00,2026-07-02 05:00:00+12:00,2.522,KWH,,1,actual
,2026-07-02 04:30:00+12:00,2026-07-02 05:00:00+12:00,0.352,KWH,,2,actual
,2026-07-02 05:00:00+12:00,2026-07-02 05:30:00+12:00,2.606,KWH,,1,actual
,2026-07-02 05:00:00+12:00,2026-07-02 05:30:00+12:00,0.002,KWH,,2,actual
,2026-07-02 05:30:00+12:00,2026-07-02 06:00:00+12:00,0,KWH,,2,actual
,2026-07-02 05:30:00+12:00,2026-07-02 06:00:00+12:00,2.664,KWH,,1,actual
,2026-07-02 06:00:00+12:00,2026-07-02 06:30:00+12:00,0.001,KWH,,2,actual
,2026-07-02 06:00:00+12:00,2026-07-02 06:30:00+12:00,1.75,KWH,,1,actual
,2026-07-02 06:30:00+12:00,2026-07-02 07:00:00+12:00,0.001,KWH,,2,actual
,2026-07-02 06:30:00+12:00,2026-07-02 07:00:00+12:00,1.382,KWH,,1,actual
,2026-07-02 07:00:00+12:00,2026-07-02 07:30:00+12:00,1.564,KWH,,1,actual
,2026-07-02 07:00:00+12:00,2026-07-02 07:30:00+12:00,0.001,KWH,,2,actual
,2026-07-02 07:30:00+12:00,2026-07-02 08:00:00+12:00,1.506,KWH,,1,actual
,2026-07-02 07:30:00+12:00,2026-07-02 08:00:00+12:00,0,KWH,,2,actual
,2026-07-02 08:00:00+12:00,2026-07-02 08:30:00+12:00,1.381,KWH,,1,actual
,2026-07-02 08:00:00+12:00,2026-07-02 08:30:00+12:00,0.001,KWH,,2,actual
,2026-07-02 08:30:00+12:00,2026-07-02 09:00:00+12:00,0.503,KWH,,2,actual
,2026-07-02 08:30:00+12:00,2026-07-02 09:00:00+12:00,0.589,KWH,,1,actual
,2026-07-02 09:00:00+12:00,2026-07-02 09:30:00+12:00,0.045,KWH,,2,actual
,2026-07-02 09:00:00+12:00,2026-07-02 09:30:00+12:00,0.566,KWH,,1,actual
,2026-07-02 09:30:00+12:00,2026-07-02 10:00:00+12:00,0.001,KWH,,2,actual
,2026-07-02 09:30:00+12:00,2026-07-02 10:00:00+12:00,0.56,KWH,,1,actual
,2026-07-02 10:00:00+12:00,2026-07-02 10:30:00+12:00,0.553,KWH,,1,actual
,2026-07-02 10:00:00+12:00,2026-07-02 10:30:00+12:00,0.001,KWH,,2,actual
,2026-07-02 10:30:00+12:00,2026-07-02 11:00:00+12:00,0.001,KWH,,2,actual
,2026-07-02 10:30:00+12:00,2026-07-02 11:00:00+12:00,0.523,KWH,,1,actual
,2026-07-02 11:00:00+12:00,2026-07-02 11:30:00+12:00,0.382,KWH,,1,actual
,2026-07-02 11:00:00+12:00,2026-07-02 11:30:00+12:00,0.001,KWH,,2,actual
,2026-07-02 11:30:00+12:00,2026-07-02 12:00:00+12:00,0.164,KWH,,1,actual
,2026-07-02 11:30:00+12:00,2026-07-02 12:00:00+12:00,0.001,KWH,,2,actual
,2026-07-02 12:00:00+12:00,2026-07-02 12:30:00+12:00,0.001,KWH,,2,actual
,2026-07-02 12:00:00+12:00,2026-07-02 12:30:00+12:00,0.126,KWH,,1,actual
,2026-07-02 12:30:00+12:00,2026-07-02 13:00:00+12:00,0.118,KWH,,1,actual
,2026-07-02 12:30:00+12:00,2026-07-02 13:00:00+12:00,0,KWH,,2,actual
,2026-07-02 13:00:00+12:00,2026-07-02 13:30:00+12:00,0.001,KWH,,2,actual
,2026-07-02 13:00:00+12:00,2026-07-02 13:30:00+12:00,0.493,KWH,,1,actual
,2026-07-02 13:30:00+12:00,2026-07-02 14:00:00+12:00,0.001,KWH,,2,actual
,2026-07-02 13:30:00+12:00,2026-07-02 14:00:00+12:00,0.372,KWH,,1,actual
,2026-07-02 14:00:00+12:00,2026-07-02 14:30:00+12:00,0.228,KWH,,1,actual
,2026-07-02 14:00:00+12:00,2026-07-02 14:30:00+12:00,0.001,KWH,,2,actual
,2026-07-02 14:30:00+12:00,2026-07-02 15:00:00+12:00,0.001,KWH,,2,actual
,2026-07-02 14:30:00+12:00,2026-07-02 15:00:00+12:00,0.178,KWH,,1,actual
,2026-07-02 15:00:00+12:00,2026-07-02 15:30:00+12:00,0.221,KWH,,1,actual
,2026-07-02 15:00:00+12:00,2026-07-02 15:30:00+12:00,0.018,KWH,,2,actual
,2026-07-02 15:30:00+12:00,2026-07-02 16:00:00+12:00,0.217,KWH,,1,actual
,2026-07-02 15:30:00+12:00,2026-07-02 16:00:00+12:00,0.456,KWH,,2,actual
,2026-07-02 16:00:00+12:00,2026-07-02 16:30:00+12:00,0,KWH,,2,actual
,2026-07-02 16:00:00+12:00,2026-07-02 16:30:00+12:00,0.734,KWH,,1,actual
,2026-07-02 16:30:00+12:00,2026-07-02 17:00:00+12:00,0.001,KWH,,2,actual
,2026-07-02 16:30:00+12:00,2026-07-02 17:00:00+12:00,0.713,KWH,,1,actual
,2026-07-02 17:00:00+12:00,2026-07-02 17:30:00+12:00,0.597,KWH,,1,actual
,2026-07-02 17:00:00+12:00,2026-07-02 17:30:00+12:00,0.001,KWH,,2,actual
,2026-07-02 17:30:00+12:00,2026-07-02 18:00:00+12:00,0.001,KWH,,2,actual
,2026-07-02 17:30:00+12:00,2026-07-02 18:00:00+12:00,0.565,KWH,,1,actual
,2026-07-02 18:00:00+12:00,2026-07-02 18:30:00+12:00,0.001,KWH,,2,actual
,2026-07-02 18:00:00+12:00,2026-07-02 18:30:00+12:00,1.488,KWH,,1,actual
,2026-07-02 18:30:00+12:00,2026-07-02 19:00:00+12:00,1.294,KWH,,1,actual
,2026-07-02 18:30:00+12:00,2026-07-02 19:00:00+12:00,0.074,KWH,,2,actual
,2026-07-02 19:00:00+12:00,2026-07-02 19:30:00+12:00,1.117,KWH,,1,actual
,2026-07-02 19:00:00+12:00,2026-07-02 19:30:00+12:00,0.372,KWH,,2,actual
,2026-07-02 19:30:00+12:00,2026-07-02 20:00:00+12:00,1.011,KWH,,1,actual
,2026-07-02 19:30:00+12:00,2026-07-02 20:00:00+12:00,0,KWH,,2,actual
,2026-07-02 20:00:00+12:00,2026-07-02 20:30:00+12:00,0.945,KWH,,1,actual
,2026-07-02 20:00:00+12:00,2026-07-02 20:30:00+12:00,0.001,KWH,,2,actual
,2026-07-02 20:30:00+12:00,2026-07-02 21:00:00+12:00,0.956,KWH,,1,actual
,2026-07-02 20:30:00+12:00,2026-07-02 21:00:00+12:00,0.001,KWH,,2,actual
,2026-07-02 21:00:00+12:00,2026-07-02 21:30:00+12:00,0.927,KWH,,1,actual
,2026-07-02 21:00:00+12:00,2026-07-02 21:30:00+12:00,0.001,KWH,,2,actual
,2026-07-02 21:30:00+12:00,2026-07-02 22:00:00+12:00,0,KWH,,2,actual
,2026-07-02 21:30:00+12:00,2026-07-02 22:00:00+12:00,0.968,KWH,,1,actual
,2026-07-02 22:00:00+12:00,2026-07-02 22:30:00+12:00,0.001,KWH,,2,actual
,2026-07-02 22:00:00+12:00,2026-07-02 22:30:00+12:00,0.944,KWH,,1,actual
,2026-07-02 22:30:00+12:00,2026-07-02 23:00:00+12:00,0.001,KWH,,2,actual
,2026-07-02 22:30:00+12:00,2026-07-02 23:00:00+12:00,0.945,KWH,,1,actual
,2026-07-02 23:00:00+12:00,2026-07-02 23:30:00+12:00,0.157,KWH,,2,actual
,2026-07-02 23:00:00+12:00,2026-07-02 23:30:00+12:00,1.432,KWH,,1,actual
,2026-07-02 23:30:00+12:00,2026-07-03 00:00:00+12:00,1.658,KWH,,1,actual
,2026-07-02 23:30:00+12:00,2026-07-03 00:00:00+12:00,0.57,KWH,,2,actual
,2026-07-03 00:00:00+12:00,2026-07-03 00:30:00+12:00,1.109,KWH,,1,actual
,2026-07-03 00:00:00+12:00,2026-07-03 00:30:00+12:00,0.567,KWH,,2,actual
,2026-07-03 00:30:00+12:00,2026-07-03 01:00:00+12:00,0.237,KWH,,2,actual
,2026-07-03 00:30:00+12:00,2026-07-03 01:00:00+12:00,0.568,KWH,,1,actual
,2026-07-03 01:00:00+12:00,2026-07-03 01:30:00+12:00,0.001,KWH,,2,actual
,2026-07-03 01:00:00+12:00,2026-07-03 01:30:00+12:00,0.541,KWH,,1,actual
,2026-07-03 01:30:00+12:00,2026-07-03 02:00:00+12:00,0.545,KWH,,1,actual
,2026-07-03 01:30:00+12:00,2026-07-03 02:00:00+12:00,0.001,KWH,,2,actual
,2026-07-03 02:00:00+12:00,2026-07-03 02:30:00+12:00,0.001,KWH,,2,actual
,2026-07-03 02:00:00+12:00,2026-07-03 02:30:00+12:00,0.553,KWH,,1,actual
,2026-07-03 02:30:00+12:00,2026-07-03 03:00:00+12:00,0.551,KWH,,1,actual
,2026-07-03 02:30:00+12:00,2026-07-03 03:00:00+12:00,0.001,KWH,,2,actual
,2026-07-03 03:00:00+12:00,2026-07-03 03:30:00+12:00,0.548,KWH,,1,actual
,2026-07-03 03:00:00+12:00,2026-07-03 03:30:00+12:00,0.001,KWH,,2,actual
,2026-07-03 03:30:00+12:00,2026-07-03 04:00:00+12:00,0,KWH,,2,actual
,2026-07-03 03:30:00+12:00,2026-07-03 04:00:00+12:00,0.577,KWH,,1,actual
,2026-07-03 04:00:00+12:00,2026-07-03 04:30:00+12:00,0.608,KWH,,1,actual
,2026-07-03 04:00:00+12:00,2026-07-03 04:30:00+12:00,0.001,KWH,,2,actual
,2026-07-03 04:30:00+12:00,2026-07-03 05:00:00+12:00,0.001,KWH,,2,actual
,2026-07-03 04:30:00+12:00,2026-07-03 05:00:00+12:00,0.567,KWH,,1,actual
,2026-07-03 05:00:00+12:00,2026-07-03 05:30:00+12:00,0.001,KWH,,2,actual
,2026-07-03 05:00:00+12:00,2026-07-03 05:30:00+12:00,0.557,KWH,,1,actual
,2026-07-03 05:30:00+12:00,2026-07-03 06:00:00+12:00,0.959,KWH,,1,actual
,2026-07-03 05:30:00+12:00,2026-07-03 06:00:00+12:00,0.001,KWH,,2,actual
,2026-07-03 06:00:00+12:00,2026-07-03 06:30:00+12:00,0.962,KWH,,1,actual
,2026-07-03 06:00:00+12:00,2026-07-03 06:30:00+12:00,0.001,KWH,,2,actual
,2026-07-03 06:30:00+12:00,2026-07-03 07:00:00+12:00,1.02,KWH,,1,actual
,2026-07-03 06:30:00+12:00,2026-07-03 07:00:00+12:00,0.001,KWH,,2,actual
,2026-07-03 07:00:00+12:00,2026-07-03 07:30:00+12:00,0.001,KWH,,2,actual
,2026-07-03 07:00:00+12:00,2026-07-03 07:30:00+12:00,0.932,KWH,,1,actual
,2026-07-03 07:30:00+12:00,2026-07-03 08:00:00+12:00,0.124,KWH,,2,actual
,2026-07-03 07:30:00+12:00,2026-07-03 08:00:00+12:00,0.915,KWH,,1,actual
,2026-07-03 08:00:00+12:00,2026-07-03 08:30:00+12:00,0.665,KWH,,2,actual
,2026-07-03 08:00:00+12:00,2026-07-03 08:30:00+12:00,1.146,KWH,,1,actual
,2026-07-03 08:30:00+12:00,2026-07-03 09:00:00+12:00,0.517,KWH,,1,actual
,2026-07-03 08:30:00+12:00,2026-07-03 09:00:00+12:00,0.106,KWH,,2,actual
,2026-07-03 09:00:00+12:00,2026-07-03 09:30:00+12:00,0.521,KWH,,1,actual
,2026-07-03 09:00:00+12:00,2026-07-03 09:30:00+12:00,0,KWH,,2,actual
,2026-07-03 09:30:00+12:00,2026-07-03 10:00:00+12:00,0.517,KWH,,1,actual
,2026-07-03 09:30:00+12:00,2026-07-03 10:00:00+12:00,0.001,KWH,,2,actual
,2026-07-03 10:00:00+12:00,2026-07-03 10:30:00+12:00,0.001,KWH,,2,actual
,2026-07-03 10:00:00+12:00,2026-07-03 10:30:00+12:00,0.51,KWH,,1,actual
,2026-07-03 10:30:00+12:00,2026-07-03 11:00:00+12:00,0.6,KWH,,1,actual
,2026-07-03 10:30:00+12:00,2026-07-03 11:00:00+12:00,0.001,KWH,,2,actual
,2026-07-03 11:00:00+12:00,2026-07-03 11:30:00+12:00,0.287,KWH,,2,actual
,2026-07-03 11:00:00+12:00,2026-07-03 11:30:00+12:00,0.549,KWH,,1,actual
,2026-07-03 11:30:00+12:00,2026-07-03 12:00:00+12:00,0.001,KWH,,2,actual
,2026-07-03 11:30:00+12:00,2026-07-03 12:00:00+12:00,1.499,KWH,,1,actual
,2026-07-03 12:00:00+12:00,2026-07-03 12:30:00+12:00,0.001,KWH,,2,actual
,2026-07-03 12:00:00+12:00,2026-07-03 12:30:00+12:00,0.993,KWH,,1,actual
,2026-07-03 12:30:00+12:00,2026-07-03 13:00:00+12:00,1.447,KWH,,1,actual
,2026-07-03 12:30:00+12:00,2026-07-03 13:00:00+12:00,0.238,KWH,,2,actual
,2026-07-03 13:00:00+12:00,2026-07-03 13:30:00+12:00,0.001,KWH,,2,actual
,2026-07-03 13:00:00+12:00,2026-07-03 13:30:00+12:00,0.465,KWH,,1,actual
,2026-07-03 13:30:00+12:00,2026-07-03 14:00:00+12:00,0.001,KWH,,2,actual
,2026-07-03 13:30:00+12:00,2026-07-03 14:00:00+12:00,0.506,KWH,,1,actual
,2026-07-03 14:00:00+12:00,2026-07-03 14:30:00+12:00,0.484,KWH,,1,actual
,2026-07-03 14:00:00+12:00,2026-07-03 14:30:00+12:00,0.001,KWH,,2,actual
,2026-07-03 14:30:00+12:00,2026-07-03 15:00:00+12:00,0.001,KWH,,2,actual
,2026-07-03 14:30:00+12:00,2026-07-03 15:00:00+12:00,0.628,KWH,,1,actual
,2026-07-03 15:00:00+12:00,2026-07-03 15:30:00+12:00,0.651,KWH,,1,actual
,2026-07-03 15:00:00+12:00,2026-07-03 15:30:00+12:00,0.111,KWH,,2,actual
,2026-07-03 15:30:00+12:00,2026-07-03 16:00:00+12:00,1.294,KWH,,1,actual
,2026-07-03 15:30:00+12:00,2026-07-03 16:00:00+12:00,0.168,KWH,,2,actual
,2026-07-03 16:00:00+12:00,2026-07-03 16:30:00+12:00,0.001,KWH,,2,actual
,2026-07-03 16:00:00+12:00,2026-07-03 16:30:00+12:00,0.943,KWH,,1,actual
,2026-07-03 16:30:00+12:00,2026-07-03 17:00:00+12:00,0.001,KWH,,2,actual
,2026-07-03 16:30:00+12:00,2026-07-03 17:00:00+12:00,0.595,KWH,,1,actual
,2026-07-03 17:00:00+12:00,2026-07-03 17:30:00+12:00,0.833,KWH,,1,actual
,2026-07-03 17:00:00+12:00,2026-07-03 17:30:00+12:00,0.079,KWH,,2,actual
,2026-07-03 17:30:00+12:00,2026-07-03 18:00:00+12:00,0.263,KWH,,2,actual
,2026-07-03 17:30:00+12:00,2026-07-03 18:00:00+12:00,1.064,KWH,,1,actual
,2026-07-03 18:00:00+12:00,2026-07-03 18:30:00+12:00,0.001,KWH,,2,actual
,2026-07-03 18:00:00+12:00,2026-07-03 18:30:00+12:00,1.445,KWH,,1,actual
,2026-07-03 18:30:00+12:00,2026-07-03 19:00:00+12:00,0.717,KWH,,1,actual
,2026-07-03 18:30:00+12:00,2026-07-03 19:00:00+12:00,0.001,KWH,,2,actual
,2026-07-03 19:00:00+12:00,2026-07-03 19:30:00+12:00,0.662,KWH,,1,actual
,2026-07-03 19:00:00+12:00,2026-07-03 19:30:00+12:00,0,KWH,,2,actual
,2026-07-03 19:30:00+12:00,2026-07-03 20:00:00+12:00,0.594,KWH,,1,actual
,2026-07-03 19:30:00+12:00,2026-07-03 20:00:00+12:00,0.001,KWH,,2,actual
,2026-07-03 20:00:00+12:00,2026-07-03 20:30:00+12:00,0.616,KWH,,1,actual
,2026-07-03 20:00:00+12:00,2026-07-03 20:30:00+12:00,0.311,KWH,,2,actual
,2026-07-03 20:30:00+12:00,2026-07-03 21:00:00+12:00,0.579,KWH,,1,actual
,2026-07-03 20:30:00+12:00,2026-07-03 21:00:00+12:00,0.001,KWH,,2,actual
,2026-07-03 21:00:00+12:00,2026-07-03 21:30:00+12:00,0.546,KWH,,1,actual
,2026-07-03 21:00:00+12:00,2026-07-03 21:30:00+12:00,0.483,KWH,,2,actual
,2026-07-03 21:30:00+12:00,2026-07-03 22:00:00+12:00,0.003,KWH,,2,actual
,2026-07-03 21:30:00+12:00,2026-07-03 22:00:00+12:00,0.6,KWH,,1,actual
,2026-07-03 22:00:00+12:00,2026-07-03 22:30:00+12:00,0.001,KWH,,2,actual
,2026-07-03 22:00:00+12:00,2026-07-03 22:30:00+12:00,0.555,KWH,,1,actual
,2026-07-03 22:30:00+12:00,2026-07-03 23:00:00+12:00,0.001,KWH,,2,actual
,2026-07-03 22:30:00+12:00,2026-07-03 23:00:00+12:00,0.59,KWH,,1,actual
,2026-07-03 23:00:00+12:00,2026-07-03 23:30:00+12:00,0.001,KWH,,2,actual
,2026-07-03 23:00:00+12:00,2026-07-03 23:30:00+12:00,0.7,KWH,,1,actual
,2026-07-03 23:30:00+12:00,2026-07-04 00:00:00+12:00,0.653,KWH,,1,actual
,2026-07-03 23:30:00+12:00,2026-07-04 00:00:00+12:00,0.001,KWH,,2,actual
,2026-07-04 00:00:00+12:00,2026-07-04 00:30:00+12:00,0.643,KWH,,1,actual
,2026-07-04 00:00:00+12:00,2026-07-04 00:30:00+12:00,0.001,KWH,,2,actual
,2026-07-04 00:30:00+12:00,2026-07-04 01:00:00+12:00,0,KWH,,2,actual
,2026-07-04 00:30:00+12:00,2026-07-04 01:00:00+12:00,0.69,KWH,,1,actual
,2026-07-04 01:00:00+12:00,2026-07-04 01:30:00+12:00,0.001,KWH,,2,actual
,2026-07-04 01:00:00+12:00,2026-07-04 01:30:00+12:00,0.693,KWH,,1,actual
,2026-07-04 01:30:00+12:00,2026-07-04 02:00:00+12:00,0.67,KWH,,1,actual
,2026-07-04 01:30:00+12:00,2026-07-04 02:00:00+12:00,0.001,KWH,,2,actual
,2026-07-04 02:00:00+12:00,2026-07-04 02:30:00+12:00,0.001,KWH,,2,actual
,2026-07-04 02:00:00+12:00,2026-07-04 02:30:00+12:00,0.682,KWH,,1,actual
,2026-07-04 02:30:00+12:00,2026-07-04 03:00:00+12:00,0.76,KWH,,1,actual
,2026-07-04 02:30:00+12:00,2026-07-04 03:00:00+12:00,0.001,KWH,,2,actual
,2026-07-04 03:00:00+12:00,2026-07-04 03:30:00+12:00,0.767,KWH,,1,actual
,2026-07-04 03:00:00+12:00,2026-07-04 03:30:00+12:00,0.001,KWH,,2,actual
,2026-07-04 03:30:00+12:00,2026-07-04 04:00:00+12:00,0.001,KWH,,2,actual
,2026-07-04 03:30:00+12:00,2026-07-04 04:00:00+12:00,0.799,KWH,,1,actual
,2026-07-04 04:00:00+12:00,2026-07-04 04:30:00+12:00,0.79,KWH,,1,actual
,2026-07-04 04:00:00+12:00,2026-07-04 04:30:00+12:00,0.001,KWH,,2,actual
,2026-07-04 04:30:00+12:00,2026-07-04 05:00:00+12:00,0,KWH,,2,actual
,2026-07-04 04:30:00+12:00,2026-07-04 05:00:00+12:00,0.817,KWH,,1,actual
,2026-07-04 05:00:00+12:00,2026-07-04 05:30:00+12:00,0.478,KWH,,2,actual
,2026-07-04 05:00:00+12:00,2026-07-04 05:30:00+12:00,0.804,KWH,,1,actual
,2026-07-04 05:30:00+12:00,2026-07-04 06:00:00+12:00,0.876,KWH,,1,actual
,2026-07-04 05:30:00+12:00,2026-07-04 06:00:00+12:00,0.001,KWH,,2,actual
,2026-07-04 06:00:00+12:00,2026-07-04 06:30:00+12:00,0.828,KWH,,1,actual
,2026-07-04 06:00:00+12:00,2026-07-04 06:30:00+12:00,0.001,KWH,,2,actual
,2026-07-04 06:30:00+12:00,2026-07-04 07:00:00+12:00,0.994,KWH,,1,actual
,2026-07-04 06:30:00+12:00,2026-07-04 07:00:00+12:00,0.001,KWH,,2,actual
,2026-07-04 07:00:00+12:00,2026-07-04 07:30:00+12:00,0.001,KWH,,2,actual
,2026-07-04 07:00:00+12:00,2026-07-04 07:30:00+12:00,0.853,KWH,,1,actual
,2026-07-04 07:30:00+12:00,2026-07-04 08:00:00+12:00,0.001,KWH,,2,actual
,2026-07-04 07:30:00+12:00,2026-07-04 08:00:00+12:00,0.886,KWH,,1,actual
,2026-07-04 08:00:00+12:00,2026-07-04 08:30:00+12:00,0.001,KWH,,2,actual
,2026-07-04 08:00:00+12:00,2026-07-04 08:30:00+12:00,0.916,KWH,,1,actual
,2026-07-04 08:30:00+12:00,2026-07-04 09:00:00+12:00,0.16,KWH,,1,actual
,2026-07-04 08:30:00+12:00,2026-07-04 09:00:00+12:00,0.145,KWH,,2,actual
,2026-07-04 09:00:00+12:00,2026-07-04 09:30:00+12:00,0.559,KWH,,1,actual
,2026-07-04 09:00:00+12:00,2026-07-04 09:30:00+12:00,0.554,KWH,,2,actual
,2026-07-04 09:30:00+12:00,2026-07-04 10:00:00+12:00,1.128,KWH,,1,actual
,2026-07-04 09:30:00+12:00,2026-07-04 10:00:00+12:00,0.546,KWH,,2,actual
,2026-07-04 10:00:00+12:00,2026-07-04 10:30:00+12:00,0.545,KWH,,2,actual
,2026-07-04 10:00:00+12:00,2026-07-04 10:30:00+12:00,0.876,KWH,,1,actual
,2026-07-04 10:30:00+12:00,2026-07-04 11:00:00+12:00,0.663,KWH,,1,actual
,2026-07-04 10:30:00+12:00,2026-07-04 11:00:00+12:00,0.543,KWH,,2,actual
,2026-07-04 11:00:00+12:00,2026-07-04 11:30:00+12:00,0.541,KWH,,2,actual
,2026-07-04 11:00:00+12:00,2026-07-04 11:30:00+12:00,0.601,KWH,,1,actual
,2026-07-04 11:30:00+12:00,2026-07-04 12:00:00+12:00,0.58,KWH,,2,actual
,2026-07-04 11:30:00+12:00,2026-07-04 12:00:00+12:00,0.71,KWH,,1,actual
,2026-07-04 12:00:00+12:00,2026-07-04 12:30:00+12:00,0.232,KWH,,2,actual
,2026-07-04 12:00:00+12:00,2026-07-04 12:30:00+12:00,0.981,KWH,,1,actual
,2026-07-04 12:30:00+12:00,2026-07-04 13:00:00+12:00,0.998,KWH,,1,actual
,2026-07-04 12:30:00+12:00,2026-07-04 13:00:00+12:00,0.001,KWH,,2,actual
,2026-07-04 13:00:00+12:00,2026-07-04 13:30:00+12:00,0,KWH,,2,actual
,2026-07-04 13:00:00+12:00,2026-07-04 13:30:00+12:00,0.643,KWH,,1,actual
,2026-07-04 13:30:00+12:00,2026-07-04 14:00:00+12:00,0.001,KWH,,2,actual
,2026-07-04 13:30:00+12:00,2026-07-04 14:00:00+12:00,0.536,KWH,,1,actual
,2026-07-04 14:00:00+12:00,2026-07-04 14:30:00+12:00,0.33,KWH,,1,actual
,2026-07-04 14:00:00+12:00,2026-07-04 14:30:00+12:00,0.001,KWH,,2,actual
,2026-07-04 14:30:00+12:00,2026-07-04 15:00:00+12:00,0.064,KWH,,2,actual
,2026-07-04 14:30:00+12:00,2026-07-04 15:00:00+12:00,0.177,KWH,,1,actual
,2026-07-04 15:00:00+12:00,2026-07-04 15:30:00+12:00,0.373,KWH,,1,actual
,2026-07-04 15:00:00+12:00,2026-07-04 15:30:00+12:00,0.286,KWH,,2,actual
,2026-07-04 15:30:00+12:00,2026-07-04 16:00:00+12:00,1.024,KWH,,1,actual
,2026-07-04 15:30:00+12:00,2026-07-04 16:00:00+12:00,0.001,KWH,,2,actual
,2026-07-04 16:00:00+12:00,2026-07-04 16:30:00+12:00,0.001,KWH,,2,actual
,2026-07-04 16:00:00+12:00,2026-07-04 16:30:00+12:00,0.999,KWH,,1,actual
,2026-07-04 16:30:00+12:00,2026-07-04 17:00:00+12:00,0.001,KWH,,2,actual
,2026-07-04 16:30:00+12:00,2026-07-04 17:00:00+12:00,0.854,KWH,,1,actual
,2026-07-04 17:00:00+12:00,2026-07-04 17:30:00+12:00,0.784,KWH,,1,actual
,2026-07-04 17:00:00+12:00,2026-07-04 17:30:00+12:00,0.001,KWH,,2,actual
,2026-07-04 17:30:00+12:00,2026-07-04 18:00:00+12:00,0.322,KWH,,2,actual
,2026-07-04 17:30:00+12:00,2026-07-04 18:00:00+12:00,1.681,KWH,,1,actual
,2026-07-04 18:00:00+12:00,2026-07-04 18:30:00+12:00,0.001,KWH,,2,actual
,2026-07-04 18:00:00+12:00,2026-07-04 18:30:00+12:00,1.925,KWH,,1,actual
,2026-07-04 18:30:00+12:00,2026-07-04 19:00:00+12:00,2.815,KWH,,1,actual
,2026-07-04 18:30:00+12:00,2026-07-04 19:00:00+12:00,0.512,KWH,,2,actual
,2026-07-04 19:00:00+12:00,2026-07-04 19:30:00+12:00,2.188,KWH,,1,actual
,2026-07-04 19:00:00+12:00,2026-07-04 19:30:00+12:00,0.001,KWH,,2,actual
,2026-07-04 19:30:00+12:00,2026-07-04 20:00:00+12:00,1.549,KWH,,1,actual
,2026-07-04 19:30:00+12:00,2026-07-04 20:00:00+12:00,0.001,KWH,,2,actual
,2026-07-04 20:00:00+12:00,2026-07-04 20:30:00+12:00,1.582,KWH,,1,actual
,2026-07-04 20:00:00+12:00,2026-07-04 20:30:00+12:00,0.001,KWH,,2,actual
,2026-07-04 20:30:00+12:00,2026-07-04 21:00:00+12:00,1.558,KWH,,1,actual
,2026-07-04 20:30:00+12:00,2026-07-04 21:00:00+12:00,0.001,KWH,,2,actual
,2026-07-04 21:00:00+12:00,2026-07-04 21:30:00+12:00,1.553,KWH,,1,actual
,2026-07-04 21:00:00+12:00,2026-07-04 21:30:00+12:00,0.001,KWH,,2,actual
,2026-07-04 21:30:00+12:00,2026-07-04 22:00:00+12:00,0.135,KWH,,2,actual
,2026-07-04 21:30:00+12:00,2026-07-04 22:00:00+12:00,2.181,KWH,,1,actual
,2026-07-04 22:00:00+12:00,2026-07-04 22:30:00+12:00,0.553,KWH,,2,actual
,2026-07-04 22:00:00+12:00,2026-07-04 22:30:00+12:00,3.734,KWH,,1,actual
,2026-07-04 22:30:00+12:00,2026-07-04 23:00:00+12:00,0.594,KWH,,2,actual
,2026-07-04 22:30:00+12:00,2026-07-04 23:00:00+12:00,2.903,KWH,,1,actual
,2026-07-04 23:00:00+12:00,2026-07-04 23:30:00+12:00,0.019,KWH,,2,actual
,2026-07-04 23:00:00+12:00,2026-07-04 23:30:00+12:00,1.515,KWH,,1,actual
,2026-07-04 23:30:00+12:00,2026-07-05 00:00:00+12:00,1.369,KWH,,1,actual
,2026-07-04 23:30:00+12:00,2026-07-05 00:00:00+12:00,0.001,KWH,,2,actual
,2026-07-05 00:00:00+12:00,2026-07-05 00:30:00+12:00,1.047,KWH,,1,actual
,2026-07-05 00:00:00+12:00,2026-07-05 00:30:00+12:00,0.039,KWH,,2,actual
,2026-07-05 00:30:00+12:00,2026-07-05 01:00:00+12:00,0.001,KWH,,2,actual
,2026-07-05 00:30:00+12:00,2026-07-05 01:00:00+12:00,0.996,KWH,,1,actual
,2026-07-05 01:00:00+12:00,2026-07-05 01:30:00+12:00,0.001,KWH,,2,actual
,2026-07-05 01:00:00+12:00,2026-07-05 01:30:00+12:00,0.977,KWH,,1,actual
,2026-07-05 01:30:00+12:00,2026-07-05 02:00:00+12:00,0.919,KWH,,1,actual
,2026-07-05 01:30:00+12:00,2026-07-05 02:00:00+12:00,0.002,KWH,,2,actual
,2026-07-05 02:00:00+12:00,2026-07-05 02:30:00+12:00,0.001,KWH,,2,actual
,2026-07-05 02:00:00+12:00,2026-07-05 02:30:00+12:00,0.941,KWH,,1,actual
,2026-07-05 02:30:00+12:00,2026-07-05 03:00:00+12:00,0.937,KWH,,1,actual
,2026-07-05 02:30:00+12:00,2026-07-05 03:00:00+12:00,0.001,KWH,,2,actual
,2026-07-05 03:00:00+12:00,2026-07-05 03:30:00+12:00,0.961,KWH,,1,actual
,2026-07-05 03:00:00+12:00,2026-07-05 03:30:00+12:00,0.001,KWH,,2,actual
,2026-07-05 03:30:00+12:00,2026-07-05 04:00:00+12:00,0.001,KWH,,2,actual
,2026-07-05 03:30:00+12:00,2026-07-05 04:00:00+12:00,0.909,KWH,,1,actual
,2026-07-05 04:00:00+12:00,2026-07-05 04:30:00+12:00,0.931,KWH,,1,actual
,2026-07-05 04:00:00+12:00,2026-07-05 04:30:00+12:00,0.001,KWH,,2,actual
,2026-07-05 04:30:00+12:00,2026-07-05 05:00:00+12:00,0.002,KWH,,2,actual
,2026-07-05 04:30:00+12:00,2026-07-05 05:00:00+12:00,0.868,KWH,,1,actual
,2026-07-05 05:00:00+12:00,2026-07-05 05:30:00+12:00,0.001,KWH,,2,actual
,2026-07-05 05:00:00+12:00,2026-07-05 05:30:00+12:00,0.907,KWH,,1,actual
,2026-07-05 05:30:00+12:00,2026-07-05 06:00:00+12:00,1.271,KWH,,1,actual
,2026-07-05 05:30:00+12:00,2026-07-05 06:00:00+12:00,0.001,KWH,,2,actual
,2026-07-05 06:00:00+12:00,2026-07-05 06:30:00+12:00,1.184,KWH,,1,actual
,2026-07-05 06:00:00+12:00,2026-07-05 06:30:00+12:00,0.001,KWH,,2,actual
,2026-07-05 06:30:00+12:00,2026-07-05 07:00:00+12:00,1.206,KWH,,1,actual
,2026-07-05 06:30:00+12:00,2026-07-05 07:00:00+12:00,0.001,KWH,,2,actual
,2026-07-05 07:00:00+12:00,2026-07-05 07:30:00+12:00,0.001,KWH,,2,actual
,2026-07-05 07:00:00+12:00,2026-07-05 07:30:00+12:00,1.101,KWH,,1,actual
,2026-07-05 07:30:00+12:00,2026-07-05 08:00:00+12:00,0.001,KWH,,2,actual
,2026-07-05 07:30:00+12:00,2026-07-05 08:00:00+12:00,1.054,KWH,,1,actual
,2026-07-05 08:00:00+12:00,2026-07-05 08:30:00+12:00,0.001,KWH,,2,actual
,2026-07-05 08:00:00+12:00,2026-07-05 08:30:00+12:00,0.792,KWH,,1,actual
,2026-07-05 08:30:00+12:00,2026-07-05 09:00:00+12:00,0.136,KWH,,1,actual
,2026-07-05 08:30:00+12:00,2026-07-05 09:00:00+12:00,0.002,KWH,,2,actual
,2026-07-05 09:00:00+12:00,2026-07-05 09:30:00+12:00,0.098,KWH,,1,actual
,2026-07-05 09:00:00+12:00,2026-07-05 09:30:00+12:00,0.001,KWH,,2,actual
,2026-07-05 09:30:00+12:00,2026-07-05 10:00:00+12:00,0.117,KWH,,1,actual
,2026-07-05 09:30:00+12:00,2026-07-05 10:00:00+12:00,0.001,KWH,,2,actual
,2026-07-05 10:00:00+12:00,2026-07-05 10:30:00+12:00,0.002,KWH,,2,actual
,2026-07-05 10:00:00+12:00,2026-07-05 10:30:00+12:00,0.118,KWH,,1,actual
,2026-07-05 10:30:00+12:00,2026-07-05 11:00:00+12:00,0.113,KWH,,1,actual
,2026-07-05 10:30:00+12:00,2026-07-05 11:00:00+12:00,0.001,KWH,,2,actual
,2026-07-05 11:00:00+12:00,2026-07-05 11:30:00+12:00,0.247,KWH,,2,actual
,2026-07-05 11:00:00+12:00,2026-07-05 11:30:00+12:00,0.494,KWH,,1,actual
,2026-07-05 11:30:00+12:00,2026-07-05 12:00:00+12:00,0.689,KWH,,2,actual
,2026-07-05 11:30:00+12:00,2026-07-05 12:00:00+12:00,0.509,KWH,,1,actual
,2026-07-05 12:00:00+12:00,2026-07-05 12:30:00+12:00,0.726,KWH,,2,actual
,2026-07-05 12:00:00+12:00,2026-07-05 12:30:00+12:00,0.634,KWH,,1,actual
,2026-07-05 12:30:00+12:00,2026-07-05 13:00:00+12:00,0.812,KWH,,1,actual
,2026-07-05 12:30:00+12:00,2026-07-05 13:00:00+12:00,0.533,KWH,,2,actual
,2026-07-05 13:00:00+12:00,2026-07-05 13:30:00+12:00,0,KWH,,2,actual
,2026-07-05 13:00:00+12:00,2026-07-05 13:30:00+12:00,0.855,KWH,,1,actual
,2026-07-05 13:30:00+12:00,2026-07-05 14:00:00+12:00,0.001,KWH,,2,actual
,2026-07-05 13:30:00+12:00,2026-07-05 14:00:00+12:00,0.646,KWH,,1,actual
,2026-07-05 14:00:00+12:00,2026-07-05 14:30:00+12:00,0.534,KWH,,1,actual
,2026-07-05 14:00:00+12:00,2026-07-05 14:30:00+12:00,0.001,KWH,,2,actual
,2026-07-05 14:30:00+12:00,2026-07-05 15:00:00+12:00,0.001,KWH,,2,actual
,2026-07-05 14:30:00+12:00,2026-07-05 15:00:00+12:00,0.545,KWH,,1,actual
,2026-07-05 15:00:00+12:00,2026-07-05 15:30:00+12:00,0.584,KWH,,1,actual
,2026-07-05 15:00:00+12:00,2026-07-05 15:30:00+12:00,0.001,KWH,,2,actual
,2026-07-05 15:30:00+12:00,2026-07-05 16:00:00+12:00,0.608,KWH,,1,actual
,2026-07-05 15:30:00+12:00,2026-07-05 16:00:00+12:00,0,KWH,,2,actual
,2026-07-05 16:00:00+12:00,2026-07-05 16:30:00+12:00,0.322,KWH,,2,actual
,2026-07-05 16:00:00+12:00,2026-07-05 16:30:00+12:00,1.102,KWH,,1,actual
,2026-07-05 16:30:00+12:00,2026-07-05 17:00:00+12:00,0.277,KWH,,2,actual
,2026-07-05 16:30:00+12:00,2026-07-05 17:00:00+12:00,1.765,KWH,,1,actual
,2026-07-05 17:00:00+12:00,2026-07-05 17:30:00+12:00,1.927,KWH,,1,actual
,2026-07-05 17:00:00+12:00,2026-07-05 17:30:00+12:00,0.554,KWH,,2,actual
,2026-07-05 17:30:00+12:00,2026-07-05 18:00:00+12:00,0.237,KWH,,2,actual
,2026-07-05 17:30:00+12:00,2026-07-05 18:00:00+12:00,2.02,KWH,,1,actual
,2026-07-05 18:00:00+12:00,2026-07-05 18:30:00+12:00,0.001,KWH,,2,actual
,2026-07-05 18:00:00+12:00,2026-07-05 18:30:00+12:00,1.96,KWH,,1,actual
,2026-07-05 18:30:00+12:00,2026-07-05 19:00:00+12:00,0.894,KWH,,1,actual
,2026-07-05 18:30:00+12:00,2026-07-05 19:00:00+12:00,0.001,KWH,,2,actual
,2026-07-05 19:00:00+12:00,2026-07-05 19:30:00+12:00,0.568,KWH,,1,actual
,2026-07-05 19:00:00+12:00,2026-07-05 19:30:00+12:00,0.001,KWH,,2,actual
,2026-07-05 19:30:00+12:00,2026-07-05 20:00:00+12:00,0.649,KWH,,1,actual
,2026-07-05 19:30:00+12:00,2026-07-05 20:00:00+12:00,0.001,KWH,,2,actual
,2026-07-05 20:00:00+12:00,2026-07-05 20:30:00+12:00,0.651,KWH,,1,actual
,2026-07-05 20:00:00+12:00,2026-07-05 20:30:00+12:00,0.001,KWH,,2,actual
,2026-07-05 20:30:00+12:00,2026-07-05 21:00:00+12:00,0.638,KWH,,1,actual
,2026-07-05 20:30:00+12:00,2026-07-05 21:00:00+12:00,0.001,KWH,,2,actual
,2026-07-05 21:00:00+12:00,2026-07-05 21:30:00+12:00,0.703,KWH,,1,actual
,2026-07-05 21:00:00+12:00,2026-07-05 21:30:00+12:00,0.001,KWH,,2,actual
,2026-07-05 21:30:00+12:00,2026-07-05 22:00:00+12:00,0.001,KWH,,2,actual
,2026-07-05 21:30:00+12:00,2026-07-05 22:00:00+12:00,0.62,KWH,,1,actual
,2026-07-05 22:00:00+12:00,2026-07-05 22:30:00+12:00,0.001,KWH,,2,actual
,2026-07-05 22:00:00+12:00,2026-07-05 22:30:00+12:00,0.956,KWH,,1,actual
,2026-07-05 22:30:00+12:00,2026-07-05 23:00:00+12:00,0,KWH,,2,actual
,2026-07-05 22:30:00+12:00,2026-07-05 23:00:00+12:00,2.707,KWH,,1,actual
,2026-07-05 23:00:00+12:00,2026-07-05 23:30:00+12:00,0.001,KWH,,2,actual
,2026-07-05 23:00:00+12:00,2026-07-05 23:30:00+12:00,1.863,KWH,,1,actual
,2026-07-05 23:30:00+12:00,2026-07-06 00:00:00+12:00,1.085,KWH,,1,actual
,2026-07-05 23:30:00+12:00,2026-07-06 00:00:00+12:00,0.001,KWH,,2,actual
,2026-07-06 00:00:00+12:00,2026-07-06 00:30:00+12:00,0.642,KWH,,1,actual
,2026-07-06 00:00:00+12:00,2026-07-06 00:30:00+12:00,0.001,KWH,,2,actual
,2026-07-06 00:30:00+12:00,2026-07-06 01:00:00+12:00,0.266,KWH,,2,actual
,2026-07-06 00:30:00+12:00,2026-07-06 01:00:00+12:00,0.577,KWH,,1,actual
,2026-07-06 01:00:00+12:00,2026-07-06 01:30:00+12:00,0.001,KWH,,2,actual
,2026-07-06 01:00:00+12:00,2026-07-06 01:30:00+12:00,0.485,KWH,,1,actual
,2026-07-06 01:30:00+12:00,2026-07-06 02:00:00+12:00,0.46,KWH,,1,actual
,2026-07-06 01:30:00+12:00,2026-07-06 02:00:00+12:00,0.001,KWH,,2,actual
,2026-07-06 02:00:00+12:00,2026-07-06 02:30:00+12:00,0.001,KWH,,2,actual
,2026-07-06 02:00:00+12:00,2026-07-06 02:30:00+12:00,0.514,KWH,,1,actual
,2026-07-06 02:30:00+12:00,2026-07-06 03:00:00+12:00,0.535,KWH,,1,actual
,2026-07-06 02:30:00+12:00,2026-07-06 03:00:00+12:00,0.001,KWH,,2,actual
,2026-07-06 03:00:00+12:00,2026-07-06 03:30:00+12:00,0.622,KWH,,1,actual
,2026-07-06 03:00:00+12:00,2026-07-06 03:30:00+12:00,0.001,KWH,,2,actual
,2026-07-06 03:30:00+12:00,2026-07-06 04:00:00+12:00,0.001,KWH,,2,actual
,2026-07-06 03:30:00+12:00,2026-07-06 04:00:00+12:00,0.617,KWH,,1,actual
,2026-07-06 04:00:00+12:00,2026-07-06 04:30:00+12:00,0.699,KWH,,1,actual
,2026-07-06 04:00:00+12:00,2026-07-06 04:30:00+12:00,0.001,KWH,,2,actual
,2026-07-06 04:30:00+12:00,2026-07-06 05:00:00+12:00,0.001,KWH,,2,actual
,2026-07-06 04:30:00+12:00,2026-07-06 05:00:00+12:00,0.737,KWH,,1,actual
,2026-07-06 05:00:00+12:00,2026-07-06 05:30:00+12:00,0.001,KWH,,2,actual
,2026-07-06 05:00:00+12:00,2026-07-06 05:30:00+12:00,0.842,KWH,,1,actual
,2026-07-06 05:30:00+12:00,2026-07-06 06:00:00+12:00,1.229,KWH,,1,actual
,2026-07-06 05:30:00+12:00,2026-07-06 06:00:00+12:00,0.001,KWH,,2,actual
,2026-07-06 06:00:00+12:00,2026-07-06 06:30:00+12:00,1.281,KWH,,1,actual
,2026-07-06 06:00:00+12:00,2026-07-06 06:30:00+12:00,0.001,KWH,,2,actual
,2026-07-06 06:30:00+12:00,2026-07-06 07:00:00+12:00,1.28,KWH,,1,actual
,2026-07-06 06:30:00+12:00,2026-07-06 07:00:00+12:00,0.001,KWH,,2,actual
,2026-07-06 07:00:00+12:00,2026-07-06 07:30:00+12:00,0.001,KWH,,2,actual
,2026-07-06 07:00:00+12:00,2026-07-06 07:30:00+12:00,1.221,KWH,,1,actual
,2026-07-06 07:30:00+12:00,2026-07-06 08:00:00+12:00,0.001,KWH,,2,actual
,2026-07-06 07:30:00+12:00,2026-07-06 08:00:00+12:00,1.218,KWH,,1,actual
,2026-07-06 08:00:00+12:00,2026-07-06 08:30:00+12:00,0.001,KWH,,2,actual
,2026-07-06 08:00:00+12:00,2026-07-06 08:30:00+12:00,1.173,KWH,,1,actual
,2026-07-06 08:30:00+12:00,2026-07-06 09:00:00+12:00,0.789,KWH,,1,actual
,2026-07-06 08:30:00+12:00,2026-07-06 09:00:00+12:00,0.419,KWH,,2,actual
,2026-07-06 09:00:00+12:00,2026-07-06 09:30:00+12:00,0.964,KWH,,1,actual
,2026-07-06 09:00:00+12:00,2026-07-06 09:30:00+12:00,0.087,KWH,,2,actual
,2026-07-06 09:30:00+12:00,2026-07-06 10:00:00+12:00,1.112,KWH,,1,actual
,2026-07-06 09:30:00+12:00,2026-07-06 10:00:00+12:00,0.544,KWH,,2,actual
,2026-07-06 10:00:00+12:00,2026-07-06 10:30:00+12:00,0.541,KWH,,2,actual
,2026-07-06 10:00:00+12:00,2026-07-06 10:30:00+12:00,0.739,KWH,,1,actual
,2026-07-06 10:30:00+12:00,2026-07-06 11:00:00+12:00,0.659,KWH,,1,actual
,2026-07-06 10:30:00+12:00,2026-07-06 11:00:00+12:00,0.541,KWH,,2,actual
,2026-07-06 11:00:00+12:00,2026-07-06 11:30:00+12:00,0.592,KWH,,2,actual
,2026-07-06 11:00:00+12:00,2026-07-06 11:30:00+12:00,0.655,KWH,,1,actual
,2026-07-06 11:30:00+12:00,2026-07-06 12:00:00+12:00,0.064,KWH,,2,actual
,2026-07-06 11:30:00+12:00,2026-07-06 12:00:00+12:00,0.486,KWH,,1,actual
,2026-07-06 12:00:00+12:00,2026-07-06 12:30:00+12:00,0.605,KWH,,1,actual
,2026-07-06 12:00:00+12:00,2026-07-06 12:30:00+12:00,0.001,KWH,,2,actual
,2026-07-06 12:30:00+12:00,2026-07-06 13:00:00+12:00,0.001,KWH,,2,actual
,2026-07-06 12:30:00+12:00,2026-07-06 13:00:00+12:00,0.363,KWH,,1,actual
,2026-07-06 13:00:00+12:00,2026-07-06 13:30:00+12:00,0.511,KWH,,1,actual
,2026-07-06 13:00:00+12:00,2026-07-06 13:30:00+12:00,0.001,KWH,,2,actual
,2026-07-06 13:30:00+12:00,2026-07-06 14:00:00+12:00,0.465,KWH,,1,actual
,2026-07-06 13:30:00+12:00,2026-07-06 14:00:00+12:00,0.001,KWH,,2,actual
,2026-07-06 14:00:00+12:00,2026-07-06 14:30:00+12:00,0.001,KWH,,2,actual
,2026-07-06 14:00:00+12:00,2026-07-06 14:30:00+12:00,0.238,KWH,,1,actual
,2026-07-06 14:30:00+12:00,2026-07-06 15:00:00+12:00,0.445,KWH,,1,actual
,2026-07-06 14:30:00+12:00,2026-07-06 15:00:00+12:00,0.001,KWH,,2,actual
,2026-07-06 15:00:00+12:00,2026-07-06 15:30:00+12:00,0.001,KWH,,2,actual
,2026-07-06 15:00:00+12:00,2026-07-06 15:30:00+12:00,1.066,KWH,,1,actual
,2026-07-06 15:30:00+12:00,2026-07-06 16:00:00+12:00,0.006,KWH,,2,actual
,2026-07-06 15:30:00+12:00,2026-07-06 16:00:00+12:00,0.783,KWH,,1,actual
,2026-07-06 16:00:00+12:00,2026-07-06 16:30:00+12:00,0.953,KWH,,1,actual
,2026-07-06 16:00:00+12:00,2026-07-06 16:30:00+12:00,0.366,KWH,,2,actual
,2026-07-06 16:30:00+12:00,2026-07-06 17:00:00+12:00,0.988,KWH,,1,actual
,2026-07-06 16:30:00+12:00,2026-07-06 17:00:00+12:00,0,KWH,,2,actual
,2026-07-06 17:00:00+12:00,2026-07-06 17:30:00+12:00,0.001,KWH,,2,actual
,2026-07-06 17:00:00+12:00,2026-07-06 17:30:00+12:00,1.068,KWH,,1,actual
,2026-07-06 17:30:00+12:00,2026-07-06 18:00:00+12:00,0.302,KWH,,1,actual
,2026-07-06 17:30:00+12:00,2026-07-06 18:00:00+12:00,0.001,KWH,,2,actual
,2026-07-06 18:00:00+12:00,2026-07-06 18:30:00+12:00,1.549,KWH,,1,actual
,2026-07-06 18:00:00+12:00,2026-07-06 18:30:00+12:00,0.001,KWH,,2,actual
,2026-07-06 18:30:00+12:00,2026-07-06 19:00:00+12:00,0.001,KWH,,2,actual
,2026-07-06 18:30:00+12:00,2026-07-06 19:00:00+12:00,1.11,KWH,,1,actual
,2026-07-06 19:00:00+12:00,2026-07-06 19:30:00+12:00,0.12,KWH,,2,actual
,2026-07-06 19:00:00+12:00,2026-07-06 19:30:00+12:00,0.586,KWH,,1,actual
,2026-07-06 19:30:00+12:00,2026-07-06 20:00:00+12:00,0.205,KWH,,2,actual
,2026-07-06 19:30:00+12:00,2026-07-06 20:00:00+12:00,0.337,KWH,,1,actual
,2026-07-06 20:00:00+12:00,2026-07-06 20:30:00+12:00,0.001,KWH,,2,actual
,2026-07-06 20:00:00+12:00,2026-07-06 20:30:00+12:00,0.288,KWH,,1,actual
,2026-07-06 20:30:00+12:00,2026-07-06 21:00:00+12:00,0.001,KWH,,2,actual
,2026-07-06 20:30:00+12:00,2026-07-06 21:00:00+12:00,0.4,KWH,,1,actual
,2026-07-06 21:00:00+12:00,2026-07-06 21:30:00+12:00,0.001,KWH,,2,actual
,2026-07-06 21:00:00+12:00,2026-07-06 21:30:00+12:00,0.342,KWH,,1,actual
,2026-07-06 21:30:00+12:00,2026-07-06 22:00:00+12:00,0.359,KWH,,1,actual
,2026-07-06 21:30:00+12:00,2026-07-06 22:00:00+12:00,0.001,KWH,,2,actual
,2026-07-06 22:00:00+12:00,2026-07-06 22:30:00+12:00,0.405,KWH,,1,actual
,2026-07-06 22:00:00+12:00,2026-07-06 22:30:00+12:00,0,KWH,,2,actual
,2026-07-06 22:30:00+12:00,2026-07-06 23:00:00+12:00,0.378,KWH,,1,actual
,2026-07-06 22:30:00+12:00,2026-07-06 23:00:00+12:00,0.001,KWH,,2,actual
,2026-07-06 23:00:00+12:00,2026-07-06 23:30:00+12:00,0.849,KWH,,1,actual
,2026-07-06 23:00:00+12:00,2026-07-06 23:30:00+12:00,0.331,KWH,,2,actual
,2026-07-06 23:30:00+12:00,2026-07-07 00:00:00+12:00,0.557,KWH,,2,actual
,2026-07-06 23:30:00+12:00,2026-07-07 00:00:00+12:00,0.384,KWH,,1,actual
,2026-07-07 00:00:00+12:00,2026-07-07 00:30:00+12:00,0.563,KWH,,2,actual
,2026-07-07 00:00:00+12:00,2026-07-07 00:30:00+12:00,0.295,KWH,,1,actual
,2026-07-07 00:30:00+12:00,2026-07-07 01:00:00+12:00,0.299,KWH,,1,actual
,2026-07-07 00:30:00+12:00,2026-07-07 01:00:00+12:00,0.205,KWH,,2,actual
,2026-07-07 01:00:00+12:00,2026-07-07 01:30:00+12:00,0.318,KWH,,1,actual
,2026-07-07 01:00:00+12:00,2026-07-07 01:30:00+12:00,0.001,KWH,,2,actual
,2026-07-07 01:30:00+12:00,2026-07-07 02:00:00+12:00,0.001,KWH,,2,actual
,2026-07-07 01:30:00+12:00,2026-07-07 02:00:00+12:00,0.277,KWH,,1,actual
,2026-07-07 02:00:00+12:00,2026-07-07 02:30:00+12:00,0.304,KWH,,1,actual
,2026-07-07 02:00:00+12:00,2026-07-07 02:30:00+12:00,0.001,KWH,,2,actual
,2026-07-07 02:30:00+12:00,2026-07-07 03:00:00+12:00,0.001,KWH,,2,actual
,2026-07-07 02:30:00+12:00,2026-07-07 03:00:00+12:00,0.316,KWH,,1,actual
,2026-07-07 03:00:00+12:00,2026-07-07 03:30:00+12:00,0.001,KWH,,2,actual
,2026-07-07 03:00:00+12:00,2026-07-07 03:30:00+12:00,0.31,KWH,,1,actual
,2026-07-07 03:30:00+12:00,2026-07-07 04:00:00+12:00,0.317,KWH,,1,actual
,2026-07-07 03:30:00+12:00,2026-07-07 04:00:00+12:00,0.001,KWH,,2,actual
,2026-07-07 04:00:00+12:00,2026-07-07 04:30:00+12:00,0.001,KWH,,2,actual
,2026-07-07 04:00:00+12:00,2026-07-07 04:30:00+12:00,0.308,KWH,,1,actual
,2026-07-07 04:30:00+12:00,2026-07-07 05:00:00+12:00,0.249,KWH,,1,actual
,2026-07-07 04:30:00+12:00,2026-07-07 05:00:00+12:00,0.001,KWH,,2,actual
,2026-07-07 05:00:00+12:00,2026-07-07 05:30:00+12:00,0.259,KWH,,1,actual
,2026-07-07 05:00:00+12:00,2026-07-07 05:30:00+12:00,0.001,KWH,,2,actual
,2026-07-07 05:30:00+12:00,2026-07-07 06:00:00+12:00,0,KWH,,2,actual
,2026-07-07 05:30:00+12:00,2026-07-07 06:00:00+12:00,0.667,KWH,,1,actual
,2026-07-07 06:00:00+12:00,2026-07-07 06:30:00+12:00,0.001,KWH,,2,actual
,2026-07-07 06:00:00+12:00,2026-07-07 06:30:00+12:00,0.591,KWH,,1,actual
,2026-07-07 06:30:00+12:00,2026-07-07 07:00:00+12:00,0.001,KWH,,2,actual
,2026-07-07 06:30:00+12:00,2026-07-07 07:00:00+12:00,0.647,KWH,,1,actual
,2026-07-07 07:00:00+12:00,2026-07-07 07:30:00+12:00,0.631,KWH,,1,actual
,2026-07-07 07:00:00+12:00,2026-07-07 07:30:00+12:00,0.001,KWH,,2,actual
,2026-07-07 07:30:00+12:00,2026-07-07 08:00:00+12:00,0.606,KWH,,1,actual
,2026-07-07 07:30:00+12:00,2026-07-07 08:00:00+12:00,0.001,KWH,,2,actual
,2026-07-07 08:00:00+12:00,2026-07-07 08:30:00+12:00,0.65,KWH,,1,actual
,2026-07-07 08:00:00+12:00,2026-07-07 08:30:00+12:00,0.001,KWH,,2,actual
,2026-07-07 08:30:00+12:00,2026-07-07 09:00:00+12:00,0.381,KWH,,2,actual
,2026-07-07 08:30:00+12:00,2026-07-07 09:00:00+12:00,0.508,KWH,,1,actual
,2026-07-07 09:00:00+12:00,2026-07-07 09:30:00+12:00,0.001,KWH,,2,actual
,2026-07-07 09:00:00+12:00,2026-07-07 09:30:00+12:00,0.503,KWH,,1,actual
,2026-07-07 09:30:00+12:00,2026-07-07 10:00:00+12:00,0.001,KWH,,2,actual
,2026-07-07 09:30:00+12:00,2026-07-07 10:00:00+12:00,0.675,KWH,,1,actual
,2026-07-07 10:00:00+12:00,2026-07-07 10:30:00+12:00,1.096,KWH,,1,actual
,2026-07-07 10:00:00+12:00,2026-07-07 10:30:00+12:00,0.266,KWH,,2,actual
,2026-07-07 10:30:00+12:00,2026-07-07 11:00:00+12:00,0.155,KWH,,2,actual
,2026-07-07 10:30:00+12:00,2026-07-07 11:00:00+12:00,0.618,KWH,,1,actual
,2026-07-07 11:00:00+12:00,2026-07-07 11:30:00+12:00,1.092,KWH,,1,actual
,2026-07-07 11:00:00+12:00,2026-07-07 11:30:00+12:00,0.001,KWH,,2,actual
,2026-07-07 11:30:00+12:00,2026-07-07 12:00:00+12:00,0.866,KWH,,1,actual
,2026-07-07 11:30:00+12:00,2026-07-07 12:00:00+12:00,0,KWH,,2,actual
,2026-07-07 12:00:00+12:00,2026-07-07 12:30:00+12:00,0.266,KWH,,2,actual
,2026-07-07 12:00:00+12:00,2026-07-07 12:30:00+12:00,0.534,KWH,,1,actual
,2026-07-07 12:30:00+12:00,2026-07-07 13:00:00+12:00,2.283,KWH,,1,actual
,2026-07-07 12:30:00+12:00,2026-07-07 13:00:00+12:00,0.001,KWH,,2,actual
,2026-07-07 13:00:00+12:00,2026-07-07 13:30:00+12:00,0.333,KWH,,2,actual
,2026-07-07 13:00:00+12:00,2026-07-07 13:30:00+12:00,1.338,KWH,,1,actual
,2026-07-07 13:30:00+12:00,2026-07-07 14:00:00+12:00,0.03,KWH,,2,actual
,2026-07-07 13:30:00+12:00,2026-07-07 14:00:00+12:00,1.151,KWH,,1,actual
,2026-07-07 14:00:00+12:00,2026-07-07 14:30:00+12:00,0.516,KWH,,1,actual
,2026-07-07 14:00:00+12:00,2026-07-07 14:30:00+12:00,0.001,KWH,,2,actual
,2026-07-07 14:30:00+12:00,2026-07-07 15:00:00+12:00,0,KWH,,2,actual
,2026-07-07 14:30:00+12:00,2026-07-07 15:00:00+12:00,0.427,KWH,,1,actual
,2026-07-07 15:00:00+12:00,2026-07-07 15:30:00+12:00,0.513,KWH,,1,actual
,2026-07-07 15:00:00+12:00,2026-07-07 15:30:00+12:00,0.001,KWH,,2,actual
,2026-07-07 15:30:00+12:00,2026-07-07 16:00:00+12:00,0.53,KWH,,1,actual
,2026-07-07 15:30:00+12:00,2026-07-07 16:00:00+12:00,0.001,KWH,,2,actual
,2026-07-07 16:00:00+12:00,2026-07-07 16:30:00+12:00,0.001,KWH,,2,actual
,2026-07-07 16:00:00+12:00,2026-07-07 16:30:00+12:00,0.523,KWH,,1,actual
,2026-07-07 16:30:00+12:00,2026-07-07 17:00:00+12:00,0.001,KWH,,2,actual
,2026-07-07 16:30:00+12:00,2026-07-07 17:00:00+12:00,0.546,KWH,,1,actual
,2026-07-07 17:00:00+12:00,2026-07-07 17:30:00+12:00,0.782,KWH,,1,actual
,2026-07-07 17:00:00+12:00,2026-07-07 17:30:00+12:00,0.001,KWH,,2,actual
,2026-07-07 17:30:00+12:00,2026-07-07 18:00:00+12:00,0.28,KWH,,2,actual
,2026-07-07 17:30:00+12:00,2026-07-07 18:00:00+12:00,2.788,KWH,,1,actual
,2026-07-07 18:00:00+12:00,2026-07-07 18:30:00+12:00,0.184,KWH,,2,actual
,2026-07-07 18:00:00+12:00,2026-07-07 18:30:00+12:00,1.79,KWH,,1,actual
,2026-07-07 18:30:00+12:00,2026-07-07 19:00:00+12:00,0.991,KWH,,1,actual
,2026-07-07 18:30:00+12:00,2026-07-07 19:00:00+12:00,0.001,KWH,,2,actual
,2026-07-07 19:00:00+12:00,2026-07-07 19:30:00+12:00,0.707,KWH,,1,actual
,2026-07-07 19:00:00+12:00,2026-07-07 19:30:00+12:00,0.437,KWH,,2,actual
,2026-07-07 19:30:00+12:00,2026-07-07 20:00:00+12:00,0.221,KWH,,1,actual
,2026-07-07 19:30:00+12:00,2026-07-07 20:00:00+12:00,0.068,KWH,,2,actual
,2026-07-07 20:00:00+12:00,2026-07-07 20:30:00+12:00,1.086,KWH,,1,actual
,2026-07-07 20:00:00+12:00,2026-07-07 20:30:00+12:00,0,KWH,,2,actual
,2026-07-07 20:30:00+12:00,2026-07-07 21:00:00+12:00,3.034,KWH,,1,actual
,2026-07-07 20:30:00+12:00,2026-07-07 21:00:00+12:00,0.001,KWH,,2,actual
,2026-07-07 21:00:00+12:00,2026-07-07 21:30:00+12:00,4.284,KWH,,1,actual
,2026-07-07 21:00:00+12:00,2026-07-07 21:30:00+12:00,0.524,KWH,,2,actual
,2026-07-07 21:30:00+12:00,2026-07-07 22:00:00+12:00,0.001,KWH,,2,actual
,2026-07-07 21:30:00+12:00,2026-07-07 22:00:00+12:00,3.547,KWH,,1,actual
,2026-07-07 22:00:00+12:00,2026-07-07 22:30:00+12:00,0,KWH,,2,actual
,2026-07-07 22:00:00+12:00,2026-07-07 22:30:00+12:00,3.5,KWH,,1,actual
,2026-07-07 22:30:00+12:00,2026-07-07 23:00:00+12:00,0.428,KWH,,2,actual
,2026-07-07 22:30:00+12:00,2026-07-07 23:00:00+12:00,2.881,KWH,,1,actual
,2026-07-07 23:00:00+12:00,2026-07-07 23:30:00+12:00,0.001,KWH,,2,actual
,2026-07-07 23:00:00+12:00,2026-07-07 23:30:00+12:00,4.087,KWH,,1,actual
,2026-07-07 23:30:00+12:00,2026-07-08 00:00:00+12:00,3.705,KWH,,1,actual
,2026-07-07 23:30:00+12:00,2026-07-08 00:00:00+12:00,0,KWH,,2,actual
,2026-07-08 00:00:00+12:00,2026-07-08 00:30:00+12:00,3.698,KWH,,1,actual
,2026-07-08 00:00:00+12:00,2026-07-08 00:30:00+12:00,0.001,KWH,,2,actual
,2026-07-08 00:30:00+12:00,2026-07-08 01:00:00+12:00,0,KWH,,2,actual
,2026-07-08 00:30:00+12:00,2026-07-08 01:00:00+12:00,2.318,KWH,,1,actual
,2026-07-08 01:00:00+12:00,2026-07-08 01:30:00+12:00,0.001,KWH,,2,actual
,2026-07-08 01:00:00+12:00,2026-07-08 01:30:00+12:00,2.312,KWH,,1,actual
,2026-07-08 01:30:00+12:00,2026-07-08 02:00:00+12:00,2.206,KWH,,1,actual
,2026-07-08 01:30:00+12:00,2026-07-08 02:00:00+12:00,0,KWH,,2,actual
,2026-07-08 02:00:00+12:00,2026-07-08 02:30:00+12:00,0.001,KWH,,2,actual
,2026-07-08 02:00:00+12:00,2026-07-08 02:30:00+12:00,2.224,KWH,,1,actual
,2026-07-08 02:30:00+12:00,2026-07-08 03:00:00+12:00,2.187,KWH,,1,actual
,2026-07-08 02:30:00+12:00,2026-07-08 03:00:00+12:00,0,KWH,,2,actual
,2026-07-08 03:00:00+12:00,2026-07-08 03:30:00+12:00,2.22,KWH,,1,actual
,2026-07-08 03:00:00+12:00,2026-07-08 03:30:00+12:00,0,KWH,,2,actual
,2026-07-08 03:30:00+12:00,2026-07-08 04:00:00+12:00,0.377,KWH,,2,actual
,2026-07-08 03:30:00+12:00,2026-07-08 04:00:00+12:00,2.225,KWH,,1,actual
,2026-07-08 04:00:00+12:00,2026-07-08 04:30:00+12:00,2.141,KWH,,1,actual
,2026-07-08 04:00:00+12:00,2026-07-08 04:30:00+12:00,0,KWH,,2,actual
,2026-07-08 04:30:00+12:00,2026-07-08 05:00:00+12:00,0.001,KWH,,2,actual
,2026-07-08 04:30:00+12:00,2026-07-08 05:00:00+12:00,2.226,KWH,,1,actual
,2026-07-08 05:00:00+12:00,2026-07-08 05:30:00+12:00,0,KWH,,2,actual
,2026-07-08 05:00:00+12:00,2026-07-08 05:30:00+12:00,2.258,KWH,,1,actual
,2026-07-08 05:30:00+12:00,2026-07-08 06:00:00+12:00,2.592,KWH,,1,actual
,2026-07-08 05:30:00+12:00,2026-07-08 06:00:00+12:00,0.001,KWH,,2,actual
,2026-07-08 06:00:00+12:00,2026-07-08 06:30:00+12:00,1.724,KWH,,1,actual
,2026-07-08 06:00:00+12:00,2026-07-08 06:30:00+12:00,0.001,KWH,,2,actual
,2026-07-08 06:30:00+12:00,2026-07-08 07:00:00+12:00,1.105,KWH,,1,actual
,2026-07-08 06:30:00+12:00,2026-07-08 07:00:00+12:00,0,KWH,,2,actual
,2026-07-08 07:00:00+12:00,2026-07-08 07:30:00+12:00,0.001,KWH,,2,actual
,2026-07-08 07:00:00+12:00,2026-07-08 07:30:00+12:00,0.838,KWH,,1,actual
,2026-07-08 07:30:00+12:00,2026-07-08 08:00:00+12:00,0.001,KWH,,2,actual
,2026-07-08 07:30:00+12:00,2026-07-08 08:00:00+12:00,0.724,KWH,,1,actual
,2026-07-08 08:00:00+12:00,2026-07-08 08:30:00+12:00,0.001,KWH,,2,actual
,2026-07-08 08:00:00+12:00,2026-07-08 08:30:00+12:00,0.83,KWH,,1,actual
,2026-07-08 08:30:00+12:00,2026-07-08 09:00:00+12:00,0.471,KWH,,1,actual
,2026-07-08 08:30:00+12:00,2026-07-08 09:00:00+12:00,0.001,KWH,,2,actual
,2026-07-08 09:00:00+12:00,2026-07-08 09:30:00+12:00,0.444,KWH,,1,actual
,2026-07-08 09:00:00+12:00,2026-07-08 09:30:00+12:00,0.001,KWH,,2,actual
,2026-07-08 09:30:00+12:00,2026-07-08 10:00:00+12:00,0.447,KWH,,1,actual
,2026-07-08 09:30:00+12:00,2026-07-08 10:00:00+12:00,0.181,KWH,,2,actual
,2026-07-08 10:00:00+12:00,2026-07-08 10:30:00+12:00,0.231,KWH,,2,actual
,2026-07-08 10:00:00+12:00,2026-07-08 10:30:00+12:00,0.559,KWH,,1,actual
,2026-07-08 10:30:00+12:00,2026-07-08 11:00:00+12:00,0.606,KWH,,1,actual
,2026-07-08 10:30:00+12:00,2026-07-08 11:00:00+12:00,0.001,KWH,,2,actual
,2026-07-08 11:00:00+12:00,2026-07-08 11:30:00+12:00,0.001,KWH,,2,actual
,2026-07-08 11:00:00+12:00,2026-07-08 11:30:00+12:00,0.465,KWH,,1,actual
,2026-07-08 11:30:00+12:00,2026-07-08 12:00:00+12:00,0.14,KWH,,2,actual
,2026-07-08 11:30:00+12:00,2026-07-08 12:00:00+12:00,0.427,KWH,,1,actual
,2026-07-08 12:00:00+12:00,2026-07-08 12:30:00+12:00,0.237,KWH,,1,actual
,2026-07-08 12:00:00+12:00,2026-07-08 12:30:00+12:00,0.558,KWH,,2,actual
,2026-07-08 12:30:00+12:00,2026-07-08 13:00:00+12:00,0.554,KWH,,2,actual
,2026-07-08 12:30:00+12:00,2026-07-08 13:00:00+12:00,0.14,KWH,,1,actual
,2026-07-08 13:00:00+12:00,2026-07-08 13:30:00+12:00,0.12,KWH,,1,actual
,2026-07-08 13:00:00+12:00,2026-07-08 13:30:00+12:00,0.579,KWH,,2,actual
,2026-07-08 13:30:00+12:00,2026-07-08 14:00:00+12:00,0.092,KWH,,1,actual
,2026-07-08 13:30:00+12:00,2026-07-08 14:00:00+12:00,0.173,KWH,,2,actual
,2026-07-08 14:00:00+12:00,2026-07-08 14:30:00+12:00,0.001,KWH,,2,actual
,2026-07-08 14:00:00+12:00,2026-07-08 14:30:00+12:00,0.109,KWH,,1,actual
,2026-07-08 14:30:00+12:00,2026-07-08 15:00:00+12:00,0.215,KWH,,1,actual
,2026-07-08 14:30:00+12:00,2026-07-08 15:00:00+12:00,0.001,KWH,,2,actual
,2026-07-08 15:00:00+12:00,2026-07-08 15:30:00+12:00,0.001,KWH,,2,actual
,2026-07-08 15:00:00+12:00,2026-07-08 15:30:00+12:00,0.239,KWH,,1,actual
,2026-07-08 15:30:00+12:00,2026-07-08 16:00:00+12:00,0.433,KWH,,2,actual
,2026-07-08 15:30:00+12:00,2026-07-08 16:00:00+12:00,0.466,KWH,,1,actual
,2026-07-08 16:00:00+12:00,2026-07-08 16:30:00+12:00,0.259,KWH,,1,actual
,2026-07-08 16:00:00+12:00,2026-07-08 16:30:00+12:00,0.072,KWH,,2,actual
,2026-07-08 16:30:00+12:00,2026-07-08 17:00:00+12:00,0.258,KWH,,1,actual
,2026-07-08 16:30:00+12:00,2026-07-08 17:00:00+12:00,0.488,KWH,,2,actual
,2026-07-08 17:00:00+12:00,2026-07-08 17:30:00+12:00,0,KWH,,2,actual
,2026-07-08 17:00:00+12:00,2026-07-08 17:30:00+12:00,0.199,KWH,,1,actual
,2026-07-08 17:30:00+12:00,2026-07-08 18:00:00+12:00,0.235,KWH,,1,actual
,2026-07-08 17:30:00+12:00,2026-07-08 18:00:00+12:00,0.001,KWH,,2,actual
,2026-07-08 18:00:00+12:00,2026-07-08 18:30:00+12:00,1.287,KWH,,1,actual
,2026-07-08 18:00:00+12:00,2026-07-08 18:30:00+12:00,0.001,KWH,,2,actual
,2026-07-08 18:30:00+12:00,2026-07-08 19:00:00+12:00,0.001,KWH,,2,actual
,2026-07-08 18:30:00+12:00,2026-07-08 19:00:00+12:00,1.038,KWH,,1,actual
,2026-07-08 19:00:00+12:00,2026-07-08 19:30:00+12:00,0.001,KWH,,2,actual
,2026-07-08 19:00:00+12:00,2026-07-08 19:30:00+12:00,0.973,KWH,,1,actual
,2026-07-08 19:30:00+12:00,2026-07-08 20:00:00+12:00,0.001,KWH,,2,actual
,2026-07-08 19:30:00+12:00,2026-07-08 20:00:00+12:00,1.108,KWH,,1,actual
,2026-07-08 20:00:00+12:00,2026-07-08 20:30:00+12:00,0.001,KWH,,2,actual
,2026-07-08 20:00:00+12:00,2026-07-08 20:30:00+12:00,1.349,KWH,,1,actual
,2026-07-08 20:30:00+12:00,2026-07-08 21:00:00+12:00,0,KWH,,2,actual
,2026-07-08 20:30:00+12:00,2026-07-08 21:00:00+12:00,1.335,KWH,,1,actual
,2026-07-08 21:00:00+12:00,2026-07-08 21:30:00+12:00,0.001,KWH,,2,actual
,2026-07-08 21:00:00+12:00,2026-07-08 21:30:00+12:00,1.704,KWH,,1,actual
,2026-07-08 21:30:00+12:00,2026-07-08 22:00:00+12:00,1.624,KWH,,1,actual
,2026-07-08 21:30:00+12:00,2026-07-08 22:00:00+12:00,0.114,KWH,,2,actual
,2026-07-08 22:00:00+12:00,2026-07-08 22:30:00+12:00,1.612,KWH,,1,actual
,2026-07-08 22:00:00+12:00,2026-07-08 22:30:00+12:00,0.45,KWH,,2,actual
,2026-07-08 22:30:00+12:00,2026-07-08 23:00:00+12:00,1.523,KWH,,1,actual
,2026-07-08 22:30:00+12:00,2026-07-08 23:00:00+12:00,0.046,KWH,,2,actual
,2026-07-08 23:00:00+12:00,2026-07-08 23:30:00+12:00,1.535,KWH,,1,actual
,2026-07-08 23:00:00+12:00,2026-07-08 23:30:00+12:00,0.309,KWH,,2,actual
,2026-07-08 23:30:00+12:00,2026-07-09 00:00:00+12:00,0.001,KWH,,2,actual
,2026-07-08 23:30:00+12:00,2026-07-09 00:00:00+12:00,1.452,KWH,,1,actual
,2026-07-09 00:00:00+12:00,2026-07-09 00:30:00+12:00,0.001,KWH,,2,actual
,2026-07-09 00:00:00+12:00,2026-07-09 00:30:00+12:00,1.135,KWH,,1,actual
,2026-07-09 00:30:00+12:00,2026-07-09 01:00:00+12:00,1.132,KWH,,1,actual
,2026-07-09 00:30:00+12:00,2026-07-09 01:00:00+12:00,0,KWH,,2,actual
,2026-07-09 01:00:00+12:00,2026-07-09 01:30:00+12:00,1.143,KWH,,1,actual
,2026-07-09 01:00:00+12:00,2026-07-09 01:30:00+12:00,0.001,KWH,,2,actual
,2026-07-09 01:30:00+12:00,2026-07-09 02:00:00+12:00,0.001,KWH,,2,actual
,2026-07-09 01:30:00+12:00,2026-07-09 02:00:00+12:00,1.064,KWH,,1,actual
,2026-07-09 02:00:00+12:00,2026-07-09 02:30:00+12:00,1.094,KWH,,1,actual
,2026-07-09 02:00:00+12:00,2026-07-09 02:30:00+12:00,0.001,KWH,,2,actual
,2026-07-09 02:30:00+12:00,2026-07-09 03:00:00+12:00,0.001,KWH,,2,actual
,2026-07-09 02:30:00+12:00,2026-07-09 03:00:00+12:00,1.151,KWH,,1,actual
,2026-07-09 03:00:00+12:00,2026-07-09 03:30:00+12:00,0.001,KWH,,2,actual
,2026-07-09 03:00:00+12:00,2026-07-09 03:30:00+12:00,1.12,KWH,,1,actual
,2026-07-09 03:30:00+12:00,2026-07-09 04:00:00+12:00,1.259,KWH,,1,actual
,2026-07-09 03:30:00+12:00,2026-07-09 04:00:00+12:00,0.001,KWH,,2,actual
,2026-07-09 04:00:00+12:00,2026-07-09 04:30:00+12:00,0.001,KWH,,2,actual
,2026-07-09 04:00:00+12:00,2026-07-09 04:30:00+12:00,1.436,KWH,,1,actual
,2026-07-09 04:30:00+12:00,2026-07-09 05:00:00+12:00,1.354,KWH,,1,actual
,2026-07-09 04:30:00+12:00,2026-07-09 05:00:00+12:00,0.001,KWH,,2,actual
,2026-07-09 05:00:00+12:00,2026-07-09 05:30:00+12:00,1.35,KWH,,1,actual
,2026-07-09 05:00:00+12:00,2026-07-09 05:30:00+12:00,0.001,KWH,,2,actual
,2026-07-09 05:30:00+12:00,2026-07-09 06:00:00+12:00,0.001,KWH,,2,actual
,2026-07-09 05:30:00+12:00,2026-07-09 06:00:00+12:00,1.735,KWH,,1,actual
,2026-07-09 06:00:00+12:00,2026-07-09 06:30:00+12:00,0.001,KWH,,2,actual
,2026-07-09 06:00:00+12:00,2026-07-09 06:30:00+12:00,1.698,KWH,,1,actual
,2026-07-09 06:30:00+12:00,2026-07-09 07:00:00+12:00,0,KWH,,2,actual
,2026-07-09 06:30:00+12:00,2026-07-09 07:00:00+12:00,1.68,KWH,,1,actual
,2026-07-09 07:00:00+12:00,2026-07-09 07:30:00+12:00,1.615,KWH,,1,actual
,2026-07-09 07:00:00+12:00,2026-07-09 07:30:00+12:00,0.156,KWH,,2,actual
,2026-07-09 07:30:00+12:00,2026-07-09 08:00:00+12:00,1.579,KWH,,1,actual
,2026-07-09 07:30:00+12:00,2026-07-09 08:00:00+12:00,0.233,KWH,,2,actual
,2026-07-09 08:00:00+12:00,2026-07-09 08:30:00+12:00,1.546,KWH,,1,actual
,2026-07-09 08:00:00+12:00,2026-07-09 08:30:00+12:00,0.001,KWH,,2,actual
,2026-07-09 08:30:00+12:00,2026-07-09 09:00:00+12:00,0.001,KWH,,2,actual
,2026-07-09 08:30:00+12:00,2026-07-09 09:00:00+12:00,0.582,KWH,,1,actual
,2026-07-09 09:00:00+12:00,2026-07-09 09:30:00+12:00,0.001,KWH,,2,actual
,2026-07-09 09:00:00+12:00,2026-07-09 09:30:00+12:00,0.595,KWH,,1,actual
,2026-07-09 09:30:00+12:00,2026-07-09 10:00:00+12:00,0.001,KWH,,2,actual
,2026-07-09 09:30:00+12:00,2026-07-09 10:00:00+12:00,1.224,KWH,,1,actual
,2026-07-09 10:00:00+12:00,2026-07-09 10:30:00+12:00,1.377,KWH,,1,actual
,2026-07-09 10:00:00+12:00,2026-07-09 10:30:00+12:00,0.421,KWH,,2,actual
,2026-07-09 10:30:00+12:00,2026-07-09 11:00:00+12:00,0.55,KWH,,2,actual
,2026-07-09 10:30:00+12:00,2026-07-09 11:00:00+12:00,1.713,KWH,,1,actual
,2026-07-09 11:00:00+12:00,2026-07-09 11:30:00+12:00,1.203,KWH,,1,actual
,2026-07-09 11:00:00+12:00,2026-07-09 11:30:00+12:00,0.55,KWH,,2,actual
,2026-07-09 11:30:00+12:00,2026-07-09 12:00:00+12:00,0.702,KWH,,1,actual
,2026-07-09 11:30:00+12:00,2026-07-09 12:00:00+12:00,0.551,KWH,,2,actual
,2026-07-09 12:00:00+12:00,2026-07-09 12:30:00+12:00,0.549,KWH,,2,actual
,2026-07-09 12:00:00+12:00,2026-07-09 12:30:00+12:00,0.465,KWH,,1,actual
,2026-07-09 12:30:00+12:00,2026-07-09 13:00:00+12:00,0.4,KWH,,1,actual
,2026-07-09 12:30:00+12:00,2026-07-09 13:00:00+12:00,0.567,KWH,,2,actual
,2026-07-09 13:00:00+12:00,2026-07-09 13:30:00+12:00,0.375,KWH,,2,actual
,2026-07-09 13:00:00+12:00,2026-07-09 13:30:00+12:00,0.362,KWH,,1,actual
,2026-07-09 13:30:00+12:00,2026-07-09 14:00:00+12:00,0.001,KWH,,2,actual
,2026-07-09 13:30:00+12:00,2026-07-09 14:00:00+12:00,0.408,KWH,,1,actual
,2026-07-09 14:00:00+12:00,2026-07-09 14:30:00+12:00,0.401,KWH,,1,actual
,2026-07-09 14:00:00+12:00,2026-07-09 14:30:00+12:00,0.002,KWH,,2,actual
,2026-07-09 14:30:00+12:00,2026-07-09 15:00:00+12:00,0.418,KWH,,2,actual
,2026-07-09 14:30:00+12:00,2026-07-09 15:00:00+12:00,0.858,KWH,,1,actual
,2026-07-09 15:00:00+12:00,2026-07-09 15:30:00+12:00,0.34,KWH,,1,actual
,2026-07-09 15:00:00+12:00,2026-07-09 15:30:00+12:00,0.08,KWH,,2,actual
,2026-07-09 15:30:00+12:00,2026-07-09 16:00:00+12:00,1.259,KWH,,1,actual
,2026-07-09 15:30:00+12:00,2026-07-09 16:00:00+12:00,0.28,KWH,,2,actual
,2026-07-09 16:00:00+12:00,2026-07-09 16:30:00+12:00,0.001,KWH,,2,actual
,2026-07-09 16:00:00+12:00,2026-07-09 16:30:00+12:00,0.362,KWH,,1,actual
,2026-07-09 16:30:00+12:00,2026-07-09 17:00:00+12:00,0.001,KWH,,2,actual
,2026-07-09 16:30:00+12:00,2026-07-09 17:00:00+12:00,1.233,KWH,,1,actual
,2026-07-09 17:00:00+12:00,2026-07-09 17:30:00+12:00,1.048,KWH,,1,actual
,2026-07-09 17:00:00+12:00,2026-07-09 17:30:00+12:00,0.001,KWH,,2,actual
,2026-07-09 17:30:00+12:00,2026-07-09 18:00:00+12:00,0.012,KWH,,2,actual
,2026-07-09 17:30:00+12:00,2026-07-09 18:00:00+12:00,1.071,KWH,,1,actual
,2026-07-09 18:00:00+12:00,2026-07-09 18:30:00+12:00,0.299,KWH,,2,actual
,2026-07-09 18:00:00+12:00,2026-07-09 18:30:00+12:00,1.308,KWH,,1,actual
,2026-07-09 18:30:00+12:00,2026-07-09 19:00:00+12:00,0.87,KWH,,1,actual
,2026-07-09 18:30:00+12:00,2026-07-09 19:00:00+12:00,0.001,KWH,,2,actual
,2026-07-09 19:00:00+12:00,2026-07-09 19:30:00+12:00,0.762,KWH,,1,actual
,2026-07-09 19:00:00+12:00,2026-07-09 19:30:00+12:00,0.001,KWH,,2,actual
,2026-07-09 19:30:00+12:00,2026-07-09 20:00:00+12:00,0.768,KWH,,1,actual
,2026-07-09 19:30:00+12:00,2026-07-09 20:00:00+12:00,0.318,KWH,,2,actual
,2026-07-09 20:00:00+12:00,2026-07-09 20:30:00+12:00,0.804,KWH,,1,actual
,2026-07-09 20:00:00+12:00,2026-07-09 20:30:00+12:00,0.001,KWH,,2,actual
,2026-07-09 20:30:00+12:00,2026-07-09 21:00:00+12:00,0.815,KWH,,1,actual
,2026-07-09 20:30:00+12:00,2026-07-09 21:00:00+12:00,0.001,KWH,,2,actual
,2026-07-09 21:00:00+12:00,2026-07-09 21:30:00+12:00,0.844,KWH,,1,actual
,2026-07-09 21:00:00+12:00,2026-07-09 21:30:00+12:00,0.196,KWH,,2,actual
,2026-07-09 21:30:00+12:00,2026-07-09 22:00:00+12:00,0.628,KWH,,2,actual
,2026-07-09 21:30:00+12:00,2026-07-09 22:00:00+12:00,0.85,KWH,,1,actual
,2026-07-09 22:00:00+12:00,2026-07-09 22:30:00+12:00,0.024,KWH,,2,actual
,2026-07-09 22:00:00+12:00,2026-07-09 22:30:00+12:00,0.841,KWH,,1,actual
,2026-07-09 22:30:00+12:00,2026-07-09 23:00:00+12:00,0.405,KWH,,2,actual
,2026-07-09 22:30:00+12:00,2026-07-09 23:00:00+12:00,0.996,KWH,,1,actual
,2026-07-09 23:00:00+12:00,2026-07-09 23:30:00+12:00,0.548,KWH,,2,actual
,2026-07-09 23:00:00+12:00,2026-07-09 23:30:00+12:00,2.724,KWH,,1,actual
,2026-07-09 23:30:00+12:00,2026-07-10 00:00:00+12:00,2.711,KWH,,1,actual
,2026-07-09 23:30:00+12:00,2026-07-10 00:00:00+12:00,0.352,KWH,,2,actual
,2026-07-10 00:00:00+12:00,2026-07-10 00:30:00+12:00,2.114,KWH,,1,actual
,2026-07-10 00:00:00+12:00,2026-07-10 00:30:00+12:00,0.001,KWH,,2,actual
,2026-07-10 00:30:00+12:00,2026-07-10 01:00:00+12:00,0.001,KWH,,2,actual
,2026-07-10 00:30:00+12:00,2026-07-10 01:00:00+12:00,0.831,KWH,,1,actual
,2026-07-10 01:00:00+12:00,2026-07-10 01:30:00+12:00,0.001,KWH,,2,actual
,2026-07-10 01:00:00+12:00,2026-07-10 01:30:00+12:00,0.854,KWH,,1,actual
,2026-07-10 01:30:00+12:00,2026-07-10 02:00:00+12:00,0.825,KWH,,1,actual
,2026-07-10 01:30:00+12:00,2026-07-10 02:00:00+12:00,0.001,KWH,,2,actual
,2026-07-10 02:00:00+12:00,2026-07-10 02:30:00+12:00,0.001,KWH,,2,actual
,2026-07-10 02:00:00+12:00,2026-07-10 02:30:00+12:00,0.888,KWH,,1,actual
,2026-07-10 02:30:00+12:00,2026-07-10 03:00:00+12:00,0.866,KWH,,1,actual
,2026-07-10 02:30:00+12:00,2026-07-10 03:00:00+12:00,0.001,KWH,,2,actual
,2026-07-10 03:00:00+12:00,2026-07-10 03:30:00+12:00,0.891,KWH,,1,actual
,2026-07-10 03:00:00+12:00,2026-07-10 03:30:00+12:00,0.001,KWH,,2,actual
,2026-07-10 03:30:00+12:00,2026-07-10 04:00:00+12:00,0.001,KWH,,2,actual
,2026-07-10 03:30:00+12:00,2026-07-10 04:00:00+12:00,0.89,KWH,,1,actual
,2026-07-10 04:00:00+12:00,2026-07-10 04:30:00+12:00,0.934,KWH,,1,actual
,2026-07-10 04:00:00+12:00,2026-07-10 04:30:00+12:00,0.337,KWH,,2,actual
,2026-07-10 04:30:00+12:00,2026-07-10 05:00:00+12:00,0.001,KWH,,2,actual
,2026-07-10 04:30:00+12:00,2026-07-10 05:00:00+12:00,0.944,KWH,,1,actual
,2026-07-10 05:00:00+12:00,2026-07-10 05:30:00+12:00,0.001,KWH,,2,actual
,2026-07-10 05:00:00+12:00,2026-07-10 05:30:00+12:00,0.993,KWH,,1,actual
,2026-07-10 05:30:00+12:00,2026-07-10 06:00:00+12:00,1.433,KWH,,1,actual
,2026-07-10 05:30:00+12:00,2026-07-10 06:00:00+12:00,0,KWH,,2,actual
,2026-07-10 06:00:00+12:00,2026-07-10 06:30:00+12:00,1.493,KWH,,1,actual
,2026-07-10 06:00:00+12:00,2026-07-10 06:30:00+12:00,0.001,KWH,,2,actual
,2026-07-10 06:30:00+12:00,2026-07-10 07:00:00+12:00,1.441,KWH,,1,actual
,2026-07-10 06:30:00+12:00,2026-07-10 07:00:00+12:00,0.001,KWH,,2,actual
,2026-07-10 07:00:00+12:00,2026-07-10 07:30:00+12:00,0.001,KWH,,2,actual
,2026-07-10 07:00:00+12:00,2026-07-10 07:30:00+12:00,1.35,KWH,,1,actual
,2026-07-10 07:30:00+12:00,2026-07-10 08:00:00+12:00,0.001,KWH,,2,actual
,2026-07-10 07:30:00+12:00,2026-07-10 08:00:00+12:00,1.326,KWH,,1,actual
,2026-07-10 08:00:00+12:00,2026-07-10 08:30:00+12:00,0.001,KWH,,2,actual
,2026-07-10 08:00:00+12:00,2026-07-10 08:30:00+12:00,1.349,KWH,,1,actual
,2026-07-10 08:30:00+12:00,2026-07-10 09:00:00+12:00,0.57,KWH,,1,actual
,2026-07-10 08:30:00+12:00,2026-07-10 09:00:00+12:00,0.001,KWH,,2,actual
,2026-07-10 09:00:00+12:00,2026-07-10 09:30:00+12:00,1.111,KWH,,1,actual
,2026-07-10 09:00:00+12:00,2026-07-10 09:30:00+12:00,0.18,KWH,,2,actual
,2026-07-10 09:30:00+12:00,2026-07-10 10:00:00+12:00,0.459,KWH,,1,actual
,2026-07-10 09:30:00+12:00,2026-07-10 10:00:00+12:00,0.375,KWH,,2,actual
,2026-07-10 10:00:00+12:00,2026-07-10 10:30:00+12:00,0.001,KWH,,2,actual
,2026-07-10 10:00:00+12:00,2026-07-10 10:30:00+12:00,0.393,KWH,,1,actual
,2026-07-10 10:30:00+12:00,2026-07-10 11:00:00+12:00,0.33,KWH,,1,actual
,2026-07-10 10:30:00+12:00,2026-07-10 11:00:00+12:00,0.001,KWH,,2,actual
,2026-07-10 11:00:00+12:00,2026-07-10 11:30:00+12:00,0.219,KWH,,2,actual
,2026-07-10 11:00:00+12:00,2026-07-10 11:30:00+12:00,0.695,KWH,,1,actual
,2026-07-10 11:30:00+12:00,2026-07-10 12:00:00+12:00,0.132,KWH,,2,actual
,2026-07-10 11:30:00+12:00,2026-07-10 12:00:00+12:00,1.454,KWH,,1,actual
,2026-07-10 12:00:00+12:00,2026-07-10 12:30:00+12:00,0.672,KWH,,1,actual
,2026-07-10 12:00:00+12:00,2026-07-10 12:30:00+12:00,0.001,KWH,,2,actual
,2026-07-10 12:30:00+12:00,2026-07-10 13:00:00+12:00,0.001,KWH,,2,actual
,2026-07-10 12:30:00+12:00,2026-07-10 13:00:00+12:00,0.401,KWH,,1,actual
,2026-07-10 13:00:00+12:00,2026-07-10 13:30:00+12:00,0.268,KWH,,1,actual
,2026-07-10 13:00:00+12:00,2026-07-10 13:30:00+12:00,0.486,KWH,,2,actual
,2026-07-10 13:30:00+12:00,2026-07-10 14:00:00+12:00,1.524,KWH,,1,actual
,2026-07-10 13:30:00+12:00,2026-07-10 14:00:00+12:00,0.001,KWH,,2,actual
,2026-07-10 14:00:00+12:00,2026-07-10 14:30:00+12:00,0.001,KWH,,2,actual
,2026-07-10 14:00:00+12:00,2026-07-10 14:30:00+12:00,0.817,KWH,,1,actual
,2026-07-10 14:30:00+12:00,2026-07-10 15:00:00+12:00,0.273,KWH,,1,actual
,2026-07-10 14:30:00+12:00,2026-07-10 15:00:00+12:00,0.001,KWH,,2,actual
,2026-07-10 15:00:00+12:00,2026-07-10 15:30:00+12:00,0.001,KWH,,2,actual
,2026-07-10 15:00:00+12:00,2026-07-10 15:30:00+12:00,0.212,KWH,,1,actual
,2026-07-10 15:30:00+12:00,2026-07-10 16:00:00+12:00,0.001,KWH,,2,actual
,2026-07-10 15:30:00+12:00,2026-07-10 16:00:00+12:00,0.579,KWH,,1,actual
,2026-07-10 16:00:00+12:00,2026-07-10 16:30:00+12:00,1.037,KWH,,1,actual
,2026-07-10 16:00:00+12:00,2026-07-10 16:30:00+12:00,0.001,KWH,,2,actual
,2026-07-10 16:30:00+12:00,2026-07-10 17:00:00+12:00,3.102,KWH,,1,actual
,2026-07-10 16:30:00+12:00,2026-07-10 17:00:00+12:00,0.458,KWH,,2,actual
,2026-07-10 17:00:00+12:00,2026-07-10 17:30:00+12:00,0.029,KWH,,2,actual
,2026-07-10 17:00:00+12:00,2026-07-10 17:30:00+12:00,1.919,KWH,,1,actual
,2026-07-10 17:30:00+12:00,2026-07-10 18:00:00+12:00,1.182,KWH,,1,actual
,2026-07-10 17:30:00+12:00,2026-07-10 18:00:00+12:00,0,KWH,,2,actual
,2026-07-10 18:00:00+12:00,2026-07-10 18:30:00+12:00,1.32,KWH,,1,actual
,2026-07-10 18:00:00+12:00,2026-07-10 18:30:00+12:00,0.395,KWH,,2,actual
,2026-07-10 18:30:00+12:00,2026-07-10 19:00:00+12:00,0.001,KWH,,2,actual
,2026-07-10 18:30:00+12:00,2026-07-10 19:00:00+12:00,0.964,KWH,,1,actual
,2026-07-10 19:00:00+12:00,2026-07-10 19:30:00+12:00,0,KWH,,2,actual
,2026-07-10 19:00:00+12:00,2026-07-10 19:30:00+12:00,1.545,KWH,,1,actual
,2026-07-10 19:30:00+12:00,2026-07-10 20:00:00+12:00,0.001,KWH,,2,actual
,2026-07-10 19:30:00+12:00,2026-07-10 20:00:00+12:00,0.987,KWH,,1,actual
,2026-07-10 20:00:00+12:00,2026-07-10 20:30:00+12:00,0.001,KWH,,2,actual
,2026-07-10 20:00:00+12:00,2026-07-10 20:30:00+12:00,0.644,KWH,,1,actual
,2026-07-10 20:30:00+12:00,2026-07-10 21:00:00+12:00,0.001,KWH,,2,actual
,2026-07-10 20:30:00+12:00,2026-07-10 21:00:00+12:00,1.755,KWH,,1,actual
,2026-07-10 21:00:00+12:00,2026-07-10 21:30:00+12:00,0.178,KWH,,2,actual
,2026-07-10 21:00:00+12:00,2026-07-10 21:30:00+12:00,1.913,KWH,,1,actual
,2026-07-10 21:30:00+12:00,2026-07-10 22:00:00+12:00,1.734,KWH,,1,actual
,2026-07-10 21:30:00+12:00,2026-07-10 22:00:00+12:00,0.236,KWH,,2,actual
,2026-07-10 22:00:00+12:00,2026-07-10 22:30:00+12:00,0.701,KWH,,1,actual
,2026-07-10 22:00:00+12:00,2026-07-10 22:30:00+12:00,0.001,KWH,,2,actual
,2026-07-10 22:30:00+12:00,2026-07-10 23:00:00+12:00,0.547,KWH,,1,actual
,2026-07-10 22:30:00+12:00,2026-07-10 23:00:00+12:00,0.001,KWH,,2,actual
,2026-07-10 23:00:00+12:00,2026-07-10 23:30:00+12:00,0.558,KWH,,1,actual
,2026-07-10 23:00:00+12:00,2026-07-10 23:30:00+12:00,0.001,KWH,,2,actual
,2026-07-10 23:30:00+12:00,2026-07-11 00:00:00+12:00,0.001,KWH,,2,actual
,2026-07-10 23:30:00+12:00,2026-07-11 00:00:00+12:00,0.574,KWH,,1,actual
,2026-07-11 00:00:00+12:00,2026-07-11 00:30:00+12:00,0.001,KWH,,2,actual
,2026-07-11 00:00:00+12:00,2026-07-11 00:30:00+12:00,0.556,KWH,,1,actual
,2026-07-11 00:30:00+12:00,2026-07-11 01:00:00+12:00,0.594,KWH,,1,actual
,2026-07-11 00:30:00+12:00,2026-07-11 01:00:00+12:00,0.001,KWH,,2,actual
,2026-07-11 01:00:00+12:00,2026-07-11 01:30:00+12:00,0.665,KWH,,1,actual
,2026-07-11 01:00:00+12:00,2026-07-11 01:30:00+12:00,0.001,KWH,,2,actual
,2026-07-11 01:30:00+12:00,2026-07-11 02:00:00+12:00,0.001,KWH,,2,actual
,2026-07-11 01:30:00+12:00,2026-07-11 02:00:00+12:00,0.622,KWH,,1,actual
,2026-07-11 02:00:00+12:00,2026-07-11 02:30:00+12:00,0.657,KWH,,1,actual
,2026-07-11 02:00:00+12:00,2026-07-11 02:30:00+12:00,0.001,KWH,,2,actual
,2026-07-11 02:30:00+12:00,2026-07-11 03:00:00+12:00,0.001,KWH,,2,actual
,2026-07-11 02:30:00+12:00,2026-07-11 03:00:00+12:00,0.681,KWH,,1,actual
,2026-07-11 03:00:00+12:00,2026-07-11 03:30:00+12:00,0.001,KWH,,2,actual
,2026-07-11 03:00:00+12:00,2026-07-11 03:30:00+12:00,0.675,KWH,,1,actual
,2026-07-11 03:30:00+12:00,2026-07-11 04:00:00+12:00,0.716,KWH,,1,actual
,2026-07-11 03:30:00+12:00,2026-07-11 04:00:00+12:00,0.439,KWH,,2,actual
,2026-07-11 04:00:00+12:00,2026-07-11 04:30:00+12:00,0.001,KWH,,2,actual
,2026-07-11 04:00:00+12:00,2026-07-11 04:30:00+12:00,0.739,KWH,,1,actual
,2026-07-11 04:30:00+12:00,2026-07-11 05:00:00+12:00,0.696,KWH,,1,actual
,2026-07-11 04:30:00+12:00,2026-07-11 05:00:00+12:00,0.001,KWH,,2,actual
,2026-07-11 05:00:00+12:00,2026-07-11 05:30:00+12:00,0.734,KWH,,1,actual
,2026-07-11 05:00:00+12:00,2026-07-11 05:30:00+12:00,0.001,KWH,,2,actual
,2026-07-11 05:30:00+12:00,2026-07-11 06:00:00+12:00,0.001,KWH,,2,actual
,2026-07-11 05:30:00+12:00,2026-07-11 06:00:00+12:00,1.189,KWH,,1,actual
,2026-07-11 06:00:00+12:00,2026-07-11 06:30:00+12:00,0.001,KWH,,2,actual
,2026-07-11 06:00:00+12:00,2026-07-11 06:30:00+12:00,1.218,KWH,,1,actual
,2026-07-11 06:30:00+12:00,2026-07-11 07:00:00+12:00,0.001,KWH,,2,actual
,2026-07-11 06:30:00+12:00,2026-07-11 07:00:00+12:00,1.275,KWH,,1,actual
,2026-07-11 07:00:00+12:00,2026-07-11 07:30:00+12:00,1.185,KWH,,1,actual
,2026-07-11 07:00:00+12:00,2026-07-11 07:30:00+12:00,0.001,KWH,,2,actual
,2026-07-11 07:30:00+12:00,2026-07-11 08:00:00+12:00,1.187,KWH,,1,actual
,2026-07-11 07:30:00+12:00,2026-07-11 08:00:00+12:00,0.001,KWH,,2,actual
,2026-07-11 08:00:00+12:00,2026-07-11 08:30:00+12:00,1.132,KWH,,1,actual
,2026-07-11 08:00:00+12:00,2026-07-11 08:30:00+12:00,0.001,KWH,,2,actual
,2026-07-11 08:30:00+12:00,2026-07-11 09:00:00+12:00,0.001,KWH,,2,actual
,2026-07-11 08:30:00+12:00,2026-07-11 09:00:00+12:00,0.55,KWH,,1,actual
,2026-07-11 09:00:00+12:00,2026-07-11 09:30:00+12:00,0.001,KWH,,2,actual
,2026-07-11 09:00:00+12:00,2026-07-11 09:30:00+12:00,0.563,KWH,,1,actual
,2026-07-11 09:30:00+12:00,2026-07-11 10:00:00+12:00,0.001,KWH,,2,actual
,2026-07-11 09:30:00+12:00,2026-07-11 10:00:00+12:00,0.623,KWH,,1,actual
,2026-07-11 10:00:00+12:00,2026-07-11 10:30:00+12:00,0.657,KWH,,1,actual
,2026-07-11 10:00:00+12:00,2026-07-11 10:30:00+12:00,0.348,KWH,,2,actual
,2026-07-11 10:30:00+12:00,2026-07-11 11:00:00+12:00,0.545,KWH,,2,actual
,2026-07-11 10:30:00+12:00,2026-07-11 11:00:00+12:00,1.511,KWH,,1,actual
,2026-07-11 11:00:00+12:00,2026-07-11 11:30:00+12:00,1.338,KWH,,1,actual
,2026-07-11 11:00:00+12:00,2026-07-11 11:30:00+12:00,0.543,KWH,,2,actual
,2026-07-11 11:30:00+12:00,2026-07-11 12:00:00+12:00,1.514,KWH,,1,actual
,2026-07-11 11:30:00+12:00,2026-07-11 12:00:00+12:00,0.541,KWH,,2,actual
,2026-07-11 12:00:00+12:00,2026-07-11 12:30:00+12:00,1.277,KWH,,1,actual
,2026-07-11 12:00:00+12:00,2026-07-11 12:30:00+12:00,0.541,KWH,,2,actual
,2026-07-11 12:30:00+12:00,2026-07-11 13:00:00+12:00,0.543,KWH,,2,actual
,2026-07-11 12:30:00+12:00,2026-07-11 13:00:00+12:00,1.243,KWH,,1,actual
,2026-07-11 13:00:00+12:00,2026-07-11 13:30:00+12:00,0.779,KWH,,1,actual
,2026-07-11 13:00:00+12:00,2026-07-11 13:30:00+12:00,0.542,KWH,,2,actual
,2026-07-11 13:30:00+12:00,2026-07-11 14:00:00+12:00,1.417,KWH,,1,actual
,2026-07-11 13:30:00+12:00,2026-07-11 14:00:00+12:00,0.542,KWH,,2,actual
,2026-07-11 14:00:00+12:00,2026-07-11 14:30:00+12:00,0.557,KWH,,2,actual
,2026-07-11 14:00:00+12:00,2026-07-11 14:30:00+12:00,1.601,KWH,,1,actual
,2026-07-11 14:30:00+12:00,2026-07-11 15:00:00+12:00,1.293,KWH,,1,actual
,2026-07-11 14:30:00+12:00,2026-07-11 15:00:00+12:00,0.281,KWH,,2,actual
,2026-07-11 15:00:00+12:00,2026-07-11 15:30:00+12:00,0.001,KWH,,2,actual
,2026-07-11 15:00:00+12:00,2026-07-11 15:30:00+12:00,0.73,KWH,,1,actual
,2026-07-11 15:30:00+12:00,2026-07-11 16:00:00+12:00,0.001,KWH,,2,actual
,2026-07-11 15:30:00+12:00,2026-07-11 16:00:00+12:00,0.569,KWH,,1,actual
,2026-07-11 16:00:00+12:00,2026-07-11 16:30:00+12:00,0.538,KWH,,1,actual
,2026-07-11 16:00:00+12:00,2026-07-11 16:30:00+12:00,0.001,KWH,,2,actual
,2026-07-11 16:30:00+12:00,2026-07-11 17:00:00+12:00,0.536,KWH,,1,actual
,2026-07-11 16:30:00+12:00,2026-07-11 17:00:00+12:00,0.001,KWH,,2,actual
,2026-07-11 17:00:00+12:00,2026-07-11 17:30:00+12:00,0.001,KWH,,2,actual
,2026-07-11 17:00:00+12:00,2026-07-11 17:30:00+12:00,0.568,KWH,,1,actual
,2026-07-11 17:30:00+12:00,2026-07-11 18:00:00+12:00,0.556,KWH,,1,actual
,2026-07-11 17:30:00+12:00,2026-07-11 18:00:00+12:00,0.001,KWH,,2,actual
,2026-07-11 18:00:00+12:00,2026-07-11 18:30:00+12:00,1.846,KWH,,1,actual
,2026-07-11 18:00:00+12:00,2026-07-11 18:30:00+12:00,0.001,KWH,,2,actual
,2026-07-11 18:30:00+12:00,2026-07-11 19:00:00+12:00,0.001,KWH,,2,actual
,2026-07-11 18:30:00+12:00,2026-07-11 19:00:00+12:00,1.457,KWH,,1,actual
,2026-07-11 19:00:00+12:00,2026-07-11 19:30:00+12:00,0,KWH,,2,actual
,2026-07-11 19:00:00+12:00,2026-07-11 19:30:00+12:00,1.415,KWH,,1,actual
,2026-07-11 19:30:00+12:00,2026-07-11 20:00:00+12:00,0.249,KWH,,2,actual
,2026-07-11 19:30:00+12:00,2026-07-11 20:00:00+12:00,1.375,KWH,,1,actual
,2026-07-11 20:00:00+12:00,2026-07-11 20:30:00+12:00,0.001,KWH,,2,actual
,2026-07-11 20:00:00+12:00,2026-07-11 20:30:00+12:00,1.382,KWH,,1,actual
,2026-07-11 20:30:00+12:00,2026-07-11 21:00:00+12:00,0.001,KWH,,2,actual
,2026-07-11 20:30:00+12:00,2026-07-11 21:00:00+12:00,1.662,KWH,,1,actual
,2026-07-11 21:00:00+12:00,2026-07-11 21:30:00+12:00,0.181,KWH,,2,actual
,2026-07-11 21:00:00+12:00,2026-07-11 21:30:00+12:00,2.647,KWH,,1,actual
,2026-07-11 21:30:00+12:00,2026-07-11 22:00:00+12:00,3.742,KWH,,1,actual
,2026-07-11 21:30:00+12:00,2026-07-11 22:00:00+12:00,0.202,KWH,,2,actual
,2026-07-11 22:00:00+12:00,2026-07-11 22:30:00+12:00,3.374,KWH,,1,actual
,2026-07-11 22:00:00+12:00,2026-07-11 22:30:00+12:00,0.371,KWH,,2,actual
,2026-07-11 22:30:00+12:00,2026-07-11 23:00:00+12:00,3.276,KWH,,1,actual
,2026-07-11 22:30:00+12:00,2026-07-11 23:00:00+12:00,0.001,KWH,,2,actual
,2026-07-11 23:00:00+12:00,2026-07-11 23:30:00+12:00,3.246,KWH,,1,actual
,2026-07-11 23:00:00+12:00,2026-07-11 23:30:00+12:00,0.001,KWH,,2,actual
,2026-07-11 23:30:00+12:00,2026-07-12 00:00:00+12:00,0,KWH,,2,actual
,2026-07-11 23:30:00+12:00,2026-07-12 00:00:00+12:00,3.124,KWH,,1,actual
,2026-07-12 00:00:00+12:00,2026-07-12 00:30:00+12:00,0.686,KWH,,2,actual
,2026-07-12 00:00:00+12:00,2026-07-12 00:30:00+12:00,2.781,KWH,,1,actual
,2026-07-12 00:30:00+12:00,2026-07-12 01:00:00+12:00,2.791,KWH,,1,actual
,2026-07-12 00:30:00+12:00,2026-07-12 01:00:00+12:00,0.74,KWH,,2,actual
,2026-07-12 01:00:00+12:00,2026-07-12 01:30:00+12:00,2.79,KWH,,1,actual
,2026-07-12 01:00:00+12:00,2026-07-12 01:30:00+12:00,0.749,KWH,,2,actual
,2026-07-12 01:30:00+12:00,2026-07-12 02:00:00+12:00,0.084,KWH,,2,actual
,2026-07-12 01:30:00+12:00,2026-07-12 02:00:00+12:00,2.832,KWH,,1,actual
,2026-07-12 02:00:00+12:00,2026-07-12 02:30:00+12:00,2.859,KWH,,1,actual
,2026-07-12 02:00:00+12:00,2026-07-12 02:30:00+12:00,0.001,KWH,,2,actual
,2026-07-12 02:30:00+12:00,2026-07-12 03:00:00+12:00,0.001,KWH,,2,actual
,2026-07-12 02:30:00+12:00,2026-07-12 03:00:00+12:00,2.597,KWH,,1,actual
,2026-07-12 03:00:00+12:00,2026-07-12 03:30:00+12:00,0.001,KWH,,2,actual
,2026-07-12 03:00:00+12:00,2026-07-12 03:30:00+12:00,1.705,KWH,,1,actual
,2026-07-12 03:30:00+12:00,2026-07-12 04:00:00+12:00,1.323,KWH,,1,actual
,2026-07-12 03:30:00+12:00,2026-07-12 04:00:00+12:00,0.001,KWH,,2,actual
,2026-07-12 04:00:00+12:00,2026-07-12 04:30:00+12:00,0,KWH,,2,actual
,2026-07-12 04:00:00+12:00,2026-07-12 04:30:00+12:00,1.165,KWH,,1,actual
,2026-07-12 04:30:00+12:00,2026-07-12 05:00:00+12:00,1.093,KWH,,1,actual
,2026-07-12 04:30:00+12:00,2026-07-12 05:00:00+12:00,0.001,KWH,,2,actual
,2026-07-12 05:00:00+12:00,2026-07-12 05:30:00+12:00,1.125,KWH,,1,actual
,2026-07-12 05:00:00+12:00,2026-07-12 05:30:00+12:00,0.001,KWH,,2,actual
,2026-07-12 05:30:00+12:00,2026-07-12 06:00:00+12:00,0.001,KWH,,2,actual
,2026-07-12 05:30:00+12:00,2026-07-12 06:00:00+12:00,1.641,KWH,,1,actual
,2026-07-12 06:00:00+12:00,2026-07-12 06:30:00+12:00,0.001,KWH,,2,actual
,2026-07-12 06:00:00+12:00,2026-07-12 06:30:00+12:00,1.606,KWH,,1,actual
,2026-07-12 06:30:00+12:00,2026-07-12 07:00:00+12:00,0.001,KWH,,2,actual
,2026-07-12 06:30:00+12:00,2026-07-12 07:00:00+12:00,1.614,KWH,,1,actual
,2026-07-12 07:00:00+12:00,2026-07-12 07:30:00+12:00,1.729,KWH,,1,actual
,2026-07-12 07:00:00+12:00,2026-07-12 07:30:00+12:00,0.001,KWH,,2,actual
,2026-07-12 07:30:00+12:00,2026-07-12 08:00:00+12:00,1.686,KWH,,1,actual
,2026-07-12 07:30:00+12:00,2026-07-12 08:00:00+12:00,0.001,KWH,,2,actual
,2026-07-12 08:00:00+12:00,2026-07-12 08:30:00+12:00,1.605,KWH,,1,actual
,2026-07-12 08:00:00+12:00,2026-07-12 08:30:00+12:00,0,KWH,,2,actual
,2026-07-12 08:30:00+12:00,2026-07-12 09:00:00+12:00,0.001,KWH,,2,actual
,2026-07-12 08:30:00+12:00,2026-07-12 09:00:00+12:00,0.819,KWH,,1,actual
,2026-07-12 09:00:00+12:00,2026-07-12 09:30:00+12:00,0.278,KWH,,2,actual
,2026-07-12 09:00:00+12:00,2026-07-12 09:30:00+12:00,0.742,KWH,,1,actual
,2026-07-12 09:30:00+12:00,2026-07-12 10:00:00+12:00,0.027,KWH,,2,actual
,2026-07-12 09:30:00+12:00,2026-07-12 10:00:00+12:00,0.912,KWH,,1,actual
,2026-07-12 10:00:00+12:00,2026-07-12 10:30:00+12:00,0.837,KWH,,1,actual
,2026-07-12 10:00:00+12:00,2026-07-12 10:30:00+12:00,0.001,KWH,,2,actual
,2026-07-12 10:30:00+12:00,2026-07-12 11:00:00+12:00,0.001,KWH,,2,actual
,2026-07-12 10:30:00+12:00,2026-07-12 11:00:00+12:00,0.838,KWH,,1,actual
,2026-07-12 11:00:00+12:00,2026-07-12 11:30:00+12:00,0.823,KWH,,1,actual
,2026-07-12 11:00:00+12:00,2026-07-12 11:30:00+12:00,0,KWH,,2,actual
,2026-07-12 11:30:00+12:00,2026-07-12 12:00:00+12:00,0.715,KWH,,1,actual
,2026-07-12 11:30:00+12:00,2026-07-12 12:00:00+12:00,0.001,KWH,,2,actual
,2026-07-12 12:00:00+12:00,2026-07-12 12:30:00+12:00,0.554,KWH,,1,actual
,2026-07-12 12:00:00+12:00,2026-07-12 12:30:00+12:00,0.001,KWH,,2,actual
,2026-07-12 12:30:00+12:00,2026-07-12 13:00:00+12:00,0.001,KWH,,2,actual
,2026-07-12 12:30:00+12:00,2026-07-12 13:00:00+12:00,0.752,KWH,,1,actual
,2026-07-12 13:00:00+12:00,2026-07-12 13:30:00+12:00,0.905,KWH,,1,actual
,2026-07-12 13:00:00+12:00,2026-07-12 13:30:00+12:00,0.21,KWH,,2,actual
,2026-07-12 13:30:00+12:00,2026-07-12 14:00:00+12:00,1.137,KWH,,1,actual
,2026-07-12 13:30:00+12:00,2026-07-12 14:00:00+12:00,0.02,KWH,,2,actual
,2026-07-12 14:00:00+12:00,2026-07-12 14:30:00+12:00,0.001,KWH,,2,actual
,2026-07-12 14:00:00+12:00,2026-07-12 14:30:00+12:00,1.193,KWH,,1,actual
,2026-07-12 14:30:00+12:00,2026-07-12 15:00:00+12:00,0.561,KWH,,1,actual
,2026-07-12 14:30:00+12:00,2026-07-12 15:00:00+12:00,0,KWH,,2,actual
,2026-07-12 15:00:00+12:00,2026-07-12 15:30:00+12:00,0.001,KWH,,2,actual
,2026-07-12 15:00:00+12:00,2026-07-12 15:30:00+12:00,0.824,KWH,,1,actual
,2026-07-12 15:30:00+12:00,2026-07-12 16:00:00+12:00,0.001,KWH,,2,actual
,2026-07-12 15:30:00+12:00,2026-07-12 16:00:00+12:00,0.708,KWH,,1,actual
,2026-07-12 16:00:00+12:00,2026-07-12 16:30:00+12:00,0.973,KWH,,1,actual
,2026-07-12 16:00:00+12:00,2026-07-12 16:30:00+12:00,0.001,KWH,,2,actual
,2026-07-12 16:30:00+12:00,2026-07-12 17:00:00+12:00,1.241,KWH,,1,actual
,2026-07-12 16:30:00+12:00,2026-07-12 17:00:00+12:00,0.001,KWH,,2,actual
,2026-07-12 17:00:00+12:00,2026-07-12 17:30:00+12:00,0.037,KWH,,2,actual
,2026-07-12 17:00:00+12:00,2026-07-12 17:30:00+12:00,1.235,KWH,,1,actual
,2026-07-12 17:30:00+12:00,2026-07-12 18:00:00+12:00,1.316,KWH,,1,actual
,2026-07-12 17:30:00+12:00,2026-07-12 18:00:00+12:00,0.207,KWH,,2,actual
,2026-07-12 18:00:00+12:00,2026-07-12 18:30:00+12:00,2.188,KWH,,1,actual
,2026-07-12 18:00:00+12:00,2026-07-12 18:30:00+12:00,0,KWH,,2,actual
,2026-07-12 18:30:00+12:00,2026-07-12 19:00:00+12:00,0.244,KWH,,2,actual
,2026-07-12 18:30:00+12:00,2026-07-12 19:00:00+12:00,2.189,KWH,,1,actual
,2026-07-12 19:00:00+12:00,2026-07-12 19:30:00+12:00,0.551,KWH,,2,actual
,2026-07-12 19:00:00+12:00,2026-07-12 19:30:00+12:00,2.204,KWH,,1,actual
,2026-07-12 19:30:00+12:00,2026-07-12 20:00:00+12:00,0.552,KWH,,2,actual
,2026-07-12 19:30:00+12:00,2026-07-12 20:00:00+12:00,1.945,KWH,,1,actual
,2026-07-12 20:00:00+12:00,2026-07-12 20:30:00+12:00,0.553,KWH,,2,actual
,2026-07-12 20:00:00+12:00,2026-07-12 20:30:00+12:00,1.683,KWH,,1,actual
,2026-07-12 20:30:00+12:00,2026-07-12 21:00:00+12:00,0.592,KWH,,2,actual
,2026-07-12 20:30:00+12:00,2026-07-12 21:00:00+12:00,1.511,KWH,,1,actual
,2026-07-12 21:00:00+12:00,2026-07-12 21:30:00+12:00,0.311,KWH,,2,actual
,2026-07-12 21:00:00+12:00,2026-07-12 21:30:00+12:00,1.468,KWH,,1,actual
,2026-07-12 21:30:00+12:00,2026-07-12 22:00:00+12:00,2.048,KWH,,1,actual
,2026-07-12 21:30:00+12:00,2026-07-12 22:00:00+12:00,0.001,KWH,,2,actual
,2026-07-12 22:00:00+12:00,2026-07-12 22:30:00+12:00,1.47,KWH,,1,actual
,2026-07-12 22:00:00+12:00,2026-07-12 22:30:00+12:00,0.001,KWH,,2,actual
,2026-07-12 22:30:00+12:00,2026-07-12 23:00:00+12:00,1.282,KWH,,1,actual
,2026-07-12 22:30:00+12:00,2026-07-12 23:00:00+12:00,0.001,KWH,,2,actual
,2026-07-12 23:00:00+12:00,2026-07-12 23:30:00+12:00,1.273,KWH,,1,actual
,2026-07-12 23:00:00+12:00,2026-07-12 23:30:00+12:00,0,KWH,,2,actual
,2026-07-12 23:30:00+12:00,2026-07-13 00:00:00+12:00,0.203,KWH,,2,actual
,2026-07-12 23:30:00+12:00,2026-07-13 00:00:00+12:00,1.238,KWH,,1,actual
,2026-07-13 00:00:00+12:00,2026-07-13 00:30:00+12:00,0.542,KWH,,2,actual
,2026-07-13 00:00:00+12:00,2026-07-13 00:30:00+12:00,1.203,KWH,,1,actual
,2026-07-13 00:30:00+12:00,2026-07-13 01:00:00+12:00,0.861,KWH,,1,actual
,2026-07-13 00:30:00+12:00,2026-07-13 01:00:00+12:00,0.539,KWH,,2,actual
,2026-07-13 01:00:00+12:00,2026-07-13 01:30:00+12:00,0.799,KWH,,1,actual
,2026-07-13 01:00:00+12:00,2026-07-13 01:30:00+12:00,0.54,KWH,,2,actual
,2026-07-13 01:30:00+12:00,2026-07-13 02:00:00+12:00,0.541,KWH,,2,actual
,2026-07-13 01:30:00+12:00,2026-07-13 02:00:00+12:00,0.9,KWH,,1,actual
,2026-07-13 02:00:00+12:00,2026-07-13 02:30:00+12:00,0.896,KWH,,1,actual
,2026-07-13 02:00:00+12:00,2026-07-13 02:30:00+12:00,0.541,KWH,,2,actual
,2026-07-13 02:30:00+12:00,2026-07-13 03:00:00+12:00,0.596,KWH,,2,actual
,2026-07-13 02:30:00+12:00,2026-07-13 03:00:00+12:00,0.927,KWH,,1,actual
,2026-07-13 03:00:00+12:00,2026-07-13 03:30:00+12:00,0.051,KWH,,2,actual
,2026-07-13 03:00:00+12:00,2026-07-13 03:30:00+12:00,0.923,KWH,,1,actual
,2026-07-13 03:30:00+12:00,2026-07-13 04:00:00+12:00,0.938,KWH,,1,actual
,2026-07-13 03:30:00+12:00,2026-07-13 04:00:00+12:00,0.001,KWH,,2,actual
,2026-07-13 04:00:00+12:00,2026-07-13 04:30:00+12:00,0.001,KWH,,2,actual
,2026-07-13 04:00:00+12:00,2026-07-13 04:30:00+12:00,0.964,KWH,,1,actual
,2026-07-13 04:30:00+12:00,2026-07-13 05:00:00+12:00,0.941,KWH,,1,actual
,2026-07-13 04:30:00+12:00,2026-07-13 05:00:00+12:00,0.001,KWH,,2,actual
,2026-07-13 05:00:00+12:00,2026-07-13 05:30:00+12:00,0.966,KWH,,1,actual
,2026-07-13 05:00:00+12:00,2026-07-13 05:30:00+12:00,0.001,KWH,,2,actual
,2026-07-13 05:30:00+12:00,2026-07-13 06:00:00+12:00,0.001,KWH,,2,actual
,2026-07-13 05:30:00+12:00,2026-07-13 06:00:00+12:00,1.431,KWH,,1,actual
,2026-07-13 06:00:00+12:00,2026-07-13 06:30:00+12:00,0.001,KWH,,2,actual
,2026-07-13 06:00:00+12:00,2026-07-13 06:30:00+12:00,1.427,KWH,,1,actual
,2026-07-13 06:30:00+12:00,2026-07-13 07:00:00+12:00,0.001,KWH,,2,actual
,2026-07-13 06:30:00+12:00,2026-07-13 07:00:00+12:00,1.432,KWH,,1,actual
,2026-07-13 07:00:00+12:00,2026-07-13 07:30:00+12:00,1.361,KWH,,1,actual
,2026-07-13 07:00:00+12:00,2026-07-13 07:30:00+12:00,0.001,KWH,,2,actual
,2026-07-13 07:30:00+12:00,2026-07-13 08:00:00+12:00,1.299,KWH,,1,actual
,2026-07-13 07:30:00+12:00,2026-07-13 08:00:00+12:00,0.001,KWH,,2,actual
,2026-07-13 08:00:00+12:00,2026-07-13 08:30:00+12:00,1.173,KWH,,1,actual
,2026-07-13 08:00:00+12:00,2026-07-13 08:30:00+12:00,0,KWH,,2,actual
,2026-07-13 08:30:00+12:00,2026-07-13 09:00:00+12:00,0.001,KWH,,2,actual
,2026-07-13 08:30:00+12:00,2026-07-13 09:00:00+12:00,0.615,KWH,,1,actual
,2026-07-13 09:00:00+12:00,2026-07-13 09:30:00+12:00,0.001,KWH,,2,actual
,2026-07-13 09:00:00+12:00,2026-07-13 09:30:00+12:00,1.088,KWH,,1,actual
,2026-07-13 09:30:00+12:00,2026-07-13 10:00:00+12:00,0.302,KWH,,2,actual
,2026-07-13 09:30:00+12:00,2026-07-13 10:00:00+12:00,1.226,KWH,,1,actual
,2026-07-13 10:00:00+12:00,2026-07-13 10:30:00+12:00,0.984,KWH,,1,actual
,2026-07-13 10:00:00+12:00,2026-07-13 10:30:00+12:00,0.001,KWH,,2,actual
,2026-07-13 10:30:00+12:00,2026-07-13 11:00:00+12:00,0.001,KWH,,2,actual
,2026-07-13 10:30:00+12:00,2026-07-13 11:00:00+12:00,0.594,KWH,,1,actual
,2026-07-13 11:00:00+12:00,2026-07-13 11:30:00+12:00,0.714,KWH,,1,actual
,2026-07-13 11:00:00+12:00,2026-07-13 11:30:00+12:00,0.001,KWH,,2,actual
,2026-07-13 11:30:00+12:00,2026-07-13 12:00:00+12:00,0.575,KWH,,1,actual
,2026-07-13 11:30:00+12:00,2026-07-13 12:00:00+12:00,0.001,KWH,,2,actual
,2026-07-13 12:00:00+12:00,2026-07-13 12:30:00+12:00,0.256,KWH,,2,actual
,2026-07-13 12:00:00+12:00,2026-07-13 12:30:00+12:00,1.196,KWH,,1,actual
,2026-07-13 12:30:00+12:00,2026-07-13 13:00:00+12:00,0.651,KWH,,1,actual
,2026-07-13 12:30:00+12:00,2026-07-13 13:00:00+12:00,0.001,KWH,,2,actual
,2026-07-13 13:00:00+12:00,2026-07-13 13:30:00+12:00,0.001,KWH,,2,actual
,2026-07-13 13:00:00+12:00,2026-07-13 13:30:00+12:00,0.971,KWH,,1,actual
,2026-07-13 13:30:00+12:00,2026-07-13 14:00:00+12:00,0.001,KWH,,2,actual
,2026-07-13 13:30:00+12:00,2026-07-13 14:00:00+12:00,0.894,KWH,,1,actual
,2026-07-13 14:00:00+12:00,2026-07-13 14:30:00+12:00,0.526,KWH,,1,actual
,2026-07-13 14:00:00+12:00,2026-07-13 14:30:00+12:00,0,KWH,,2,actual
,2026-07-13 14:30:00+12:00,2026-07-13 15:00:00+12:00,0.001,KWH,,2,actual
,2026-07-13 14:30:00+12:00,2026-07-13 15:00:00+12:00,0.499,KWH,,1,actual
,2026-07-13 15:00:00+12:00,2026-07-13 15:30:00+12:00,0.58,KWH,,1,actual
,2026-07-13 15:00:00+12:00,2026-07-13 15:30:00+12:00,0.001,KWH,,2,actual
,2026-07-13 15:30:00+12:00,2026-07-13 16:00:00+12:00,0.569,KWH,,1,actual
,2026-07-13 15:30:00+12:00,2026-07-13 16:00:00+12:00,0.001,KWH,,2,actual
,2026-07-13 16:00:00+12:00,2026-07-13 16:30:00+12:00,0.002,KWH,,2,actual
,2026-07-13 16:00:00+12:00,2026-07-13 16:30:00+12:00,0.543,KWH,,1,actual
,2026-07-13 16:30:00+12:00,2026-07-13 17:00:00+12:00,0.001,KWH,,2,actual
,2026-07-13 16:30:00+12:00,2026-07-13 17:00:00+12:00,0.582,KWH,,1,actual
,2026-07-13 17:00:00+12:00,2026-07-13 17:30:00+12:00,0.542,KWH,,1,actual
,2026-07-13 17:00:00+12:00,2026-07-13 17:30:00+12:00,0.001,KWH,,2,actual
,2026-07-13 17:30:00+12:00,2026-07-13 18:00:00+12:00,0.001,KWH,,2,actual
,2026-07-13 17:30:00+12:00,2026-07-13 18:00:00+12:00,0.475,KWH,,1,actual
,2026-07-13 18:00:00+12:00,2026-07-13 18:30:00+12:00,0.211,KWH,,2,actual
,2026-07-13 18:00:00+12:00,2026-07-13 18:30:00+12:00,1.621,KWH,,1,actual
,2026-07-13 18:30:00+12:00,2026-07-13 19:00:00+12:00,1.118,KWH,,1,actual
,2026-07-13 18:30:00+12:00,2026-07-13 19:00:00+12:00,0.089,KWH,,2,actual
,2026-07-13 19:00:00+12:00,2026-07-13 19:30:00+12:00,1.042,KWH,,1,actual
,2026-07-13 19:00:00+12:00,2026-07-13 19:30:00+12:00,0.001,KWH,,2,actual
,2026-07-13 19:30:00+12:00,2026-07-13 20:00:00+12:00,0.956,KWH,,1,actual
,2026-07-13 19:30:00+12:00,2026-07-13 20:00:00+12:00,0,KWH,,2,actual
,2026-07-13 20:00:00+12:00,2026-07-13 20:30:00+12:00,1.022,KWH,,1,actual
,2026-07-13 20:00:00+12:00,2026-07-13 20:30:00+12:00,0.001,KWH,,2,actual
,2026-07-13 20:30:00+12:00,2026-07-13 21:00:00+12:00,2.976,KWH,,1,actual
,2026-07-13 20:30:00+12:00,2026-07-13 21:00:00+12:00,0.001,KWH,,2,actual
,2026-07-13 21:00:00+12:00,2026-07-13 21:30:00+12:00,1.987,KWH,,1,actual
,2026-07-13 21:00:00+12:00,2026-07-13 21:30:00+12:00,0.001,KWH,,2,actual
,2026-07-13 21:30:00+12:00,2026-07-13 22:00:00+12:00,0.001,KWH,,2,actual
,2026-07-13 21:30:00+12:00,2026-07-13 22:00:00+12:00,1.415,KWH,,1,actual
,2026-07-13 22:00:00+12:00,2026-07-13 22:30:00+12:00,0,KWH,,2,actual
,2026-07-13 22:00:00+12:00,2026-07-13 22:30:00+12:00,0.948,KWH,,1,actual
,2026-07-13 22:30:00+12:00,2026-07-13 23:00:00+12:00,0.001,KWH,,2,actual
,2026-07-13 22:30:00+12:00,2026-07-13 23:00:00+12:00,0.816,KWH,,1,actual
,2026-07-13 23:00:00+12:00,2026-07-13 23:30:00+12:00,0.001,KWH,,2,actual
,2026-07-13 23:00:00+12:00,2026-07-13 23:30:00+12:00,0.885,KWH,,1,actual
,2026-07-13 23:30:00+12:00,2026-07-14 00:00:00+12:00,0.884,KWH,,1,actual
,2026-07-13 23:30:00+12:00,2026-07-14 00:00:00+12:00,0.001,KWH,,2,actual
,2026-07-14 00:00:00+12:00,2026-07-14 00:30:00+12:00,0.897,KWH,,1,actual
,2026-07-14 00:00:00+12:00,2026-07-14 00:30:00+12:00,0.001,KWH,,2,actual
,2026-07-14 00:30:00+12:00,2026-07-14 01:00:00+12:00,0.405,KWH,,2,actual
,2026-07-14 00:30:00+12:00,2026-07-14 01:00:00+12:00,0.793,KWH,,1,actual
,2026-07-14 01:00:00+12:00,2026-07-14 01:30:00+12:00,0.001,KWH,,2,actual
,2026-07-14 01:00:00+12:00,2026-07-14 01:30:00+12:00,0.791,KWH,,1,actual
,2026-07-14 01:30:00+12:00,2026-07-14 02:00:00+12:00,0.828,KWH,,1,actual
,2026-07-14 01:30:00+12:00,2026-07-14 02:00:00+12:00,0.001,KWH,,2,actual
,2026-07-14 02:00:00+12:00,2026-07-14 02:30:00+12:00,0.001,KWH,,2,actual
,2026-07-14 02:00:00+12:00,2026-07-14 02:30:00+12:00,0.701,KWH,,1,actual
,2026-07-14 02:30:00+12:00,2026-07-14 03:00:00+12:00,0.9,KWH,,1,actual
,2026-07-14 02:30:00+12:00,2026-07-14 03:00:00+12:00,0.001,KWH,,2,actual
,2026-07-14 03:00:00+12:00,2026-07-14 03:30:00+12:00,0.818,KWH,,1,actual
,2026-07-14 03:00:00+12:00,2026-07-14 03:30:00+12:00,0.001,KWH,,2,actual
,2026-07-14 03:30:00+12:00,2026-07-14 04:00:00+12:00,0.001,KWH,,2,actual
,2026-07-14 03:30:00+12:00,2026-07-14 04:00:00+12:00,0.873,KWH,,1,actual
,2026-07-14 04:00:00+12:00,2026-07-14 04:30:00+12:00,0.856,KWH,,1,actual
,2026-07-14 04:00:00+12:00,2026-07-14 04:30:00+12:00,0.001,KWH,,2,actual
,2026-07-14 04:30:00+12:00,2026-07-14 05:00:00+12:00,0.001,KWH,,2,actual
,2026-07-14 04:30:00+12:00,2026-07-14 05:00:00+12:00,0.851,KWH,,1,actual
,2026-07-14 05:00:00+12:00,2026-07-14 05:30:00+12:00,0.001,KWH,,2,actual
,2026-07-14 05:00:00+12:00,2026-07-14 05:30:00+12:00,0.881,KWH,,1,actual
,2026-07-14 05:30:00+12:00,2026-07-14 06:00:00+12:00,1.243,KWH,,1,actual
,2026-07-14 05:30:00+12:00,2026-07-14 06:00:00+12:00,0.001,KWH,,2,actual
,2026-07-14 06:00:00+12:00,2026-07-14 06:30:00+12:00,1.202,KWH,,1,actual
,2026-07-14 06:00:00+12:00,2026-07-14 06:30:00+12:00,0.001,KWH,,2,actual
,2026-07-14 06:30:00+12:00,2026-07-14 07:00:00+12:00,1.158,KWH,,1,actual
,2026-07-14 06:30:00+12:00,2026-07-14 07:00:00+12:00,0.001,KWH,,2,actual
,2026-07-14 07:00:00+12:00,2026-07-14 07:30:00+12:00,0.001,KWH,,2,actual
,2026-07-14 07:00:00+12:00,2026-07-14 07:30:00+12:00,1.25,KWH,,1,actual
,2026-07-14 07:30:00+12:00,2026-07-14 08:00:00+12:00,0.001,KWH,,2,actual
,2026-07-14 07:30:00+12:00,2026-07-14 08:00:00+12:00,1.216,KWH,,1,actual
,2026-07-14 08:00:00+12:00,2026-07-14 08:30:00+12:00,0.001,KWH,,2,actual
,2026-07-14 08:00:00+12:00,2026-07-14 08:30:00+12:00,1.115,KWH,,1,actual
,2026-07-14 08:30:00+12:00,2026-07-14 09:00:00+12:00,1.303,KWH,,1,actual
,2026-07-14 08:30:00+12:00,2026-07-14 09:00:00+12:00,0.436,KWH,,2,actual
,2026-07-14 09:00:00+12:00,2026-07-14 09:30:00+12:00,0.949,KWH,,1,actual
,2026-07-14 09:00:00+12:00,2026-07-14 09:30:00+12:00,0.561,KWH,,2,actual
,2026-07-14 09:30:00+12:00,2026-07-14 10:00:00+12:00,0.784,KWH,,1,actual
,2026-07-14 09:30:00+12:00,2026-07-14 10:00:00+12:00,0.624,KWH,,2,actual
,2026-07-14 10:00:00+12:00,2026-07-14 10:30:00+12:00,0.642,KWH,,2,actual
,2026-07-14 10:00:00+12:00,2026-07-14 10:30:00+12:00,0.923,KWH,,1,actual
,2026-07-14 10:30:00+12:00,2026-07-14 11:00:00+12:00,0.549,KWH,,1,actual
,2026-07-14 10:30:00+12:00,2026-07-14 11:00:00+12:00,0.085,KWH,,2,actual
,2026-07-14 11:00:00+12:00,2026-07-14 11:30:00+12:00,0.001,KWH,,2,actual
,2026-07-14 11:00:00+12:00,2026-07-14 11:30:00+12:00,0.454,KWH,,1,actual
,2026-07-14 11:30:00+12:00,2026-07-14 12:00:00+12:00,0.001,KWH,,2,actual
,2026-07-14 11:30:00+12:00,2026-07-14 12:00:00+12:00,0.46,KWH,,1,actual
,2026-07-14 12:00:00+12:00,2026-07-14 12:30:00+12:00,0.001,KWH,,2,actual
,2026-07-14 12:00:00+12:00,2026-07-14 12:30:00+12:00,0.453,KWH,,1,actual
,2026-07-14 12:30:00+12:00,2026-07-14 13:00:00+12:00,0.471,KWH,,1,actual
,2026-07-14 12:30:00+12:00,2026-07-14 13:00:00+12:00,0.001,KWH,,2,actual
,2026-07-14 13:00:00+12:00,2026-07-14 13:30:00+12:00,0.001,KWH,,2,actual
,2026-07-14 13:00:00+12:00,2026-07-14 13:30:00+12:00,0.459,KWH,,1,actual
,2026-07-14 13:30:00+12:00,2026-07-14 14:00:00+12:00,0.001,KWH,,2,actual
,2026-07-14 13:30:00+12:00,2026-07-14 14:00:00+12:00,0.456,KWH,,1,actual
,2026-07-14 14:00:00+12:00,2026-07-14 14:30:00+12:00,0.477,KWH,,1,actual
,2026-07-14 14:00:00+12:00,2026-07-14 14:30:00+12:00,0.001,KWH,,2,actual
,2026-07-14 14:30:00+12:00,2026-07-14 15:00:00+12:00,0.001,KWH,,2,actual
,2026-07-14 14:30:00+12:00,2026-07-14 15:00:00+12:00,0.452,KWH,,1,actual
,2026-07-14 15:00:00+12:00,2026-07-14 15:30:00+12:00,0.54,KWH,,1,actual
,2026-07-14 15:00:00+12:00,2026-07-14 15:30:00+12:00,0,KWH,,2,actual
,2026-07-14 15:30:00+12:00,2026-07-14 16:00:00+12:00,0.572,KWH,,1,actual
,2026-07-14 15:30:00+12:00,2026-07-14 16:00:00+12:00,0.001,KWH,,2,actual
,2026-07-14 16:00:00+12:00,2026-07-14 16:30:00+12:00,0.001,KWH,,2,actual
,2026-07-14 16:00:00+12:00,2026-07-14 16:30:00+12:00,0.634,KWH,,1,actual
,2026-07-14 16:30:00+12:00,2026-07-14 17:00:00+12:00,0.435,KWH,,2,actual
,2026-07-14 16:30:00+12:00,2026-07-14 17:00:00+12:00,1.155,KWH,,1,actual
,2026-07-14 17:00:00+12:00,2026-07-14 17:30:00+12:00,1.057,KWH,,1,actual
,2026-07-14 17:00:00+12:00,2026-07-14 17:30:00+12:00,0.459,KWH,,2,actual
,2026-07-14 17:30:00+12:00,2026-07-14 18:00:00+12:00,0,KWH,,2,actual
,2026-07-14 17:30:00+12:00,2026-07-14 18:00:00+12:00,0.615,KWH,,1,actual
,2026-07-14 18:00:00+12:00,2026-07-14 18:30:00+12:00,0.09,KWH,,2,actual
,2026-07-14 18:00:00+12:00,2026-07-14 18:30:00+12:00,1.371,KWH,,1,actual
,2026-07-14 18:30:00+12:00,2026-07-14 19:00:00+12:00,1.011,KWH,,1,actual
,2026-07-14 18:30:00+12:00,2026-07-14 19:00:00+12:00,0.316,KWH,,2,actual
,2026-07-14 19:00:00+12:00,2026-07-14 19:30:00+12:00,1.647,KWH,,1,actual
,2026-07-14 19:00:00+12:00,2026-07-14 19:30:00+12:00,0.469,KWH,,2,actual
,2026-07-14 19:30:00+12:00,2026-07-14 20:00:00+12:00,1.023,KWH,,1,actual
,2026-07-14 19:30:00+12:00,2026-07-14 20:00:00+12:00,0.281,KWH,,2,actual
,2026-07-14 20:00:00+12:00,2026-07-14 20:30:00+12:00,0.53,KWH,,1,actual
,2026-07-14 20:00:00+12:00,2026-07-14 20:30:00+12:00,0.258,KWH,,2,actual
,2026-07-14 20:30:00+12:00,2026-07-14 21:00:00+12:00,0.604,KWH,,1,actual
,2026-07-14 20:30:00+12:00,2026-07-14 21:00:00+12:00,0.01,KWH,,2,actual
,2026-07-14 21:00:00+12:00,2026-07-14 21:30:00+12:00,2.867,KWH,,1,actual
,2026-07-14 21:00:00+12:00,2026-07-14 21:30:00+12:00,0.001,KWH,,2,actual
,2026-07-14 21:30:00+12:00,2026-07-14 22:00:00+12:00,0,KWH,,2,actual
,2026-07-14 21:30:00+12:00,2026-07-14 22:00:00+12:00,3.114,KWH,,1,actual
,2026-07-14 22:00:00+12:00,2026-07-14 22:30:00+12:00,0.001,KWH,,2,actual
,2026-07-14 22:00:00+12:00,2026-07-14 22:30:00+12:00,3.095,KWH,,1,actual
,2026-07-14 22:30:00+12:00,2026-07-14 23:00:00+12:00,0,KWH,,2,actual
,2026-07-14 22:30:00+12:00,2026-07-14 23:00:00+12:00,2.47,KWH,,1,actual
,2026-07-14 23:00:00+12:00,2026-07-14 23:30:00+12:00,0.001,KWH,,2,actual
,2026-07-14 23:00:00+12:00,2026-07-14 23:30:00+12:00,2.492,KWH,,1,actual
,2026-07-14 23:30:00+12:00,2026-07-15 00:00:00+12:00,2.4,KWH,,1,actual
,2026-07-14 23:30:00+12:00,2026-07-15 00:00:00+12:00,0,KWH,,2,actual
,2026-07-15 00:00:00+12:00,2026-07-15 00:30:00+12:00,2.366,KWH,,1,actual
,2026-07-15 00:00:00+12:00,2026-07-15 00:30:00+12:00,0.001,KWH,,2,actual
,2026-07-15 00:30:00+12:00,2026-07-15 01:00:00+12:00,0,KWH,,2,actual
,2026-07-15 00:30:00+12:00,2026-07-15 01:00:00+12:00,2.3,KWH,,1,actual
,2026-07-15 01:00:00+12:00,2026-07-15 01:30:00+12:00,0.001,KWH,,2,actual
,2026-07-15 01:00:00+12:00,2026-07-15 01:30:00+12:00,2.196,KWH,,1,actual
,2026-07-15 01:30:00+12:00,2026-07-15 02:00:00+12:00,2.262,KWH,,1,actual
,2026-07-15 01:30:00+12:00,2026-07-15 02:00:00+12:00,0.001,KWH,,2,actual
,2026-07-15 02:00:00+12:00,2026-07-15 02:30:00+12:00,0,KWH,,2,actual
,2026-07-15 02:00:00+12:00,2026-07-15 02:30:00+12:00,2.202,KWH,,1,actual
,2026-07-15 02:30:00+12:00,2026-07-15 03:00:00+12:00,2.215,KWH,,1,actual
,2026-07-15 02:30:00+12:00,2026-07-15 03:00:00+12:00,0.001,KWH,,2,actual
,2026-07-15 03:00:00+12:00,2026-07-15 03:30:00+12:00,2.186,KWH,,1,actual
,2026-07-15 03:00:00+12:00,2026-07-15 03:30:00+12:00,0.272,KWH,,2,actual
,2026-07-15 03:30:00+12:00,2026-07-15 04:00:00+12:00,0.001,KWH,,2,actual
,2026-07-15 03:30:00+12:00,2026-07-15 04:00:00+12:00,1.25,KWH,,1,actual
,2026-07-15 04:00:00+12:00,2026-07-15 04:30:00+12:00,0.792,KWH,,1,actual
,2026-07-15 04:00:00+12:00,2026-07-15 04:30:00+12:00,0.001,KWH,,2,actual
,2026-07-15 04:30:00+12:00,2026-07-15 05:00:00+12:00,0.001,KWH,,2,actual
,2026-07-15 04:30:00+12:00,2026-07-15 05:00:00+12:00,0.61,KWH,,1,actual
,2026-07-15 05:00:00+12:00,2026-07-15 05:30:00+12:00,0.001,KWH,,2,actual
,2026-07-15 05:00:00+12:00,2026-07-15 05:30:00+12:00,0.555,KWH,,1,actual
,2026-07-15 05:30:00+12:00,2026-07-15 06:00:00+12:00,0.891,KWH,,1,actual
,2026-07-15 05:30:00+12:00,2026-07-15 06:00:00+12:00,0.001,KWH,,2,actual
,2026-07-15 06:00:00+12:00,2026-07-15 06:30:00+12:00,0.882,KWH,,1,actual
,2026-07-15 06:00:00+12:00,2026-07-15 06:30:00+12:00,0.001,KWH,,2,actual
,2026-07-15 06:30:00+12:00,2026-07-15 07:00:00+12:00,0.855,KWH,,1,actual
,2026-07-15 06:30:00+12:00,2026-07-15 07:00:00+12:00,0,KWH,,2,actual
,2026-07-15 07:00:00+12:00,2026-07-15 07:30:00+12:00,0.001,KWH,,2,actual
,2026-07-15 07:00:00+12:00,2026-07-15 07:30:00+12:00,0.781,KWH,,1,actual
,2026-07-15 07:30:00+12:00,2026-07-15 08:00:00+12:00,0.001,KWH,,2,actual
,2026-07-15 07:30:00+12:00,2026-07-15 08:00:00+12:00,0.814,KWH,,1,actual
,2026-07-15 08:00:00+12:00,2026-07-15 08:30:00+12:00,0.001,KWH,,2,actual
,2026-07-15 08:00:00+12:00,2026-07-15 08:30:00+12:00,0.776,KWH,,1,actual
,2026-07-15 08:30:00+12:00,2026-07-15 09:00:00+12:00,0.428,KWH,,1,actual
,2026-07-15 08:30:00+12:00,2026-07-15 09:00:00+12:00,0.001,KWH,,2,actual
,2026-07-15 09:00:00+12:00,2026-07-15 09:30:00+12:00,0.427,KWH,,1,actual
,2026-07-15 09:00:00+12:00,2026-07-15 09:30:00+12:00,0.001,KWH,,2,actual
,2026-07-15 09:30:00+12:00,2026-07-15 10:00:00+12:00,0.611,KWH,,1,actual
,2026-07-15 09:30:00+12:00,2026-07-15 10:00:00+12:00,0.407,KWH,,2,actual
,2026-07-15 10:00:00+12:00,2026-07-15 10:30:00+12:00,0.132,KWH,,2,actual
,2026-07-15 10:00:00+12:00,2026-07-15 10:30:00+12:00,0.875,KWH,,1,actual
,2026-07-15 10:30:00+12:00,2026-07-15 11:00:00+12:00,0.675,KWH,,1,actual
,2026-07-15 10:30:00+12:00,2026-07-15 11:00:00+12:00,0.001,KWH,,2,actual
,2026-07-15 11:00:00+12:00,2026-07-15 11:30:00+12:00,0.001,KWH,,2,actual
,2026-07-15 11:00:00+12:00,2026-07-15 11:30:00+12:00,0.19,KWH,,1,actual
,2026-07-15 11:30:00+12:00,2026-07-15 12:00:00+12:00,0.001,KWH,,2,actual
,2026-07-15 11:30:00+12:00,2026-07-15 12:00:00+12:00,0.147,KWH,,1,actual
,2026-07-15 12:00:00+12:00,2026-07-15 12:30:00+12:00,0.001,KWH,,2,actual
,2026-07-15 12:00:00+12:00,2026-07-15 12:30:00+12:00,0.108,KWH,,1,actual
,2026-07-15 12:30:00+12:00,2026-07-15 13:00:00+12:00,0.116,KWH,,1,actual
,2026-07-15 12:30:00+12:00,2026-07-15 13:00:00+12:00,0.001,KWH,,2,actual
,2026-07-15 13:00:00+12:00,2026-07-15 13:30:00+12:00,0.063,KWH,,2,actual
,2026-07-15 13:00:00+12:00,2026-07-15 13:30:00+12:00,0.17,KWH,,1,actual
,2026-07-15 13:30:00+12:00,2026-07-15 14:00:00+12:00,0.468,KWH,,2,actual
,2026-07-15 13:30:00+12:00,2026-07-15 14:00:00+12:00,0.223,KWH,,1,actual
,2026-07-15 14:00:00+12:00,2026-07-15 14:30:00+12:00,0.369,KWH,,1,actual
,2026-07-15 14:00:00+12:00,2026-07-15 14:30:00+12:00,0.464,KWH,,2,actual
,2026-07-15 14:30:00+12:00,2026-07-15 15:00:00+12:00,0.463,KWH,,2,actual
,2026-07-15 14:30:00+12:00,2026-07-15 15:00:00+12:00,0.412,KWH,,1,actual
,2026-07-15 15:00:00+12:00,2026-07-15 15:30:00+12:00,0.236,KWH,,1,actual
,2026-07-15 15:00:00+12:00,2026-07-15 15:30:00+12:00,0.501,KWH,,2,actual
,2026-07-15 15:30:00+12:00,2026-07-15 16:00:00+12:00,0.602,KWH,,1,actual
,2026-07-15 15:30:00+12:00,2026-07-15 16:00:00+12:00,0.001,KWH,,2,actual
,2026-07-15 16:00:00+12:00,2026-07-15 16:30:00+12:00,0.001,KWH,,2,actual
,2026-07-15 16:00:00+12:00,2026-07-15 16:30:00+12:00,1.07,KWH,,1,actual
,2026-07-15 16:30:00+12:00,2026-07-15 17:00:00+12:00,0.001,KWH,,2,actual
,2026-07-15 16:30:00+12:00,2026-07-15 17:00:00+12:00,0.598,KWH,,1,actual
,2026-07-15 17:00:00+12:00,2026-07-15 17:30:00+12:00,0.514,KWH,,1,actual
,2026-07-15 17:00:00+12:00,2026-07-15 17:30:00+12:00,0.124,KWH,,2,actual
,2026-07-15 17:30:00+12:00,2026-07-15 18:00:00+12:00,0.506,KWH,,2,actual
,2026-07-15 17:30:00+12:00,2026-07-15 18:00:00+12:00,0.518,KWH,,1,actual
,2026-07-15 18:00:00+12:00,2026-07-15 18:30:00+12:00,0.083,KWH,,2,actual
,2026-07-15 18:00:00+12:00,2026-07-15 18:30:00+12:00,1.76,KWH,,1,actual
,2026-07-15 18:30:00+12:00,2026-07-15 19:00:00+12:00,1.095,KWH,,1,actual
,2026-07-15 18:30:00+12:00,2026-07-15 19:00:00+12:00,0.001,KWH,,2,actual
,2026-07-15 19:00:00+12:00,2026-07-15 19:30:00+12:00,2.574,KWH,,1,actual
,2026-07-15 19:00:00+12:00,2026-07-15 19:30:00+12:00,0.385,KWH,,2,actual
,2026-07-15 19:30:00+12:00,2026-07-15 20:00:00+12:00,1.693,KWH,,1,actual
,2026-07-15 19:30:00+12:00,2026-07-15 20:00:00+12:00,0.469,KWH,,2,actual
,2026-07-15 20:00:00+12:00,2026-07-15 20:30:00+12:00,1.393,KWH,,1,actual
,2026-07-15 20:00:00+12:00,2026-07-15 20:30:00+12:00,0.205,KWH,,2,actual
,2026-07-15 20:30:00+12:00,2026-07-15 21:00:00+12:00,2.046,KWH,,1,actual
,2026-07-15 20:30:00+12:00,2026-07-15 21:00:00+12:00,0,KWH,,2,actual
,2026-07-15 21:00:00+12:00,2026-07-15 21:30:00+12:00,3.666,KWH,,1,actual
,2026-07-15 21:00:00+12:00,2026-07-15 21:30:00+12:00,0.072,KWH,,2,actual
,2026-07-15 21:30:00+12:00,2026-07-15 22:00:00+12:00,0.353,KWH,,2,actual
,2026-07-15 21:30:00+12:00,2026-07-15 22:00:00+12:00,2.684,KWH,,1,actual
,2026-07-15 22:00:00+12:00,2026-07-15 22:30:00+12:00,0.001,KWH,,2,actual
,2026-07-15 22:00:00+12:00,2026-07-15 22:30:00+12:00,1.499,KWH,,1,actual
,2026-07-15 22:30:00+12:00,2026-07-15 23:00:00+12:00,0.001,KWH,,2,actual
,2026-07-15 22:30:00+12:00,2026-07-15 23:00:00+12:00,1.01,KWH,,1,actual
,2026-07-15 23:00:00+12:00,2026-07-15 23:30:00+12:00,0.442,KWH,,2,actual
,2026-07-15 23:00:00+12:00,2026-07-15 23:30:00+12:00,1.68,KWH,,1,actual
,2026-07-15 23:30:00+12:00,2026-07-16 00:00:00+12:00,1.886,KWH,,1,actual
,2026-07-15 23:30:00+12:00,2026-07-16 00:00:00+12:00,0.459,KWH,,2,actual
,2026-07-16 00:00:00+12:00,2026-07-16 00:30:00+12:00,1.209,KWH,,1,actual
,2026-07-16 00:00:00+12:00,2026-07-16 00:30:00+12:00,0.422,KWH,,2,actual
,2026-07-16 00:30:00+12:00,2026-07-16 01:00:00+12:00,0,KWH,,2,actual
,2026-07-16 00:30:00+12:00,2026-07-16 01:00:00+12:00,0.963,KWH,,1,actual
,2026-07-16 01:00:00+12:00,2026-07-16 01:30:00+12:00,0.001,KWH,,2,actual
,2026-07-16 01:00:00+12:00,2026-07-16 01:30:00+12:00,0.47,KWH,,1,actual
,2026-07-16 01:30:00+12:00,2026-07-16 02:00:00+12:00,0.545,KWH,,1,actual
,2026-07-16 01:30:00+12:00,2026-07-16 02:00:00+12:00,0.001,KWH,,2,actual
,2026-07-16 02:00:00+12:00,2026-07-16 02:30:00+12:00,0.001,KWH,,2,actual
,2026-07-16 02:00:00+12:00,2026-07-16 02:30:00+12:00,0.536,KWH,,1,actual
,2026-07-16 02:30:00+12:00,2026-07-16 03:00:00+12:00,0.511,KWH,,1,actual
,2026-07-16 02:30:00+12:00,2026-07-16 03:00:00+12:00,0.001,KWH,,2,actual
,2026-07-16 03:00:00+12:00,2026-07-16 03:30:00+12:00,0.574,KWH,,1,actual
,2026-07-16 03:00:00+12:00,2026-07-16 03:30:00+12:00,0.001,KWH,,2,actual
,2026-07-16 03:30:00+12:00,2026-07-16 04:00:00+12:00,0.001,KWH,,2,actual
,2026-07-16 03:30:00+12:00,2026-07-16 04:00:00+12:00,0.497,KWH,,1,actual
,2026-07-16 04:00:00+12:00,2026-07-16 04:30:00+12:00,0.559,KWH,,1,actual
,2026-07-16 04:00:00+12:00,2026-07-16 04:30:00+12:00,0.001,KWH,,2,actual
,2026-07-16 04:30:00+12:00,2026-07-16 05:00:00+12:00,0.001,KWH,,2,actual
,2026-07-16 04:30:00+12:00,2026-07-16 05:00:00+12:00,0.578,KWH,,1,actual
,2026-07-16 05:00:00+12:00,2026-07-16 05:30:00+12:00,0,KWH,,2,actual
,2026-07-16 05:00:00+12:00,2026-07-16 05:30:00+12:00,0.579,KWH,,1,actual
,2026-07-16 05:30:00+12:00,2026-07-16 06:00:00+12:00,0.986,KWH,,1,actual
,2026-07-16 05:30:00+12:00,2026-07-16 06:00:00+12:00,0.001,KWH,,2,actual
,2026-07-16 06:00:00+12:00,2026-07-16 06:30:00+12:00,0.94,KWH,,1,actual
,2026-07-16 06:00:00+12:00,2026-07-16 06:30:00+12:00,0.001,KWH,,2,actual
,2026-07-16 06:30:00+12:00,2026-07-16 07:00:00+12:00,0.938,KWH,,1,actual
,2026-07-16 06:30:00+12:00,2026-07-16 07:00:00+12:00,0.001,KWH,,2,actual
,2026-07-16 07:00:00+12:00,2026-07-16 07:30:00+12:00,0.001,KWH,,2,actual
,2026-07-16 07:00:00+12:00,2026-07-16 07:30:00+12:00,0.839,KWH,,1,actual
,2026-07-16 07:30:00+12:00,2026-07-16 08:00:00+12:00,0.001,KWH,,2,actual
,2026-07-16 07:30:00+12:00,2026-07-16 08:00:00+12:00,0.874,KWH,,1,actual
,2026-07-16 08:00:00+12:00,2026-07-16 08:30:00+12:00,0.322,KWH,,2,actual
,2026-07-16 08:00:00+12:00,2026-07-16 08:30:00+12:00,1.105,KWH,,1,actual
,2026-07-16 08:30:00+12:00,2026-07-16 09:00:00+12:00,0.578,KWH,,1,actual
,2026-07-16 08:30:00+12:00,2026-07-16 09:00:00+12:00,0.001,KWH,,2,actual
,2026-07-16 09:00:00+12:00,2026-07-16 09:30:00+12:00,0.571,KWH,,1,actual
,2026-07-16 09:00:00+12:00,2026-07-16 09:30:00+12:00,0.001,KWH,,2,actual
,2026-07-16 09:30:00+12:00,2026-07-16 10:00:00+12:00,0.467,KWH,,1,actual
,2026-07-16 09:30:00+12:00,2026-07-16 10:00:00+12:00,0.001,KWH,,2,actual
,2026-07-16 10:00:00+12:00,2026-07-16 10:30:00+12:00,0.001,KWH,,2,actual
,2026-07-16 10:00:00+12:00,2026-07-16 10:30:00+12:00,0.442,KWH,,1,actual
,2026-07-16 10:30:00+12:00,2026-07-16 11:00:00+12:00,0.475,KWH,,1,actual
,2026-07-16 10:30:00+12:00,2026-07-16 11:00:00+12:00,0.089,KWH,,2,actual
,2026-07-16 11:00:00+12:00,2026-07-16 11:30:00+12:00,0.459,KWH,,2,actual
,2026-07-16 11:00:00+12:00,2026-07-16 11:30:00+12:00,0.416,KWH,,1,actual
,2026-07-16 11:30:00+12:00,2026-07-16 12:00:00+12:00,0.453,KWH,,2,actual
,2026-07-16 11:30:00+12:00,2026-07-16 12:00:00+12:00,0.137,KWH,,1,actual
,2026-07-16 12:00:00+12:00,2026-07-16 12:30:00+12:00,0.454,KWH,,2,actual
,2026-07-16 12:00:00+12:00,2026-07-16 12:30:00+12:00,0.158,KWH,,1,actual
,2026-07-16 12:30:00+12:00,2026-07-16 13:00:00+12:00,0.139,KWH,,1,actual
,2026-07-16 12:30:00+12:00,2026-07-16 13:00:00+12:00,0.417,KWH,,2,actual
,2026-07-16 13:00:00+12:00,2026-07-16 13:30:00+12:00,0,KWH,,2,actual
,2026-07-16 13:00:00+12:00,2026-07-16 13:30:00+12:00,0.126,KWH,,1,actual
,2026-07-16 13:30:00+12:00,2026-07-16 14:00:00+12:00,0.001,KWH,,2,actual
,2026-07-16 13:30:00+12:00,2026-07-16 14:00:00+12:00,0.158,KWH,,1,actual
,2026-07-16 14:00:00+12:00,2026-07-16 14:30:00+12:00,0.139,KWH,,1,actual
,2026-07-16 14:00:00+12:00,2026-07-16 14:30:00+12:00,0.001,KWH,,2,actual
,2026-07-16 14:30:00+12:00,2026-07-16 15:00:00+12:00,0.001,KWH,,2,actual
,2026-07-16 14:30:00+12:00,2026-07-16 15:00:00+12:00,0.137,KWH,,1,actual
,2026-07-16 15:00:00+12:00,2026-07-16 15:30:00+12:00,0.223,KWH,,1,actual
,2026-07-16 15:00:00+12:00,2026-07-16 15:30:00+12:00,0.001,KWH,,2,actual
,2026-07-16 15:30:00+12:00,2026-07-16 16:00:00+12:00,0.194,KWH,,1,actual
,2026-07-16 15:30:00+12:00,2026-07-16 16:00:00+12:00,0.001,KWH,,2,actual
,2026-07-16 16:00:00+12:00,2026-07-16 16:30:00+12:00,0.001,KWH,,2,actual
,2026-07-16 16:00:00+12:00,2026-07-16 16:30:00+12:00,0.186,KWH,,1,actual
,2026-07-16 16:30:00+12:00,2026-07-16 17:00:00+12:00,0.001,KWH,,2,actual
,2026-07-16 16:30:00+12:00,2026-07-16 17:00:00+12:00,0.416,KWH,,1,actual
,2026-07-16 17:00:00+12:00,2026-07-16 17:30:00+12:00,0.947,KWH,,1,actual
,2026-07-16 17:00:00+12:00,2026-07-16 17:30:00+12:00,0,KWH,,2,actual
,2026-07-16 17:30:00+12:00,2026-07-16 18:00:00+12:00,0.296,KWH,,2,actual
,2026-07-16 17:30:00+12:00,2026-07-16 18:00:00+12:00,1.398,KWH,,1,actual
,2026-07-16 18:00:00+12:00,2026-07-16 18:30:00+12:00,0.062,KWH,,2,actual
,2026-07-16 18:00:00+12:00,2026-07-16 18:30:00+12:00,1.761,KWH,,1,actual
,2026-07-16 18:30:00+12:00,2026-07-16 19:00:00+12:00,1.483,KWH,,1,actual
,2026-07-16 18:30:00+12:00,2026-07-16 19:00:00+12:00,0.001,KWH,,2,actual
,2026-07-16 19:00:00+12:00,2026-07-16 19:30:00+12:00,1.068,KWH,,1,actual
,2026-07-16 19:00:00+12:00,2026-07-16 19:30:00+12:00,0.353,KWH,,2,actual
,2026-07-16 19:30:00+12:00,2026-07-16 20:00:00+12:00,0.875,KWH,,1,actual
,2026-07-16 19:30:00+12:00,2026-07-16 20:00:00+12:00,0.001,KWH,,2,actual
,2026-07-16 20:00:00+12:00,2026-07-16 20:30:00+12:00,3.574,KWH,,1,actual
,2026-07-16 20:00:00+12:00,2026-07-16 20:30:00+12:00,0.001,KWH,,2,actual
,2026-07-16 20:30:00+12:00,2026-07-16 21:00:00+12:00,3.372,KWH,,1,actual
,2026-07-16 20:30:00+12:00,2026-07-16 21:00:00+12:00,0,KWH,,2,actual
,2026-07-16 21:00:00+12:00,2026-07-16 21:30:00+12:00,1.737,KWH,,1,actual
,2026-07-16 21:00:00+12:00,2026-07-16 21:30:00+12:00,0.224,KWH,,2,actual
,2026-07-16 21:30:00+12:00,2026-07-16 22:00:00+12:00,0.253,KWH,,2,actual
,2026-07-16 21:30:00+12:00,2026-07-16 22:00:00+12:00,1.583,KWH,,1,actual
,2026-07-16 22:00:00+12:00,2026-07-16 22:30:00+12:00,0.001,KWH,,2,actual
,2026-07-16 22:00:00+12:00,2026-07-16 22:30:00+12:00,2.515,KWH,,1,actual
,2026-07-16 22:30:00+12:00,2026-07-16 23:00:00+12:00,0,KWH,,2,actual
,2026-07-16 22:30:00+12:00,2026-07-16 23:00:00+12:00,3.401,KWH,,1,actual
,2026-07-16 23:00:00+12:00,2026-07-16 23:30:00+12:00,0.001,KWH,,2,actual
,2026-07-16 23:00:00+12:00,2026-07-16 23:30:00+12:00,2.913,KWH,,1,actual
,2026-07-16 23:30:00+12:00,2026-07-17 00:00:00+12:00,2.309,KWH,,1,actual
,2026-07-16 23:30:00+12:00,2026-07-17 00:00:00+12:00,0,KWH,,2,actual
,2026-07-17 00:00:00+12:00,2026-07-17 00:30:00+12:00,1.243,KWH,,1,actual
,2026-07-17 00:00:00+12:00,2026-07-17 00:30:00+12:00,0.001,KWH,,2,actual
,2026-07-17 00:30:00+12:00,2026-07-17 01:00:00+12:00,0.001,KWH,,2,actual
,2026-07-17 00:30:00+12:00,2026-07-17 01:00:00+12:00,1.016,KWH,,1,actual
,2026-07-17 01:00:00+12:00,2026-07-17 01:30:00+12:00,0.001,KWH,,2,actual
,2026-07-17 01:00:00+12:00,2026-07-17 01:30:00+12:00,1.145,KWH,,1,actual
,2026-07-17 01:30:00+12:00,2026-07-17 02:00:00+12:00,1.057,KWH,,1,actual
,2026-07-17 01:30:00+12:00,2026-07-17 02:00:00+12:00,0.001,KWH,,2,actual
,2026-07-17 02:00:00+12:00,2026-07-17 02:30:00+12:00,0.001,KWH,,2,actual
,2026-07-17 02:00:00+12:00,2026-07-17 02:30:00+12:00,1.138,KWH,,1,actual
,2026-07-17 02:30:00+12:00,2026-07-17 03:00:00+12:00,1.13,KWH,,1,actual
,2026-07-17 02:30:00+12:00,2026-07-17 03:00:00+12:00,0.001,KWH,,2,actual
,2026-07-17 03:00:00+12:00,2026-07-17 03:30:00+12:00,1.051,KWH,,1,actual
,2026-07-17 03:00:00+12:00,2026-07-17 03:30:00+12:00,0.322,KWH,,2,actual
,2026-07-17 03:30:00+12:00,2026-07-17 04:00:00+12:00,0.001,KWH,,2,actual
,2026-07-17 03:30:00+12:00,2026-07-17 04:00:00+12:00,1.066,KWH,,1,actual
,2026-07-17 04:00:00+12:00,2026-07-17 04:30:00+12:00,1.092,KWH,,1,actual
,2026-07-17 04:00:00+12:00,2026-07-17 04:30:00+12:00,0.001,KWH,,2,actual
,2026-07-17 04:30:00+12:00,2026-07-17 05:00:00+12:00,0.001,KWH,,2,actual
,2026-07-17 04:30:00+12:00,2026-07-17 05:00:00+12:00,1.066,KWH,,1,actual
,2026-07-17 05:00:00+12:00,2026-07-17 05:30:00+12:00,0,KWH,,2,actual
,2026-07-17 05:00:00+12:00,2026-07-17 05:30:00+12:00,1.067,KWH,,1,actual
,2026-07-17 05:30:00+12:00,2026-07-17 06:00:00+12:00,1.541,KWH,,1,actual
,2026-07-17 05:30:00+12:00,2026-07-17 06:00:00+12:00,0.001,KWH,,2,actual
,2026-07-17 06:00:00+12:00,2026-07-17 06:30:00+12:00,1.495,KWH,,1,actual
,2026-07-17 06:00:00+12:00,2026-07-17 06:30:00+12:00,0.001,KWH,,2,actual
,2026-07-17 06:30:00+12:00,2026-07-17 07:00:00+12:00,1.544,KWH,,1,actual
,2026-07-17 06:30:00+12:00,2026-07-17 07:00:00+12:00,0.001,KWH,,2,actual
,2026-07-17 07:00:00+12:00,2026-07-17 07:30:00+12:00,0.001,KWH,,2,actual
,2026-07-17 07:00:00+12:00,2026-07-17 07:30:00+12:00,1.416,KWH,,1,actual
,2026-07-17 07:30:00+12:00,2026-07-17 08:00:00+12:00,0.001,KWH,,2,actual
,2026-07-17 07:30:00+12:00,2026-07-17 08:00:00+12:00,1.437,KWH,,1,actual
,2026-07-17 08:00:00+12:00,2026-07-17 08:30:00+12:00,0.001,KWH,,2,actual
,2026-07-17 08:00:00+12:00,2026-07-17 08:30:00+12:00,1.467,KWH,,1,actual
,2026-07-17 08:30:00+12:00,2026-07-17 09:00:00+12:00,1.17,KWH,,1,actual
,2026-07-17 08:30:00+12:00,2026-07-17 09:00:00+12:00,0.001,KWH,,2,actual
,2026-07-17 09:00:00+12:00,2026-07-17 09:30:00+12:00,0.738,KWH,,1,actual
,2026-07-17 09:00:00+12:00,2026-07-17 09:30:00+12:00,0.519,KWH,,2,actual
,2026-07-17 09:30:00+12:00,2026-07-17 10:00:00+12:00,1.402,KWH,,1,actual
,2026-07-17 09:30:00+12:00,2026-07-17 10:00:00+12:00,0.001,KWH,,2,actual
,2026-07-17 10:00:00+12:00,2026-07-17 10:30:00+12:00,0.001,KWH,,2,actual
,2026-07-17 10:00:00+12:00,2026-07-17 10:30:00+12:00,0.744,KWH,,1,actual
,2026-07-17 10:30:00+12:00,2026-07-17 11:00:00+12:00,0.531,KWH,,1,actual
,2026-07-17 10:30:00+12:00,2026-07-17 11:00:00+12:00,0.001,KWH,,2,actual
,2026-07-17 11:00:00+12:00,2026-07-17 11:30:00+12:00,0.001,KWH,,2,actual
,2026-07-17 11:00:00+12:00,2026-07-17 11:30:00+12:00,0.463,KWH,,1,actual
,2026-07-17 11:30:00+12:00,2026-07-17 12:00:00+12:00,0.001,KWH,,2,actual
,2026-07-17 11:30:00+12:00,2026-07-17 12:00:00+12:00,0.142,KWH,,1,actual
,2026-07-17 12:00:00+12:00,2026-07-17 12:30:00+12:00,0.001,KWH,,2,actual
,2026-07-17 12:00:00+12:00,2026-07-17 12:30:00+12:00,0.139,KWH,,1,actual
,2026-07-17 12:30:00+12:00,2026-07-17 13:00:00+12:00,0.166,KWH,,1,actual
,2026-07-17 12:30:00+12:00,2026-07-17 13:00:00+12:00,0.137,KWH,,2,actual
,2026-07-17 13:00:00+12:00,2026-07-17 13:30:00+12:00,0.56,KWH,,2,actual
,2026-07-17 13:00:00+12:00,2026-07-17 13:30:00+12:00,0.222,KWH,,1,actual
,2026-07-17 13:30:00+12:00,2026-07-17 14:00:00+12:00,0.552,KWH,,2,actual
,2026-07-17 13:30:00+12:00,2026-07-17 14:00:00+12:00,0.296,KWH,,1,actual
,2026-07-17 14:00:00+12:00,2026-07-17 14:30:00+12:00,0.17,KWH,,1,actual
,2026-07-17 14:00:00+12:00,2026-07-17 14:30:00+12:00,0.551,KWH,,2,actual
,2026-07-17 14:30:00+12:00,2026-07-17 15:00:00+12:00,0.6,KWH,,2,actual
,2026-07-17 14:30:00+12:00,2026-07-17 15:00:00+12:00,0.189,KWH,,1,actual
,2026-07-17 15:00:00+12:00,2026-07-17 15:30:00+12:00,0.151,KWH,,1,actual
,2026-07-17 15:00:00+12:00,2026-07-17 15:30:00+12:00,0.131,KWH,,2,actual
,2026-07-17 15:30:00+12:00,2026-07-17 16:00:00+12:00,0.162,KWH,,1,actual
,2026-07-17 15:30:00+12:00,2026-07-17 16:00:00+12:00,0.001,KWH,,2,actual
,2026-07-17 16:00:00+12:00,2026-07-17 16:30:00+12:00,0.001,KWH,,2,actual
,2026-07-17 16:00:00+12:00,2026-07-17 16:30:00+12:00,0.164,KWH,,1,actual
,2026-07-17 16:30:00+12:00,2026-07-17 17:00:00+12:00,0.001,KWH,,2,actual
,2026-07-17 16:30:00+12:00,2026-07-17 17:00:00+12:00,0.158,KWH,,1,actual
,2026-07-17 17:00:00+12:00,2026-07-17 17:30:00+12:00,0.169,KWH,,1,actual
,2026-07-17 17:00:00+12:00,2026-07-17 17:30:00+12:00,0.001,KWH,,2,actual
,2026-07-17 17:30:00+12:00,2026-07-17 18:00:00+12:00,0.001,KWH,,2,actual
,2026-07-17 17:30:00+12:00,2026-07-17 18:00:00+12:00,0.154,KWH,,1,actual
,2026-07-17 18:00:00+12:00,2026-07-17 18:30:00+12:00,0.039,KWH,,2,actual
,2026-07-17 18:00:00+12:00,2026-07-17 18:30:00+12:00,1.517,KWH,,1,actual
,2026-07-17 18:30:00+12:00,2026-07-17 19:00:00+12:00,1.363,KWH,,1,actual
,2026-07-17 18:30:00+12:00,2026-07-17 19:00:00+12:00,0.338,KWH,,2,actual
,2026-07-17 19:00:00+12:00,2026-07-17 19:30:00+12:00,1.167,KWH,,1,actual
,2026-07-17 19:00:00+12:00,2026-07-17 19:30:00+12:00,0.001,KWH,,2,actual
,2026-07-17 19:30:00+12:00,2026-07-17 20:00:00+12:00,1.047,KWH,,1,actual
,2026-07-17 19:30:00+12:00,2026-07-17 20:00:00+12:00,0,KWH,,2,actual
,2026-07-17 20:00:00+12:00,2026-07-17 20:30:00+12:00,1,KWH,,1,actual
,2026-07-17 20:00:00+12:00,2026-07-17 20:30:00+12:00,0.001,KWH,,2,actual
,2026-07-17 20:30:00+12:00,2026-07-17 21:00:00+12:00,1.154,KWH,,1,actual
,2026-07-17 20:30:00+12:00,2026-07-17 21:00:00+12:00,0.001,KWH,,2,actual
,2026-07-17 21:00:00+12:00,2026-07-17 21:30:00+12:00,1.432,KWH,,1,actual
,2026-07-17 21:00:00+12:00,2026-07-17 21:30:00+12:00,0.001,KWH,,2,actual
,2026-07-17 21:30:00+12:00,2026-07-17 22:00:00+12:00,0,KWH,,2,actual
,2026-07-17 21:30:00+12:00,2026-07-17 22:00:00+12:00,1.447,KWH,,1,actual
,2026-07-17 22:00:00+12:00,2026-07-17 22:30:00+12:00,0.001,KWH,,2,actual
,2026-07-17 22:00:00+12:00,2026-07-17 22:30:00+12:00,1.474,KWH,,1,actual
,2026-07-17 22:30:00+12:00,2026-07-17 23:00:00+12:00,0.001,KWH,,2,actual
,2026-07-17 22:30:00+12:00,2026-07-17 23:00:00+12:00,1.339,KWH,,1,actual
,2026-07-17 23:00:00+12:00,2026-07-17 23:30:00+12:00,0.001,KWH,,2,actual
,2026-07-17 23:00:00+12:00,2026-07-17 23:30:00+12:00,1.256,KWH,,1,actual
,2026-07-17 23:30:00+12:00,2026-07-18 00:00:00+12:00,0.918,KWH,,1,actual
,2026-07-17 23:30:00+12:00,2026-07-18 00:00:00+12:00,0.001,KWH,,2,actual
,2026-07-18 00:00:00+12:00,2026-07-18 00:30:00+12:00,0.697,KWH,,1,actual
,2026-07-18 00:00:00+12:00,2026-07-18 00:30:00+12:00,0.001,KWH,,2,actual
,2026-07-18 00:30:00+12:00,2026-07-18 01:00:00+12:00,0,KWH,,2,actual
,2026-07-18 00:30:00+12:00,2026-07-18 01:00:00+12:00,0.656,KWH,,1,actual
,2026-07-18 01:00:00+12:00,2026-07-18 01:30:00+12:00,0.001,KWH,,2,actual
,2026-07-18 01:00:00+12:00,2026-07-18 01:30:00+12:00,0.678,KWH,,1,actual
,2026-07-18 01:30:00+12:00,2026-07-18 02:00:00+12:00,0.719,KWH,,1,actual
,2026-07-18 01:30:00+12:00,2026-07-18 02:00:00+12:00,0.001,KWH,,2,actual
,2026-07-18 02:00:00+12:00,2026-07-18 02:30:00+12:00,0.301,KWH,,2,actual
,2026-07-18 02:00:00+12:00,2026-07-18 02:30:00+12:00,0.681,KWH,,1,actual
,2026-07-18 02:30:00+12:00,2026-07-18 03:00:00+12:00,0.696,KWH,,1,actual
,2026-07-18 02:30:00+12:00,2026-07-18 03:00:00+12:00,0.001,KWH,,2,actual
,2026-07-18 03:00:00+12:00,2026-07-18 03:30:00+12:00,0.755,KWH,,1,actual
,2026-07-18 03:00:00+12:00,2026-07-18 03:30:00+12:00,0.001,KWH,,2,actual
,2026-07-18 03:30:00+12:00,2026-07-18 04:00:00+12:00,0.001,KWH,,2,actual
,2026-07-18 03:30:00+12:00,2026-07-18 04:00:00+12:00,0.69,KWH,,1,actual
,2026-07-18 04:00:00+12:00,2026-07-18 04:30:00+12:00,0.759,KWH,,1,actual
,2026-07-18 04:00:00+12:00,2026-07-18 04:30:00+12:00,0.001,KWH,,2,actual
,2026-07-18 04:30:00+12:00,2026-07-18 05:00:00+12:00,0.001,KWH,,2,actual
,2026-07-18 04:30:00+12:00,2026-07-18 05:00:00+12:00,0.733,KWH,,1,actual
,2026-07-18 05:00:00+12:00,2026-07-18 05:30:00+12:00,0.001,KWH,,2,actual
,2026-07-18 05:00:00+12:00,2026-07-18 05:30:00+12:00,0.729,KWH,,1,actual
,2026-07-18 05:30:00+12:00,2026-07-18 06:00:00+12:00,1.163,KWH,,1,actual
,2026-07-18 05:30:00+12:00,2026-07-18 06:00:00+12:00,0.001,KWH,,2,actual
,2026-07-18 06:00:00+12:00,2026-07-18 06:30:00+12:00,1.172,KWH,,1,actual
,2026-07-18 06:00:00+12:00,2026-07-18 06:30:00+12:00,0.001,KWH,,2,actual
,2026-07-18 06:30:00+12:00,2026-07-18 07:00:00+12:00,1.158,KWH,,1,actual
,2026-07-18 06:30:00+12:00,2026-07-18 07:00:00+12:00,0.001,KWH,,2,actual
,2026-07-18 07:00:00+12:00,2026-07-18 07:30:00+12:00,0.001,KWH,,2,actual
,2026-07-18 07:00:00+12:00,2026-07-18 07:30:00+12:00,1.108,KWH,,1,actual
,2026-07-18 07:30:00+12:00,2026-07-18 08:00:00+12:00,0.001,KWH,,2,actual
,2026-07-18 07:30:00+12:00,2026-07-18 08:00:00+12:00,1.047,KWH,,1,actual
,2026-07-18 08:00:00+12:00,2026-07-18 08:30:00+12:00,0.001,KWH,,2,actual
,2026-07-18 08:00:00+12:00,2026-07-18 08:30:00+12:00,0.824,KWH,,1,actual
,2026-07-18 08:30:00+12:00,2026-07-18 09:00:00+12:00,0.721,KWH,,1,actual
,2026-07-18 08:30:00+12:00,2026-07-18 09:00:00+12:00,0.372,KWH,,2,actual
,2026-07-18 09:00:00+12:00,2026-07-18 09:30:00+12:00,0.684,KWH,,1,actual
,2026-07-18 09:00:00+12:00,2026-07-18 09:30:00+12:00,0.549,KWH,,2,actual
,2026-07-18 09:30:00+12:00,2026-07-18 10:00:00+12:00,0.599,KWH,,1,actual
,2026-07-18 09:30:00+12:00,2026-07-18 10:00:00+12:00,0.548,KWH,,2,actual
,2026-07-18 10:00:00+12:00,2026-07-18 10:30:00+12:00,0.489,KWH,,2,actual
,2026-07-18 10:00:00+12:00,2026-07-18 10:30:00+12:00,0.537,KWH,,1,actual
,2026-07-18 10:30:00+12:00,2026-07-18 11:00:00+12:00,0.508,KWH,,1,actual
,2026-07-18 10:30:00+12:00,2026-07-18 11:00:00+12:00,0.001,KWH,,2,actual
,2026-07-18 11:00:00+12:00,2026-07-18 11:30:00+12:00,0,KWH,,2,actual
,2026-07-18 11:00:00+12:00,2026-07-18 11:30:00+12:00,0.484,KWH,,1,actual
,2026-07-18 11:30:00+12:00,2026-07-18 12:00:00+12:00,0.001,KWH,,2,actual
,2026-07-18 11:30:00+12:00,2026-07-18 12:00:00+12:00,0.448,KWH,,1,actual
,2026-07-18 12:00:00+12:00,2026-07-18 12:30:00+12:00,0.444,KWH,,1,actual
,2026-07-18 12:00:00+12:00,2026-07-18 12:30:00+12:00,0.001,KWH,,2,actual
,2026-07-18 12:30:00+12:00,2026-07-18 13:00:00+12:00,0.001,KWH,,2,actual
,2026-07-18 12:30:00+12:00,2026-07-18 13:00:00+12:00,0.397,KWH,,1,actual
,2026-07-18 13:00:00+12:00,2026-07-18 13:30:00+12:00,0.069,KWH,,1,actual
,2026-07-18 13:00:00+12:00,2026-07-18 13:30:00+12:00,0.001,KWH,,2,actual
,2026-07-18 13:30:00+12:00,2026-07-18 14:00:00+12:00,0.075,KWH,,1,actual
,2026-07-18 13:30:00+12:00,2026-07-18 14:00:00+12:00,0,KWH,,2,actual
,2026-07-18 14:00:00+12:00,2026-07-18 14:30:00+12:00,0.348,KWH,,2,actual
,2026-07-18 14:00:00+12:00,2026-07-18 14:30:00+12:00,0.089,KWH,,1,actual
,2026-07-18 14:30:00+12:00,2026-07-18 15:00:00+12:00,0.076,KWH,,1,actual
,2026-07-18 14:30:00+12:00,2026-07-18 15:00:00+12:00,0.001,KWH,,2,actual
,2026-07-18 15:00:00+12:00,2026-07-18 15:30:00+12:00,0,KWH,,2,actual
,2026-07-18 15:00:00+12:00,2026-07-18 15:30:00+12:00,0.149,KWH,,1,actual
,2026-07-18 15:30:00+12:00,2026-07-18 16:00:00+12:00,0.001,KWH,,2,actual
,2026-07-18 15:30:00+12:00,2026-07-18 16:00:00+12:00,0.158,KWH,,1,actual
,2026-07-18 16:00:00+12:00,2026-07-18 16:30:00+12:00,0.376,KWH,,1,actual
,2026-07-18 16:00:00+12:00,2026-07-18 16:30:00+12:00,0.043,KWH,,2,actual
,2026-07-18 16:30:00+12:00,2026-07-18 17:00:00+12:00,0.286,KWH,,1,actual
,2026-07-18 16:30:00+12:00,2026-07-18 17:00:00+12:00,0.568,KWH,,2,actual
,2026-07-18 17:00:00+12:00,2026-07-18 17:30:00+12:00,0.186,KWH,,2,actual
,2026-07-18 17:00:00+12:00,2026-07-18 17:30:00+12:00,2.05,KWH,,1,actual
,2026-07-18 17:30:00+12:00,2026-07-18 18:00:00+12:00,2.679,KWH,,1,actual
,2026-07-18 17:30:00+12:00,2026-07-18 18:00:00+12:00,0.243,KWH,,2,actual
,2026-07-18 18:00:00+12:00,2026-07-18 18:30:00+12:00,2.929,KWH,,1,actual
,2026-07-18 18:00:00+12:00,2026-07-18 18:30:00+12:00,0.022,KWH,,2,actual
,2026-07-18 18:30:00+12:00,2026-07-18 19:00:00+12:00,0.399,KWH,,2,actual
,2026-07-18 18:30:00+12:00,2026-07-18 19:00:00+12:00,2.828,KWH,,1,actual
,2026-07-18 19:00:00+12:00,2026-07-18 19:30:00+12:00,0.557,KWH,,2,actual
,2026-07-18 19:00:00+12:00,2026-07-18 19:30:00+12:00,3.286,KWH,,1,actual
,2026-07-18 19:30:00+12:00,2026-07-18 20:00:00+12:00,0.153,KWH,,2,actual
,2026-07-18 19:30:00+12:00,2026-07-18 20:00:00+12:00,3.267,KWH,,1,actual
,2026-07-18 20:00:00+12:00,2026-07-18 20:30:00+12:00,0.345,KWH,,2,actual
,2026-07-18 20:00:00+12:00,2026-07-18 20:30:00+12:00,3.009,KWH,,1,actual
,2026-07-18 20:30:00+12:00,2026-07-18 21:00:00+12:00,0.195,KWH,,2,actual
,2026-07-18 20:30:00+12:00,2026-07-18 21:00:00+12:00,3.364,KWH,,1,actual
,2026-07-18 21:00:00+12:00,2026-07-18 21:30:00+12:00,0.261,KWH,,2,actual
,2026-07-18 21:00:00+12:00,2026-07-18 21:30:00+12:00,2.936,KWH,,1,actual
,2026-07-18 21:30:00+12:00,2026-07-18 22:00:00+12:00,3.432,KWH,,1,actual
,2026-07-18 21:30:00+12:00,2026-07-18 22:00:00+12:00,0,KWH,,2,actual
,2026-07-18 22:00:00+12:00,2026-07-18 22:30:00+12:00,3.195,KWH,,1,actual
,2026-07-18 22:00:00+12:00,2026-07-18 22:30:00+12:00,0.001,KWH,,2,actual
,2026-07-18 22:30:00+12:00,2026-07-18 23:00:00+12:00,2.938,KWH,,1,actual
,2026-07-18 22:30:00+12:00,2026-07-18 23:00:00+12:00,0,KWH,,2,actual
,2026-07-18 23:00:00+12:00,2026-07-18 23:30:00+12:00,2.959,KWH,,1,actual
,2026-07-18 23:00:00+12:00,2026-07-18 23:30:00+12:00,0.001,KWH,,2,actual
,2026-07-18 23:30:00+12:00,2026-07-19 00:00:00+12:00,0,KWH,,2,actual
,2026-07-18 23:30:00+12:00,2026-07-19 00:00:00+12:00,2.903,KWH,,1,actual
,2026-07-19 00:00:00+12:00,2026-07-19 00:30:00+12:00,0.673,KWH,,2,actual
,2026-07-19 00:00:00+12:00,2026-07-19 00:30:00+12:00,2.538,KWH,,1,actual
,2026-07-19 00:30:00+12:00,2026-07-19 01:00:00+12:00,2.341,KWH,,1,actual
,2026-07-19 00:30:00+12:00,2026-07-19 01:00:00+12:00,0.717,KWH,,2,actual
,2026-07-19 01:00:00+12:00,2026-07-19 01:30:00+12:00,1.301,KWH,,1,actual
,2026-07-19 01:00:00+12:00,2026-07-19 01:30:00+12:00,0.612,KWH,,2,actual
,2026-07-19 01:30:00+12:00,2026-07-19 02:00:00+12:00,0.001,KWH,,2,actual
,2026-07-19 01:30:00+12:00,2026-07-19 02:00:00+12:00,1.015,KWH,,1,actual
,2026-07-19 02:00:00+12:00,2026-07-19 02:30:00+12:00,1.011,KWH,,1,actual
,2026-07-19 02:00:00+12:00,2026-07-19 02:30:00+12:00,0.001,KWH,,2,actual
,2026-07-19 02:30:00+12:00,2026-07-19 03:00:00+12:00,0,KWH,,2,actual
,2026-07-19 02:30:00+12:00,2026-07-19 03:00:00+12:00,0.93,KWH,,1,actual
,2026-07-19 03:00:00+12:00,2026-07-19 03:30:00+12:00,0.001,KWH,,2,actual
,2026-07-19 03:00:00+12:00,2026-07-19 03:30:00+12:00,1.021,KWH,,1,actual
,2026-07-19 03:30:00+12:00,2026-07-19 04:00:00+12:00,0.986,KWH,,1,actual
,2026-07-19 03:30:00+12:00,2026-07-19 04:00:00+12:00,0.001,KWH,,2,actual
,2026-07-19 04:00:00+12:00,2026-07-19 04:30:00+12:00,0.001,KWH,,2,actual
,2026-07-19 04:00:00+12:00,2026-07-19 04:30:00+12:00,1.086,KWH,,1,actual
,2026-07-19 04:30:00+12:00,2026-07-19 05:00:00+12:00,1.016,KWH,,1,actual
,2026-07-19 04:30:00+12:00,2026-07-19 05:00:00+12:00,0.001,KWH,,2,actual
,2026-07-19 05:00:00+12:00,2026-07-19 05:30:00+12:00,1.118,KWH,,1,actual
,2026-07-19 05:00:00+12:00,2026-07-19 05:30:00+12:00,0.001,KWH,,2,actual
,2026-07-19 05:30:00+12:00,2026-07-19 06:00:00+12:00,0.001,KWH,,2,actual
,2026-07-19 05:30:00+12:00,2026-07-19 06:00:00+12:00,1.392,KWH,,1,actual
,2026-07-19 06:00:00+12:00,2026-07-19 06:30:00+12:00,0,KWH,,2,actual
,2026-07-19 06:00:00+12:00,2026-07-19 06:30:00+12:00,1.438,KWH,,1,actual
,2026-07-19 06:30:00+12:00,2026-07-19 07:00:00+12:00,0.001,KWH,,2,actual
,2026-07-19 06:30:00+12:00,2026-07-19 07:00:00+12:00,1.448,KWH,,1,actual
,2026-07-19 07:00:00+12:00,2026-07-19 07:30:00+12:00,1.472,KWH,,1,actual
,2026-07-19 07:00:00+12:00,2026-07-19 07:30:00+12:00,0.001,KWH,,2,actual
,2026-07-19 07:30:00+12:00,2026-07-19 08:00:00+12:00,1.338,KWH,,1,actual
,2026-07-19 07:30:00+12:00,2026-07-19 08:00:00+12:00,0.001,KWH,,2,actual
,2026-07-19 08:00:00+12:00,2026-07-19 08:30:00+12:00,1.423,KWH,,1,actual
,2026-07-19 08:00:00+12:00,2026-07-19 08:30:00+12:00,0.001,KWH,,2,actual
,2026-07-19 08:30:00+12:00,2026-07-19 09:00:00+12:00,0.001,KWH,,2,actual
,2026-07-19 08:30:00+12:00,2026-07-19 09:00:00+12:00,0.658,KWH,,1,actual
,2026-07-19 09:00:00+12:00,2026-07-19 09:30:00+12:00,0.001,KWH,,2,actual
,2026-07-19 09:00:00+12:00,2026-07-19 09:30:00+12:00,0.651,KWH,,1,actual
,2026-07-19 09:30:00+12:00,2026-07-19 10:00:00+12:00,0.001,KWH,,2,actual
,2026-07-19 09:30:00+12:00,2026-07-19 10:00:00+12:00,0.602,KWH,,1,actual
,2026-07-19 10:00:00+12:00,2026-07-19 10:30:00+12:00,0.543,KWH,,1,actual
,2026-07-19 10:00:00+12:00,2026-07-19 10:30:00+12:00,0,KWH,,2,actual
,2026-07-19 10:30:00+12:00,2026-07-19 11:00:00+12:00,0.001,KWH,,2,actual
,2026-07-19 10:30:00+12:00,2026-07-19 11:00:00+12:00,0.541,KWH,,1,actual
,2026-07-19 11:00:00+12:00,2026-07-19 11:30:00+12:00,0.513,KWH,,1,actual
,2026-07-19 11:00:00+12:00,2026-07-19 11:30:00+12:00,0.001,KWH,,2,actual
,2026-07-19 11:30:00+12:00,2026-07-19 12:00:00+12:00,0.534,KWH,,1,actual
,2026-07-19 11:30:00+12:00,2026-07-19 12:00:00+12:00,0.295,KWH,,2,actual
,2026-07-19 12:00:00+12:00,2026-07-19 12:30:00+12:00,0.506,KWH,,1,actual
,2026-07-19 12:00:00+12:00,2026-07-19 12:30:00+12:00,0.001,KWH,,2,actual
,2026-07-19 12:30:00+12:00,2026-07-19 13:00:00+12:00,0.001,KWH,,2,actual
,2026-07-19 12:30:00+12:00,2026-07-19 13:00:00+12:00,0.523,KWH,,1,actual
,2026-07-19 13:00:00+12:00,2026-07-19 13:30:00+12:00,1.411,KWH,,1,actual
,2026-07-19 13:00:00+12:00,2026-07-19 13:30:00+12:00,0,KWH,,2,actual
,2026-07-19 13:30:00+12:00,2026-07-19 14:00:00+12:00,0.824,KWH,,1,actual
,2026-07-19 13:30:00+12:00,2026-07-19 14:00:00+12:00,0.001,KWH,,2,actual
,2026-07-19 14:00:00+12:00,2026-07-19 14:30:00+12:00,0.001,KWH,,2,actual
,2026-07-19 14:00:00+12:00,2026-07-19 14:30:00+12:00,1.022,KWH,,1,actual
,2026-07-19 14:30:00+12:00,2026-07-19 15:00:00+12:00,0.972,KWH,,1,actual
,2026-07-19 14:30:00+12:00,2026-07-19 15:00:00+12:00,0.001,KWH,,2,actual
,2026-07-19 15:00:00+12:00,2026-07-19 15:30:00+12:00,0.389,KWH,,2,actual
,2026-07-19 15:00:00+12:00,2026-07-19 15:30:00+12:00,0.69,KWH,,1,actual
,2026-07-19 15:30:00+12:00,2026-07-19 16:00:00+12:00,0.001,KWH,,2,actual
,2026-07-19 15:30:00+12:00,2026-07-19 16:00:00+12:00,0.6,KWH,,1,actual
,2026-07-19 16:00:00+12:00,2026-07-19 16:30:00+12:00,0.602,KWH,,1,actual
,2026-07-19 16:00:00+12:00,2026-07-19 16:30:00+12:00,0.001,KWH,,2,actual
,2026-07-19 16:30:00+12:00,2026-07-19 17:00:00+12:00,1.215,KWH,,1,actual
,2026-07-19 16:30:00+12:00,2026-07-19 17:00:00+12:00,0,KWH,,2,actual
,2026-07-19 17:00:00+12:00,2026-07-19 17:30:00+12:00,0.001,KWH,,2,actual
,2026-07-19 17:00:00+12:00,2026-07-19 17:30:00+12:00,3.215,KWH,,1,actual
,2026-07-19 17:30:00+12:00,2026-07-19 18:00:00+12:00,2.333,KWH,,1,actual
,2026-07-19 17:30:00+12:00,2026-07-19 18:00:00+12:00,0,KWH,,2,actual
,2026-07-19 18:00:00+12:00,2026-07-19 18:30:00+12:00,2.306,KWH,,1,actual
,2026-07-19 18:00:00+12:00,2026-07-19 18:30:00+12:00,0.001,KWH,,2,actual
,2026-07-19 18:30:00+12:00,2026-07-19 19:00:00+12:00,0.303,KWH,,2,actual
,2026-07-19 18:30:00+12:00,2026-07-19 19:00:00+12:00,1.667,KWH,,1,actual
,2026-07-19 19:00:00+12:00,2026-07-19 19:30:00+12:00,0.063,KWH,,2,actual
,2026-07-19 19:00:00+12:00,2026-07-19 19:30:00+12:00,2.022,KWH,,1,actual
,2026-07-19 19:30:00+12:00,2026-07-19 20:00:00+12:00,0,KWH,,2,actual
,2026-07-19 19:30:00+12:00,2026-07-19 20:00:00+12:00,1.417,KWH,,1,actual
,2026-07-19 20:00:00+12:00,2026-07-19 20:30:00+12:00,0.19,KWH,,2,actual
,2026-07-19 20:00:00+12:00,2026-07-19 20:30:00+12:00,1.645,KWH,,1,actual
,2026-07-19 20:30:00+12:00,2026-07-19 21:00:00+12:00,0.526,KWH,,2,actual
,2026-07-19 20:30:00+12:00,2026-07-19 21:00:00+12:00,1.46,KWH,,1,actual
,2026-07-19 21:00:00+12:00,2026-07-19 21:30:00+12:00,0.001,KWH,,2,actual
,2026-07-19 21:00:00+12:00,2026-07-19 21:30:00+12:00,1.368,KWH,,1,actual
,2026-07-19 21:30:00+12:00,2026-07-19 22:00:00+12:00,1.305,KWH,,1,actual
,2026-07-19 21:30:00+12:00,2026-07-19 22:00:00+12:00,0.001,KWH,,2,actual
,2026-07-19 22:00:00+12:00,2026-07-19 22:30:00+12:00,1.361,KWH,,1,actual
,2026-07-19 22:00:00+12:00,2026-07-19 22:30:00+12:00,0,KWH,,2,actual
,2026-07-19 22:30:00+12:00,2026-07-19 23:00:00+12:00,1.347,KWH,,1,actual
,2026-07-19 22:30:00+12:00,2026-07-19 23:00:00+12:00,0.001,KWH,,2,actual
,2026-07-19 23:00:00+12:00,2026-07-19 23:30:00+12:00,1.476,KWH,,1,actual
,2026-07-19 23:00:00+12:00,2026-07-19 23:30:00+12:00,0.001,KWH,,2,actual
,2026-07-19 23:30:00+12:00,2026-07-20 00:00:00+12:00,0.001,KWH,,2,actual
,2026-07-19 23:30:00+12:00,2026-07-20 00:00:00+12:00,1.33,KWH,,1,actual
,2026-07-20 00:00:00+12:00,2026-07-20 00:30:00+12:00,0.001,KWH,,2,actual
,2026-07-20 00:00:00+12:00,2026-07-20 00:30:00+12:00,0.917,KWH,,1,actual
,2026-07-20 00:30:00+12:00,2026-07-20 01:00:00+12:00,0.927,KWH,,1,actual
,2026-07-20 00:30:00+12:00,2026-07-20 01:00:00+12:00,0.014,KWH,,2,actual
,2026-07-20 01:00:00+12:00,2026-07-20 01:30:00+12:00,0.928,KWH,,1,actual
,2026-07-20 01:00:00+12:00,2026-07-20 01:30:00+12:00,0.264,KWH,,2,actual
,2026-07-20 01:30:00+12:00,2026-07-20 02:00:00+12:00,0.001,KWH,,2,actual
,2026-07-20 01:30:00+12:00,2026-07-20 02:00:00+12:00,0.926,KWH,,1,actual
,2026-07-20 02:00:00+12:00,2026-07-20 02:30:00+12:00,0.885,KWH,,1,actual
,2026-07-20 02:00:00+12:00,2026-07-20 02:30:00+12:00,0.001,KWH,,2,actual
,2026-07-20 02:30:00+12:00,2026-07-20 03:00:00+12:00,0.001,KWH,,2,actual
,2026-07-20 02:30:00+12:00,2026-07-20 03:00:00+12:00,0.909,KWH,,1,actual
,2026-07-20 03:00:00+12:00,2026-07-20 03:30:00+12:00,0.001,KWH,,2,actual
,2026-07-20 03:00:00+12:00,2026-07-20 03:30:00+12:00,0.992,KWH,,1,actual
,2026-07-20 03:30:00+12:00,2026-07-20 04:00:00+12:00,0.946,KWH,,1,actual
,2026-07-20 03:30:00+12:00,2026-07-20 04:00:00+12:00,0,KWH,,2,actual
,2026-07-20 04:00:00+12:00,2026-07-20 04:30:00+12:00,0.001,KWH,,2,actual
,2026-07-20 04:00:00+12:00,2026-07-20 04:30:00+12:00,1.001,KWH,,1,actual
,2026-07-20 04:30:00+12:00,2026-07-20 05:00:00+12:00,0.965,KWH,,1,actual
,2026-07-20 04:30:00+12:00,2026-07-20 05:00:00+12:00,0.001,KWH,,2,actual
,2026-07-20 05:00:00+12:00,2026-07-20 05:30:00+12:00,1.013,KWH,,1,actual
,2026-07-20 05:00:00+12:00,2026-07-20 05:30:00+12:00,0.001,KWH,,2,actual
,2026-07-20 05:30:00+12:00,2026-07-20 06:00:00+12:00,0.001,KWH,,2,actual
,2026-07-20 05:30:00+12:00,2026-07-20 06:00:00+12:00,1.432,KWH,,1,actual
,2026-07-20 06:00:00+12:00,2026-07-20 06:30:00+12:00,0.001,KWH,,2,actual
,2026-07-20 06:00:00+12:00,2026-07-20 06:30:00+12:00,1.425,KWH,,1,actual
,2026-07-20 06:30:00+12:00,2026-07-20 07:00:00+12:00,0.001,KWH,,2,actual
,2026-07-20 06:30:00+12:00,2026-07-20 07:00:00+12:00,1.967,KWH,,1,actual
,2026-07-20 07:00:00+12:00,2026-07-20 07:30:00+12:00,1.871,KWH,,1,actual
,2026-07-20 07:00:00+12:00,2026-07-20 07:30:00+12:00,0,KWH,,2,actual
,2026-07-20 07:30:00+12:00,2026-07-20 08:00:00+12:00,1.755,KWH,,1,actual
,2026-07-20 07:30:00+12:00,2026-07-20 08:00:00+12:00,0.099,KWH,,2,actual
,2026-07-20 08:00:00+12:00,2026-07-20 08:30:00+12:00,1.541,KWH,,1,actual
,2026-07-20 08:00:00+12:00,2026-07-20 08:30:00+12:00,0.248,KWH,,2,actual
,2026-07-20 08:30:00+12:00,2026-07-20 09:00:00+12:00,0.001,KWH,,2,actual
,2026-07-20 08:30:00+12:00,2026-07-20 09:00:00+12:00,0.666,KWH,,1,actual
,2026-07-20 09:00:00+12:00,2026-07-20 09:30:00+12:00,0.001,KWH,,2,actual
,2026-07-20 09:00:00+12:00,2026-07-20 09:30:00+12:00,0.311,KWH,,1,actual
,2026-07-20 09:30:00+12:00,2026-07-20 10:00:00+12:00,0.001,KWH,,2,actual
,2026-07-20 09:30:00+12:00,2026-07-20 10:00:00+12:00,0.378,KWH,,1,actual
,2026-07-20 10:00:00+12:00,2026-07-20 10:30:00+12:00,0.493,KWH,,1,actual
,2026-07-20 10:00:00+12:00,2026-07-20 10:30:00+12:00,0.001,KWH,,2,actual
,2026-07-20 10:30:00+12:00,2026-07-20 11:00:00+12:00,0.001,KWH,,2,actual
,2026-07-20 10:30:00+12:00,2026-07-20 11:00:00+12:00,0.399,KWH,,1,actual
,2026-07-20 11:00:00+12:00,2026-07-20 11:30:00+12:00,0.246,KWH,,1,actual
,2026-07-20 11:00:00+12:00,2026-07-20 11:30:00+12:00,0.083,KWH,,2,actual
,2026-07-20 11:30:00+12:00,2026-07-20 12:00:00+12:00,0.398,KWH,,1,actual
,2026-07-20 11:30:00+12:00,2026-07-20 12:00:00+12:00,0.316,KWH,,2,actual
,2026-07-20 12:00:00+12:00,2026-07-20 12:30:00+12:00,0.001,KWH,,2,actual
,2026-07-20 12:00:00+12:00,2026-07-20 12:30:00+12:00,0.608,KWH,,1,actual
,2026-07-20 12:30:00+12:00,2026-07-20 13:00:00+12:00,0.656,KWH,,1,actual
,2026-07-20 12:30:00+12:00,2026-07-20 13:00:00+12:00,0.001,KWH,,2,actual
,2026-07-20 13:00:00+12:00,2026-07-20 13:30:00+12:00,0,KWH,,2,actual
,2026-07-20 13:00:00+12:00,2026-07-20 13:30:00+12:00,0.97,KWH,,1,actual
,2026-07-20 13:30:00+12:00,2026-07-20 14:00:00+12:00,0.001,KWH,,2,actual
,2026-07-20 13:30:00+12:00,2026-07-20 14:00:00+12:00,0.579,KWH,,1,actual
,2026-07-20 14:00:00+12:00,2026-07-20 14:30:00+12:00,0.728,KWH,,1,actual
,2026-07-20 14:00:00+12:00,2026-07-20 14:30:00+12:00,0.001,KWH,,2,actual
,2026-07-20 14:30:00+12:00,2026-07-20 15:00:00+12:00,0,KWH,,2,actual
,2026-07-20 14:30:00+12:00,2026-07-20 15:00:00+12:00,2.485,KWH,,1,actual
,2026-07-20 15:00:00+12:00,2026-07-20 15:30:00+12:00,1.721,KWH,,1,actual
,2026-07-20 15:00:00+12:00,2026-07-20 15:30:00+12:00,0.001,KWH,,2,actual
,2026-07-20 15:30:00+12:00,2026-07-20 16:00:00+12:00,1.211,KWH,,1,actual
,2026-07-20 15:30:00+12:00,2026-07-20 16:00:00+12:00,0.001,KWH,,2,actual
,2026-07-20 16:00:00+12:00,2026-07-20 16:30:00+12:00,0.382,KWH,,2,actual
,2026-07-20 16:00:00+12:00,2026-07-20 16:30:00+12:00,0.661,KWH,,1,actual
,2026-07-20 16:30:00+12:00,2026-07-20 17:00:00+12:00,0.116,KWH,,2,actual
,2026-07-20 16:30:00+12:00,2026-07-20 17:00:00+12:00,0.622,KWH,,1,actual
,2026-07-20 17:00:00+12:00,2026-07-20 17:30:00+12:00,0.796,KWH,,1,actual
,2026-07-20 17:00:00+12:00,2026-07-20 17:30:00+12:00,0.001,KWH,,2,actual
,2026-07-20 17:30:00+12:00,2026-07-20 18:00:00+12:00,0.001,KWH,,2,actual
,2026-07-20 17:30:00+12:00,2026-07-20 18:00:00+12:00,0.783,KWH,,1,actual
,2026-07-20 18:00:00+12:00,2026-07-20 18:30:00+12:00,0.001,KWH,,2,actual
,2026-07-20 18:00:00+12:00,2026-07-20 18:30:00+12:00,1.919,KWH,,1,actual
,2026-07-20 18:30:00+12:00,2026-07-20 19:00:00+12:00,1.739,KWH,,1,actual
,2026-07-20 18:30:00+12:00,2026-07-20 19:00:00+12:00,0.01,KWH,,2,actual
,2026-07-20 19:00:00+12:00,2026-07-20 19:30:00+12:00,2.215,KWH,,1,actual
,2026-07-20 19:00:00+12:00,2026-07-20 19:30:00+12:00,0.546,KWH,,2,actual
,2026-07-20 19:30:00+12:00,2026-07-20 20:00:00+12:00,1.998,KWH,,1,actual
,2026-07-20 19:30:00+12:00,2026-07-20 20:00:00+12:00,0.602,KWH,,2,actual
,2026-07-20 20:00:00+12:00,2026-07-20 20:30:00+12:00,1.943,KWH,,1,actual
,2026-07-20 20:00:00+12:00,2026-07-20 20:30:00+12:00,0.429,KWH,,2,actual
,2026-07-20 20:30:00+12:00,2026-07-20 21:00:00+12:00,1.704,KWH,,1,actual
,2026-07-20 20:30:00+12:00,2026-07-20 21:00:00+12:00,0,KWH,,2,actual
,2026-07-20 21:00:00+12:00,2026-07-20 21:30:00+12:00,1.798,KWH,,1,actual
,2026-07-20 21:00:00+12:00,2026-07-20 21:30:00+12:00,0.362,KWH,,2,actual
,2026-07-20 21:30:00+12:00,2026-07-20 22:00:00+12:00,0.634,KWH,,2,actual
,2026-07-20 21:30:00+12:00,2026-07-20 22:00:00+12:00,2.338,KWH,,1,actual
,2026-07-20 22:00:00+12:00,2026-07-20 22:30:00+12:00,0.343,KWH,,2,actual
,2026-07-20 22:00:00+12:00,2026-07-20 22:30:00+12:00,3.009,KWH,,1,actual
,2026-07-20 22:30:00+12:00,2026-07-20 23:00:00+12:00,0.41,KWH,,2,actual
,2026-07-20 22:30:00+12:00,2026-07-20 23:00:00+12:00,4.431,KWH,,1,actual
,2026-07-20 23:00:00+12:00,2026-07-20 23:30:00+12:00,0.544,KWH,,2,actual
,2026-07-20 23:00:00+12:00,2026-07-20 23:30:00+12:00,3.244,KWH,,1,actual
,2026-07-20 23:30:00+12:00,2026-07-21 00:00:00+12:00,1.798,KWH,,1,actual
,2026-07-20 23:30:00+12:00,2026-07-21 00:00:00+12:00,0.545,KWH,,2,actual
,2026-07-21 00:00:00+12:00,2026-07-21 00:30:00+12:00,1.02,KWH,,1,actual
,2026-07-21 00:00:00+12:00,2026-07-21 00:30:00+12:00,0.544,KWH,,2,actual
,2026-07-21 00:30:00+12:00,2026-07-21 01:00:00+12:00,0.58,KWH,,2,actual
,2026-07-21 00:30:00+12:00,2026-07-21 01:00:00+12:00,1.05,KWH,,1,actual
,2026-07-21 01:00:00+12:00,2026-07-21 01:30:00+12:00,0.091,KWH,,2,actual
,2026-07-21 01:00:00+12:00,2026-07-21 01:30:00+12:00,1.103,KWH,,1,actual
,2026-07-21 01:30:00+12:00,2026-07-21 02:00:00+12:00,1.108,KWH,,1,actual
,2026-07-21 01:30:00+12:00,2026-07-21 02:00:00+12:00,0.001,KWH,,2,actual
,2026-07-21 02:00:00+12:00,2026-07-21 02:30:00+12:00,0.001,KWH,,2,actual
,2026-07-21 02:00:00+12:00,2026-07-21 02:30:00+12:00,1.209,KWH,,1,actual
,2026-07-21 02:30:00+12:00,2026-07-21 03:00:00+12:00,1.192,KWH,,1,actual
,2026-07-21 02:30:00+12:00,2026-07-21 03:00:00+12:00,0.001,KWH,,2,actual
,2026-07-21 03:00:00+12:00,2026-07-21 03:30:00+12:00,1.251,KWH,,1,actual
,2026-07-21 03:00:00+12:00,2026-07-21 03:30:00+12:00,0.001,KWH,,2,actual
,2026-07-21 03:30:00+12:00,2026-07-21 04:00:00+12:00,0.001,KWH,,2,actual
,2026-07-21 03:30:00+12:00,2026-07-21 04:00:00+12:00,1.24,KWH,,1,actual
,2026-07-21 04:00:00+12:00,2026-07-21 04:30:00+12:00,1.24,KWH,,1,actual
,2026-07-21 04:00:00+12:00,2026-07-21 04:30:00+12:00,0,KWH,,2,actual
,2026-07-21 04:30:00+12:00,2026-07-21 05:00:00+12:00,0.001,KWH,,2,actual
,2026-07-21 04:30:00+12:00,2026-07-21 05:00:00+12:00,1.262,KWH,,1,actual
,2026-07-21 05:00:00+12:00,2026-07-21 05:30:00+12:00,0.001,KWH,,2,actual
,2026-07-21 05:00:00+12:00,2026-07-21 05:30:00+12:00,1.257,KWH,,1,actual
,2026-07-21 05:30:00+12:00,2026-07-21 06:00:00+12:00,1.764,KWH,,1,actual
,2026-07-21 05:30:00+12:00,2026-07-21 06:00:00+12:00,0.001,KWH,,2,actual
,2026-07-21 06:00:00+12:00,2026-07-21 06:30:00+12:00,1.775,KWH,,1,actual
,2026-07-21 06:00:00+12:00,2026-07-21 06:30:00+12:00,0.001,KWH,,2,actual
,2026-07-21 06:30:00+12:00,2026-07-21 07:00:00+12:00,1.755,KWH,,1,actual
,2026-07-21 06:30:00+12:00,2026-07-21 07:00:00+12:00,0.001,KWH,,2,actual
,2026-07-21 07:00:00+12:00,2026-07-21 07:30:00+12:00,0.001,KWH,,2,actual
,2026-07-21 07:00:00+12:00,2026-07-21 07:30:00+12:00,1.689,KWH,,1,actual
,2026-07-21 07:30:00+12:00,2026-07-21 08:00:00+12:00,0.289,KWH,,2,actual
,2026-07-21 07:30:00+12:00,2026-07-21 08:00:00+12:00,2.557,KWH,,1,actual
,2026-07-21 08:00:00+12:00,2026-07-21 08:30:00+12:00,0.075,KWH,,2,actual
,2026-07-21 08:00:00+12:00,2026-07-21 08:30:00+12:00,2.704,KWH,,1,actual
,2026-07-21 08:30:00+12:00,2026-07-21 09:00:00+12:00,1.135,KWH,,1,actual
,2026-07-21 08:30:00+12:00,2026-07-21 09:00:00+12:00,0,KWH,,2,actual
,2026-07-21 09:00:00+12:00,2026-07-21 09:30:00+12:00,0.954,KWH,,1,actual
,2026-07-21 09:00:00+12:00,2026-07-21 09:30:00+12:00,0.001,KWH,,2,actual
,2026-07-21 09:30:00+12:00,2026-07-21 10:00:00+12:00,1.039,KWH,,1,actual
,2026-07-21 09:30:00+12:00,2026-07-21 10:00:00+12:00,0.001,KWH,,2,actual
,2026-07-21 10:00:00+12:00,2026-07-21 10:30:00+12:00,0.274,KWH,,2,actual
,2026-07-21 10:00:00+12:00,2026-07-21 10:30:00+12:00,0.878,KWH,,1,actual
,2026-07-21 10:30:00+12:00,2026-07-21 11:00:00+12:00,0.75,KWH,,1,actual
,2026-07-21 10:30:00+12:00,2026-07-21 11:00:00+12:00,0.001,KWH,,2,actual
,2026-07-21 11:00:00+12:00,2026-07-21 11:30:00+12:00,0.001,KWH,,2,actual
,2026-07-21 11:00:00+12:00,2026-07-21 11:30:00+12:00,0.908,KWH,,1,actual
,2026-07-21 11:30:00+12:00,2026-07-21 12:00:00+12:00,0,KWH,,2,actual
,2026-07-21 11:30:00+12:00,2026-07-21 12:00:00+12:00,0.701,KWH,,1,actual
,2026-07-21 12:00:00+12:00,2026-07-21 12:30:00+12:00,0.676,KWH,,1,actual
,2026-07-21 12:00:00+12:00,2026-07-21 12:30:00+12:00,0.001,KWH,,2,actual
,2026-07-21 12:30:00+12:00,2026-07-21 13:00:00+12:00,0.001,KWH,,2,actual
,2026-07-21 12:30:00+12:00,2026-07-21 13:00:00+12:00,0.949,KWH,,1,actual
,2026-07-21 13:00:00+12:00,2026-07-21 13:30:00+12:00,0.598,KWH,,1,actual
,2026-07-21 13:00:00+12:00,2026-07-21 13:30:00+12:00,0.001,KWH,,2,actual
,2026-07-21 13:30:00+12:00,2026-07-21 14:00:00+12:00,1.087,KWH,,1,actual
,2026-07-21 13:30:00+12:00,2026-07-21 14:00:00+12:00,0.001,KWH,,2,actual
,2026-07-21 14:00:00+12:00,2026-07-21 14:30:00+12:00,0,KWH,,2,actual
,2026-07-21 14:00:00+12:00,2026-07-21 14:30:00+12:00,2.712,KWH,,1,actual
,2026-07-21 14:30:00+12:00,2026-07-21 15:00:00+12:00,2.279,KWH,,1,actual
,2026-07-21 14:30:00+12:00,2026-07-21 15:00:00+12:00,0.032,KWH,,2,actual
,2026-07-21 15:00:00+12:00,2026-07-21 15:30:00+12:00,0.259,KWH,,2,actual
,2026-07-21 15:00:00+12:00,2026-07-21 15:30:00+12:00,2.506,KWH,,1,actual
,2026-07-21 15:30:00+12:00,2026-07-21 16:00:00+12:00,0.001,KWH,,2,actual
,2026-07-21 15:30:00+12:00,2026-07-21 16:00:00+12:00,1.134,KWH,,1,actual
,2026-07-21 16:00:00+12:00,2026-07-21 16:30:00+12:00,0.788,KWH,,1,actual
,2026-07-21 16:00:00+12:00,2026-07-21 16:30:00+12:00,0,KWH,,2,actual
,2026-07-21 16:30:00+12:00,2026-07-21 17:00:00+12:00,0.591,KWH,,1,actual
,2026-07-21 16:30:00+12:00,2026-07-21 17:00:00+12:00,0.001,KWH,,2,actual
,2026-07-21 17:00:00+12:00,2026-07-21 17:30:00+12:00,0.001,KWH,,2,actual
,2026-07-21 17:00:00+12:00,2026-07-21 17:30:00+12:00,0.802,KWH,,1,actual
,2026-07-21 17:30:00+12:00,2026-07-21 18:00:00+12:00,0.617,KWH,,1,actual
,2026-07-21 17:30:00+12:00,2026-07-21 18:00:00+12:00,0.001,KWH,,2,actual
,2026-07-21 18:00:00+12:00,2026-07-21 18:30:00+12:00,2.183,KWH,,1,actual
,2026-07-21 18:00:00+12:00,2026-07-21 18:30:00+12:00,0.001,KWH,,2,actual
,2026-07-21 18:30:00+12:00,2026-07-21 19:00:00+12:00,0.001,KWH,,2,actual
,2026-07-21 18:30:00+12:00,2026-07-21 19:00:00+12:00,1.556,KWH,,1,actual
,2026-07-21 19:00:00+12:00,2026-07-21 19:30:00+12:00,0.001,KWH,,2,actual
,2026-07-21 19:00:00+12:00,2026-07-21 19:30:00+12:00,1.514,KWH,,1,actual
,2026-07-21 19:30:00+12:00,2026-07-21 20:00:00+12:00,0.001,KWH,,2,actual
,2026-07-21 19:30:00+12:00,2026-07-21 20:00:00+12:00,1.378,KWH,,1,actual
,2026-07-21 20:00:00+12:00,2026-07-21 20:30:00+12:00,0,KWH,,2,actual
,2026-07-21 20:00:00+12:00,2026-07-21 20:30:00+12:00,2.858,KWH,,1,actual
,2026-07-21 20:30:00+12:00,2026-07-21 21:00:00+12:00,0.051,KWH,,2,actual
,2026-07-21 20:30:00+12:00,2026-07-21 21:00:00+12:00,2.561,KWH,,1,actual
,2026-07-21 21:00:00+12:00,2026-07-21 21:30:00+12:00,0.283,KWH,,2,actual
,2026-07-21 21:00:00+12:00,2026-07-21 21:30:00+12:00,2.088,KWH,,1,actual
,2026-07-21 21:30:00+12:00,2026-07-21 22:00:00+12:00,2.872,KWH,,1,actual
,2026-07-21 21:30:00+12:00,2026-07-21 22:00:00+12:00,0.001,KWH,,2,actual
,2026-07-21 22:00:00+12:00,2026-07-21 22:30:00+12:00,2.996,KWH,,1,actual
,2026-07-21 22:00:00+12:00,2026-07-21 22:30:00+12:00,0.165,KWH,,2,actual
,2026-07-21 22:30:00+12:00,2026-07-21 23:00:00+12:00,2.906,KWH,,1,actual
,2026-07-21 22:30:00+12:00,2026-07-21 23:00:00+12:00,0.422,KWH,,2,actual
,2026-07-21 23:00:00+12:00,2026-07-21 23:30:00+12:00,3.444,KWH,,1,actual
,2026-07-21 23:00:00+12:00,2026-07-21 23:30:00+12:00,0.001,KWH,,2,actual
,2026-07-21 23:30:00+12:00,2026-07-22 00:00:00+12:00,0,KWH,,2,actual
,2026-07-21 23:30:00+12:00,2026-07-22 00:00:00+12:00,2.975,KWH,,1,actual
,2026-07-22 00:00:00+12:00,2026-07-22 00:30:00+12:00,0.001,KWH,,2,actual
,2026-07-22 00:00:00+12:00,2026-07-22 00:30:00+12:00,2.912,KWH,,1,actual
,2026-07-22 00:30:00+12:00,2026-07-22 01:00:00+12:00,2.912,KWH,,1,actual
,2026-07-22 00:30:00+12:00,2026-07-22 01:00:00+12:00,0.001,KWH,,2,actual
,2026-07-22 01:00:00+12:00,2026-07-22 01:30:00+12:00,2.945,KWH,,1,actual
,2026-07-22 01:00:00+12:00,2026-07-22 01:30:00+12:00,0,KWH,,2,actual
,2026-07-22 01:30:00+12:00,2026-07-22 02:00:00+12:00,0.001,KWH,,2,actual
,2026-07-22 01:30:00+12:00,2026-07-22 02:00:00+12:00,2.926,KWH,,1,actual
,2026-07-22 02:00:00+12:00,2026-07-22 02:30:00+12:00,2.9,KWH,,1,actual
,2026-07-22 02:00:00+12:00,2026-07-22 02:30:00+12:00,0,KWH,,2,actual
,2026-07-22 02:30:00+12:00,2026-07-22 03:00:00+12:00,0.001,KWH,,2,actual
,2026-07-22 02:30:00+12:00,2026-07-22 03:00:00+12:00,2.912,KWH,,1,actual
,2026-07-22 03:00:00+12:00,2026-07-22 03:30:00+12:00,0.001,KWH,,2,actual
,2026-07-22 03:00:00+12:00,2026-07-22 03:30:00+12:00,2.906,KWH,,1,actual
,2026-07-22 03:30:00+12:00,2026-07-22 04:00:00+12:00,2.932,KWH,,1,actual
,2026-07-22 03:30:00+12:00,2026-07-22 04:00:00+12:00,0,KWH,,2,actual
,2026-07-22 04:00:00+12:00,2026-07-22 04:30:00+12:00,0.001,KWH,,2,actual
,2026-07-22 04:00:00+12:00,2026-07-22 04:30:00+12:00,2.897,KWH,,1,actual
,2026-07-22 04:30:00+12:00,2026-07-22 05:00:00+12:00,2.914,KWH,,1,actual
,2026-07-22 04:30:00+12:00,2026-07-22 05:00:00+12:00,0.001,KWH,,2,actual
,2026-07-22 05:00:00+12:00,2026-07-22 05:30:00+12:00,2.22,KWH,,1,actual
,2026-07-22 05:00:00+12:00,2026-07-22 05:30:00+12:00,0.001,KWH,,2,actual
,2026-07-22 05:30:00+12:00,2026-07-22 06:00:00+12:00,0,KWH,,2,actual
,2026-07-22 05:30:00+12:00,2026-07-22 06:00:00+12:00,2.001,KWH,,1,actual
,2026-07-22 06:00:00+12:00,2026-07-22 06:30:00+12:00,0.001,KWH,,2,actual
,2026-07-22 06:00:00+12:00,2026-07-22 06:30:00+12:00,1.795,KWH,,1,actual
,2026-07-22 06:30:00+12:00,2026-07-22 07:00:00+12:00,0.005,KWH,,2,actual
,2026-07-22 06:30:00+12:00,2026-07-22 07:00:00+12:00,1.696,KWH,,1,actual
,2026-07-22 07:00:00+12:00,2026-07-22 07:30:00+12:00,1.652,KWH,,1,actual
,2026-07-22 07:00:00+12:00,2026-07-22 07:30:00+12:00,0.638,KWH,,2,actual
,2026-07-22 07:30:00+12:00,2026-07-22 08:00:00+12:00,1.669,KWH,,1,actual
,2026-07-22 07:30:00+12:00,2026-07-22 08:00:00+12:00,0.123,KWH,,2,actual
,2026-07-22 08:00:00+12:00,2026-07-22 08:30:00+12:00,1.753,KWH,,1,actual
,2026-07-22 08:00:00+12:00,2026-07-22 08:30:00+12:00,0.001,KWH,,2,actual
,2026-07-22 08:30:00+12:00,2026-07-22 09:00:00+12:00,0.001,KWH,,2,actual
,2026-07-22 08:30:00+12:00,2026-07-22 09:00:00+12:00,0.656,KWH,,1,actual
,2026-07-22 09:00:00+12:00,2026-07-22 09:30:00+12:00,0.193,KWH,,2,actual
,2026-07-22 09:00:00+12:00,2026-07-22 09:30:00+12:00,0.663,KWH,,1,actual
,2026-07-22 09:30:00+12:00,2026-07-22 10:00:00+12:00,0.32,KWH,,2,actual
,2026-07-22 09:30:00+12:00,2026-07-22 10:00:00+12:00,0.282,KWH,,1,actual
,2026-07-22 10:00:00+12:00,2026-07-22 10:30:00+12:00,0.446,KWH,,1,actual
,2026-07-22 10:00:00+12:00,2026-07-22 10:30:00+12:00,0.001,KWH,,2,actual
,2026-07-22 10:30:00+12:00,2026-07-22 11:00:00+12:00,0.001,KWH,,2,actual
,2026-07-22 10:30:00+12:00,2026-07-22 11:00:00+12:00,0.331,KWH,,1,actual
,2026-07-22 11:00:00+12:00,2026-07-22 11:30:00+12:00,0.226,KWH,,1,actual
,2026-07-22 11:00:00+12:00,2026-07-22 11:30:00+12:00,0.001,KWH,,2,actual
,2026-07-22 11:30:00+12:00,2026-07-22 12:00:00+12:00,0.232,KWH,,1,actual
,2026-07-22 11:30:00+12:00,2026-07-22 12:00:00+12:00,0,KWH,,2,actual
,2026-07-22 12:00:00+12:00,2026-07-22 12:30:00+12:00,0.001,KWH,,2,actual
,2026-07-22 12:00:00+12:00,2026-07-22 12:30:00+12:00,0.293,KWH,,1,actual
,2026-07-22 12:30:00+12:00,2026-07-22 13:00:00+12:00,0.171,KWH,,1,actual
,2026-07-22 12:30:00+12:00,2026-07-22 13:00:00+12:00,0.001,KWH,,2,actual
,2026-07-22 13:00:00+12:00,2026-07-22 13:30:00+12:00,0.001,KWH,,2,actual
,2026-07-22 13:00:00+12:00,2026-07-22 13:30:00+12:00,0.145,KWH,,1,actual
,2026-07-22 13:30:00+12:00,2026-07-22 14:00:00+12:00,0.001,KWH,,2,actual
,2026-07-22 13:30:00+12:00,2026-07-22 14:00:00+12:00,0.167,KWH,,1,actual
,2026-07-22 14:00:00+12:00,2026-07-22 14:30:00+12:00,0.919,KWH,,1,actual
,2026-07-22 14:00:00+12:00,2026-07-22 14:30:00+12:00,0.001,KWH,,2,actual
,2026-07-22 14:30:00+12:00,2026-07-22 15:00:00+12:00,0.001,KWH,,2,actual
,2026-07-22 14:30:00+12:00,2026-07-22 15:00:00+12:00,1.05,KWH,,1,actual
,2026-07-22 15:00:00+12:00,2026-07-22 15:30:00+12:00,1.535,KWH,,1,actual
,2026-07-22 15:00:00+12:00,2026-07-22 15:30:00+12:00,0,KWH,,2,actual
,2026-07-22 15:30:00+12:00,2026-07-22 16:00:00+12:00,1.269,KWH,,1,actual
,2026-07-22 15:30:00+12:00,2026-07-22 16:00:00+12:00,0.425,KWH,,2,actual
,2026-07-22 16:00:00+12:00,2026-07-22 16:30:00+12:00,0.001,KWH,,2,actual
,2026-07-22 16:00:00+12:00,2026-07-22 16:30:00+12:00,0.989,KWH,,1,actual
,2026-07-22 16:30:00+12:00,2026-07-22 17:00:00+12:00,0.001,KWH,,2,actual
,2026-07-22 16:30:00+12:00,2026-07-22 17:00:00+12:00,1.16,KWH,,1,actual
,2026-07-22 17:00:00+12:00,2026-07-22 17:30:00+12:00,1.75,KWH,,1,actual
,2026-07-22 17:00:00+12:00,2026-07-22 17:30:00+12:00,0.001,KWH,,2,actual
,2026-07-22 17:30:00+12:00,2026-07-22 18:00:00+12:00,0,KWH,,2,actual
,2026-07-22 17:30:00+12:00,2026-07-22 18:00:00+12:00,2.141,KWH,,1,actual
,2026-07-22 18:00:00+12:00,2026-07-22 18:30:00+12:00,0.001,KWH,,2,actual
,2026-07-22 18:00:00+12:00,2026-07-22 18:30:00+12:00,1.875,KWH,,1,actual
,2026-07-22 18:30:00+12:00,2026-07-22 19:00:00+12:00,1.281,KWH,,1,actual
,2026-07-22 18:30:00+12:00,2026-07-22 19:00:00+12:00,0.35,KWH,,2,actual
,2026-07-22 19:00:00+12:00,2026-07-22 19:30:00+12:00,1.502,KWH,,1,actual
,2026-07-22 19:00:00+12:00,2026-07-22 19:30:00+12:00,0.547,KWH,,2,actual
,2026-07-22 19:30:00+12:00,2026-07-22 20:00:00+12:00,1.609,KWH,,1,actual
,2026-07-22 19:30:00+12:00,2026-07-22 20:00:00+12:00,0.565,KWH,,2,actual
,2026-07-22 20:00:00+12:00,2026-07-22 20:30:00+12:00,1.548,KWH,,1,actual
,2026-07-22 20:00:00+12:00,2026-07-22 20:30:00+12:00,0.232,KWH,,2,actual
,2026-07-22 20:30:00+12:00,2026-07-22 21:00:00+12:00,1.546,KWH,,1,actual
,2026-07-22 20:30:00+12:00,2026-07-22 21:00:00+12:00,0.256,KWH,,2,actual
,2026-07-22 21:00:00+12:00,2026-07-22 21:30:00+12:00,1.527,KWH,,1,actual
,2026-07-22 21:00:00+12:00,2026-07-22 21:30:00+12:00,0.4,KWH,,2,actual
,2026-07-22 21:30:00+12:00,2026-07-22 22:00:00+12:00,0.001,KWH,,2,actual
,2026-07-22 21:30:00+12:00,2026-07-22 22:00:00+12:00,1.181,KWH,,1,actual
,2026-07-22 22:00:00+12:00,2026-07-22 22:30:00+12:00,0,KWH,,2,actual
,2026-07-22 22:00:00+12:00,2026-07-22 22:30:00+12:00,1.099,KWH,,1,actual
,2026-07-22 22:30:00+12:00,2026-07-22 23:00:00+12:00,0.001,KWH,,2,actual
,2026-07-22 22:30:00+12:00,2026-07-22 23:00:00+12:00,1.142,KWH,,1,actual
,2026-07-22 23:00:00+12:00,2026-07-22 23:30:00+12:00,0.001,KWH,,2,actual
,2026-07-22 23:00:00+12:00,2026-07-22 23:30:00+12:00,1.314,KWH,,1,actual
,2026-07-22 23:30:00+12:00,2026-07-23 00:00:00+12:00,1.218,KWH,,1,actual
,2026-07-22 23:30:00+12:00,2026-07-23 00:00:00+12:00,0.001,KWH,,2,actual
,2026-07-23 00:00:00+12:00,2026-07-23 00:30:00+12:00,0.902,KWH,,1,actual
,2026-07-23 00:00:00+12:00,2026-07-23 00:30:00+12:00,0.001,KWH,,2,actual
,2026-07-23 00:30:00+12:00,2026-07-23 01:00:00+12:00,0,KWH,,2,actual
,2026-07-23 00:30:00+12:00,2026-07-23 01:00:00+12:00,1.012,KWH,,1,actual
,2026-07-23 01:00:00+12:00,2026-07-23 01:30:00+12:00,0.001,KWH,,2,actual
,2026-07-23 01:00:00+12:00,2026-07-23 01:30:00+12:00,0.94,KWH,,1,actual
,2026-07-23 01:30:00+12:00,2026-07-23 02:00:00+12:00,1,KWH,,1,actual
,2026-07-23 01:30:00+12:00,2026-07-23 02:00:00+12:00,0.001,KWH,,2,actual
,2026-07-23 02:00:00+12:00,2026-07-23 02:30:00+12:00,0.001,KWH,,2,actual
,2026-07-23 02:00:00+12:00,2026-07-23 02:30:00+12:00,1.016,KWH,,1,actual
,2026-07-23 02:30:00+12:00,2026-07-23 03:00:00+12:00,1.006,KWH,,1,actual
,2026-07-23 02:30:00+12:00,2026-07-23 03:00:00+12:00,0.001,KWH,,2,actual
,2026-07-23 03:00:00+12:00,2026-07-23 03:30:00+12:00,1.016,KWH,,1,actual
,2026-07-23 03:00:00+12:00,2026-07-23 03:30:00+12:00,0.001,KWH,,2,actual
,2026-07-23 03:30:00+12:00,2026-07-23 04:00:00+12:00,0.356,KWH,,2,actual
,2026-07-23 03:30:00+12:00,2026-07-23 04:00:00+12:00,0.983,KWH,,1,actual
,2026-07-23 04:00:00+12:00,2026-07-23 04:30:00+12:00,0.96,KWH,,1,actual
,2026-07-23 04:00:00+12:00,2026-07-23 04:30:00+12:00,0.001,KWH,,2,actual
,2026-07-23 04:30:00+12:00,2026-07-23 05:00:00+12:00,0.001,KWH,,2,actual
,2026-07-23 04:30:00+12:00,2026-07-23 05:00:00+12:00,1.024,KWH,,1,actual
,2026-07-23 05:00:00+12:00,2026-07-23 05:30:00+12:00,0.001,KWH,,2,actual
,2026-07-23 05:00:00+12:00,2026-07-23 05:30:00+12:00,0.979,KWH,,1,actual
,2026-07-23 05:30:00+12:00,2026-07-23 06:00:00+12:00,1.309,KWH,,1,actual
,2026-07-23 05:30:00+12:00,2026-07-23 06:00:00+12:00,0.001,KWH,,2,actual
,2026-07-23 06:00:00+12:00,2026-07-23 06:30:00+12:00,1.356,KWH,,1,actual
,2026-07-23 06:00:00+12:00,2026-07-23 06:30:00+12:00,0.001,KWH,,2,actual
,2026-07-23 06:30:00+12:00,2026-07-23 07:00:00+12:00,1.347,KWH,,1,actual
,2026-07-23 06:30:00+12:00,2026-07-23 07:00:00+12:00,0.001,KWH,,2,actual
,2026-07-23 07:00:00+12:00,2026-07-23 07:30:00+12:00,0,KWH,,2,actual
,2026-07-23 07:00:00+12:00,2026-07-23 07:30:00+12:00,1.165,KWH,,1,actual
,2026-07-23 07:30:00+12:00,2026-07-23 08:00:00+12:00,0.001,KWH,,2,actual
,2026-07-23 07:30:00+12:00,2026-07-23 08:00:00+12:00,1.286,KWH,,1,actual
,2026-07-23 08:00:00+12:00,2026-07-23 08:30:00+12:00,0.051,KWH,,2,actual
,2026-07-23 08:00:00+12:00,2026-07-23 08:30:00+12:00,1.419,KWH,,1,actual
,2026-07-23 08:30:00+12:00,2026-07-23 09:00:00+12:00,0.41,KWH,,1,actual
,2026-07-23 08:30:00+12:00,2026-07-23 09:00:00+12:00,0.276,KWH,,2,actual
,2026-07-23 09:00:00+12:00,2026-07-23 09:30:00+12:00,0.355,KWH,,1,actual
,2026-07-23 09:00:00+12:00,2026-07-23 09:30:00+12:00,0.517,KWH,,2,actual
,2026-07-23 09:30:00+12:00,2026-07-23 10:00:00+12:00,0.638,KWH,,1,actual
,2026-07-23 09:30:00+12:00,2026-07-23 10:00:00+12:00,0.535,KWH,,2,actual
,2026-07-23 10:00:00+12:00,2026-07-23 10:30:00+12:00,0.545,KWH,,2,actual
,2026-07-23 10:00:00+12:00,2026-07-23 10:30:00+12:00,0.147,KWH,,1,actual
,2026-07-23 10:30:00+12:00,2026-07-23 11:00:00+12:00,0.477,KWH,,1,actual
,2026-07-23 10:30:00+12:00,2026-07-23 11:00:00+12:00,0.223,KWH,,2,actual
,2026-07-23 11:00:00+12:00,2026-07-23 11:30:00+12:00,0.001,KWH,,2,actual
,2026-07-23 11:00:00+12:00,2026-07-23 11:30:00+12:00,0.682,KWH,,1,actual
,2026-07-23 11:30:00+12:00,2026-07-23 12:00:00+12:00,0.001,KWH,,2,actual
,2026-07-23 11:30:00+12:00,2026-07-23 12:00:00+12:00,0.273,KWH,,1,actual
,2026-07-23 12:00:00+12:00,2026-07-23 12:30:00+12:00,0.001,KWH,,2,actual
,2026-07-23 12:00:00+12:00,2026-07-23 12:30:00+12:00,0.385,KWH,,1,actual
,2026-07-23 12:30:00+12:00,2026-07-23 13:00:00+12:00,0.374,KWH,,1,actual
,2026-07-23 12:30:00+12:00,2026-07-23 13:00:00+12:00,0.001,KWH,,2,actual
,2026-07-23 13:00:00+12:00,2026-07-23 13:30:00+12:00,0.001,KWH,,2,actual
,2026-07-23 13:00:00+12:00,2026-07-23 13:30:00+12:00,0.15,KWH,,1,actual
,2026-07-23 13:30:00+12:00,2026-07-23 14:00:00+12:00,0.001,KWH,,2,actual
,2026-07-23 13:30:00+12:00,2026-07-23 14:00:00+12:00,0.363,KWH,,1,actual
,2026-07-23 14:00:00+12:00,2026-07-23 14:30:00+12:00,0.615,KWH,,1,actual
,2026-07-23 14:00:00+12:00,2026-07-23 14:30:00+12:00,0.001,KWH,,2,actual
,2026-07-23 14:30:00+12:00,2026-07-23 15:00:00+12:00,0.001,KWH,,2,actual
,2026-07-23 14:30:00+12:00,2026-07-23 15:00:00+12:00,1.737,KWH,,1,actual
,2026-07-23 15:00:00+12:00,2026-07-23 15:30:00+12:00,1.911,KWH,,1,actual
,2026-07-23 15:00:00+12:00,2026-07-23 15:30:00+12:00,0,KWH,,2,actual
,2026-07-23 15:30:00+12:00,2026-07-23 16:00:00+12:00,2.291,KWH,,1,actual
,2026-07-23 15:30:00+12:00,2026-07-23 16:00:00+12:00,0.014,KWH,,2,actual
,2026-07-23 16:00:00+12:00,2026-07-23 16:30:00+12:00,0.422,KWH,,2,actual
,2026-07-23 16:00:00+12:00,2026-07-23 16:30:00+12:00,1.903,KWH,,1,actual
,2026-07-23 16:30:00+12:00,2026-07-23 17:00:00+12:00,0.001,KWH,,2,actual
,2026-07-23 16:30:00+12:00,2026-07-23 17:00:00+12:00,0.746,KWH,,1,actual
,2026-07-23 17:00:00+12:00,2026-07-23 17:30:00+12:00,0.575,KWH,,1,actual
,2026-07-23 17:00:00+12:00,2026-07-23 17:30:00+12:00,0,KWH,,2,actual
,2026-07-23 17:30:00+12:00,2026-07-23 18:00:00+12:00,0.001,KWH,,2,actual
,2026-07-23 17:30:00+12:00,2026-07-23 18:00:00+12:00,0.546,KWH,,1,actual
,2026-07-23 18:00:00+12:00,2026-07-23 18:30:00+12:00,0.001,KWH,,2,actual
,2026-07-23 18:00:00+12:00,2026-07-23 18:30:00+12:00,2.016,KWH,,1,actual
,2026-07-23 18:30:00+12:00,2026-07-23 19:00:00+12:00,1.498,KWH,,1,actual
,2026-07-23 18:30:00+12:00,2026-07-23 19:00:00+12:00,0.001,KWH,,2,actual
,2026-07-23 19:00:00+12:00,2026-07-23 19:30:00+12:00,1.628,KWH,,1,actual
,2026-07-23 19:00:00+12:00,2026-07-23 19:30:00+12:00,0.001,KWH,,2,actual
,2026-07-23 19:30:00+12:00,2026-07-23 20:00:00+12:00,1.433,KWH,,1,actual
,2026-07-23 19:30:00+12:00,2026-07-23 20:00:00+12:00,0.206,KWH,,2,actual
,2026-07-23 20:00:00+12:00,2026-07-23 20:30:00+12:00,1.933,KWH,,1,actual
,2026-07-23 20:00:00+12:00,2026-07-23 20:30:00+12:00,0.158,KWH,,2,actual
,2026-07-23 20:30:00+12:00,2026-07-23 21:00:00+12:00,1.459,KWH,,1,actual
,2026-07-23 20:30:00+12:00,2026-07-23 21:00:00+12:00,0,KWH,,2,actual
,2026-07-23 21:00:00+12:00,2026-07-23 21:30:00+12:00,3.915,KWH,,1,actual
,2026-07-23 21:00:00+12:00,2026-07-23 21:30:00+12:00,0.001,KWH,,2,actual
,2026-07-23 21:30:00+12:00,2026-07-23 22:00:00+12:00,0,KWH,,2,actual
,2026-07-23 21:30:00+12:00,2026-07-23 22:00:00+12:00,3.112,KWH,,1,actual
,2026-07-23 22:00:00+12:00,2026-07-23 22:30:00+12:00,0.001,KWH,,2,actual
,2026-07-23 22:00:00+12:00,2026-07-23 22:30:00+12:00,3.049,KWH,,1,actual
,2026-07-23 22:30:00+12:00,2026-07-23 23:00:00+12:00,0,KWH,,2,actual
,2026-07-23 22:30:00+12:00,2026-07-23 23:00:00+12:00,3.252,KWH,,1,actual
,2026-07-23 23:00:00+12:00,2026-07-23 23:30:00+12:00,0.001,KWH,,2,actual
,2026-07-23 23:00:00+12:00,2026-07-23 23:30:00+12:00,2.828,KWH,,1,actual
,2026-07-23 23:30:00+12:00,2026-07-24 00:00:00+12:00,2.801,KWH,,1,actual
,2026-07-23 23:30:00+12:00,2026-07-24 00:00:00+12:00,0,KWH,,2,actual
,2026-07-24 00:00:00+12:00,2026-07-24 00:30:00+12:00,2.455,KWH,,1,actual
,2026-07-24 00:00:00+12:00,2026-07-24 00:30:00+12:00,0.001,KWH,,2,actual
,2026-07-24 00:30:00+12:00,2026-07-24 01:00:00+12:00,0,KWH,,2,actual
,2026-07-24 00:30:00+12:00,2026-07-24 01:00:00+12:00,2.458,KWH,,1,actual
,2026-07-24 01:00:00+12:00,2026-07-24 01:30:00+12:00,0.001,KWH,,2,actual
,2026-07-24 01:00:00+12:00,2026-07-24 01:30:00+12:00,2.555,KWH,,1,actual
,2026-07-24 01:30:00+12:00,2026-07-24 02:00:00+12:00,2.635,KWH,,1,actual
,2026-07-24 01:30:00+12:00,2026-07-24 02:00:00+12:00,0.001,KWH,,2,actual
,2026-07-24 02:00:00+12:00,2026-07-24 02:30:00+12:00,0,KWH,,2,actual
,2026-07-24 02:00:00+12:00,2026-07-24 02:30:00+12:00,2.671,KWH,,1,actual
,2026-07-24 02:30:00+12:00,2026-07-24 03:00:00+12:00,2.604,KWH,,1,actual
,2026-07-24 02:30:00+12:00,2026-07-24 03:00:00+12:00,0.001,KWH,,2,actual
,2026-07-24 03:00:00+12:00,2026-07-24 03:30:00+12:00,2.656,KWH,,1,actual
,2026-07-24 03:00:00+12:00,2026-07-24 03:30:00+12:00,0,KWH,,2,actual
,2026-07-24 03:30:00+12:00,2026-07-24 04:00:00+12:00,0.259,KWH,,2,actual
,2026-07-24 03:30:00+12:00,2026-07-24 04:00:00+12:00,2.664,KWH,,1,actual
,2026-07-24 04:00:00+12:00,2026-07-24 04:30:00+12:00,2.62,KWH,,1,actual
,2026-07-24 04:00:00+12:00,2026-07-24 04:30:00+12:00,0.101,KWH,,2,actual
,2026-07-24 04:30:00+12:00,2026-07-24 05:00:00+12:00,0.001,KWH,,2,actual
,2026-07-24 04:30:00+12:00,2026-07-24 05:00:00+12:00,2.63,KWH,,1,actual
,2026-07-24 05:00:00+12:00,2026-07-24 05:30:00+12:00,0,KWH,,2,actual
,2026-07-24 05:00:00+12:00,2026-07-24 05:30:00+12:00,2.021,KWH,,1,actual
,2026-07-24 05:30:00+12:00,2026-07-24 06:00:00+12:00,1.623,KWH,,1,actual
,2026-07-24 05:30:00+12:00,2026-07-24 06:00:00+12:00,0.001,KWH,,2,actual
,2026-07-24 06:00:00+12:00,2026-07-24 06:30:00+12:00,1.306,KWH,,1,actual
,2026-07-24 06:00:00+12:00,2026-07-24 06:30:00+12:00,0.001,KWH,,2,actual
,2026-07-24 06:30:00+12:00,2026-07-24 07:00:00+12:00,1.181,KWH,,1,actual
,2026-07-24 06:30:00+12:00,2026-07-24 07:00:00+12:00,0.001,KWH,,2,actual
,2026-07-24 07:00:00+12:00,2026-07-24 07:30:00+12:00,0.001,KWH,,2,actual
,2026-07-24 07:00:00+12:00,2026-07-24 07:30:00+12:00,1.143,KWH,,1,actual
,2026-07-24 07:30:00+12:00,2026-07-24 08:00:00+12:00,0.001,KWH,,2,actual
,2026-07-24 07:30:00+12:00,2026-07-24 08:00:00+12:00,1.099,KWH,,1,actual
,2026-07-24 08:00:00+12:00,2026-07-24 08:30:00+12:00,0.438,KWH,,2,actual
,2026-07-24 08:00:00+12:00,2026-07-24 08:30:00+12:00,1.298,KWH,,1,actual
,2026-07-24 08:30:00+12:00,2026-07-24 09:00:00+12:00,0.522,KWH,,1,actual
,2026-07-24 08:30:00+12:00,2026-07-24 09:00:00+12:00,0.189,KWH,,2,actual
,2026-07-24 09:00:00+12:00,2026-07-24 09:30:00+12:00,0.532,KWH,,1,actual
,2026-07-24 09:00:00+12:00,2026-07-24 09:30:00+12:00,0.001,KWH,,2,actual
,2026-07-24 09:30:00+12:00,2026-07-24 10:00:00+12:00,0.959,KWH,,1,actual
,2026-07-24 09:30:00+12:00,2026-07-24 10:00:00+12:00,0.001,KWH,,2,actual
,2026-07-24 10:00:00+12:00,2026-07-24 10:30:00+12:00,0.001,KWH,,2,actual
,2026-07-24 10:00:00+12:00,2026-07-24 10:30:00+12:00,0.868,KWH,,1,actual
,2026-07-24 10:30:00+12:00,2026-07-24 11:00:00+12:00,0.858,KWH,,1,actual
,2026-07-24 10:30:00+12:00,2026-07-24 11:00:00+12:00,0.001,KWH,,2,actual
,2026-07-24 11:00:00+12:00,2026-07-24 11:30:00+12:00,0.001,KWH,,2,actual
,2026-07-24 11:00:00+12:00,2026-07-24 11:30:00+12:00,0.606,KWH,,1,actual
,2026-07-24 11:30:00+12:00,2026-07-24 12:00:00+12:00,0,KWH,,2,actual
,2026-07-24 11:30:00+12:00,2026-07-24 12:00:00+12:00,0.991,KWH,,1,actual
,2026-07-24 12:00:00+12:00,2026-07-24 12:30:00+12:00,1.024,KWH,,1,actual
,2026-07-24 12:00:00+12:00,2026-07-24 12:30:00+12:00,0.376,KWH,,2,actual
,2026-07-24 12:30:00+12:00,2026-07-24 13:00:00+12:00,0.327,KWH,,2,actual
,2026-07-24 12:30:00+12:00,2026-07-24 13:00:00+12:00,0.928,KWH,,1,actual
,2026-07-24 13:00:00+12:00,2026-07-24 13:30:00+12:00,0.8,KWH,,1,actual
,2026-07-24 13:00:00+12:00,2026-07-24 13:30:00+12:00,0.537,KWH,,2,actual
,2026-07-24 13:30:00+12:00,2026-07-24 14:00:00+12:00,0.607,KWH,,1,actual
,2026-07-24 13:30:00+12:00,2026-07-24 14:00:00+12:00,0.001,KWH,,2,actual
,2026-07-24 14:00:00+12:00,2026-07-24 14:30:00+12:00,0,KWH,,2,actual
,2026-07-24 14:00:00+12:00,2026-07-24 14:30:00+12:00,0.792,KWH,,1,actual
,2026-07-24 14:30:00+12:00,2026-07-24 15:00:00+12:00,0.43,KWH,,1,actual
,2026-07-24 14:30:00+12:00,2026-07-24 15:00:00+12:00,0.001,KWH,,2,actual
,2026-07-24 15:00:00+12:00,2026-07-24 15:30:00+12:00,0.001,KWH,,2,actual
,2026-07-24 15:00:00+12:00,2026-07-24 15:30:00+12:00,0.182,KWH,,1,actual
,2026-07-24 15:30:00+12:00,2026-07-24 16:00:00+12:00,0.001,KWH,,2,actual
,2026-07-24 15:30:00+12:00,2026-07-24 16:00:00+12:00,0.158,KWH,,1,actual
,2026-07-24 16:00:00+12:00,2026-07-24 16:30:00+12:00,0.183,KWH,,1,actual
,2026-07-24 16:00:00+12:00,2026-07-24 16:30:00+12:00,0.001,KWH,,2,actual
,2026-07-24 16:30:00+12:00,2026-07-24 17:00:00+12:00,0.166,KWH,,1,actual
,2026-07-24 16:30:00+12:00,2026-07-24 17:00:00+12:00,0.001,KWH,,2,actual
,2026-07-24 17:00:00+12:00,2026-07-24 17:30:00+12:00,0.001,KWH,,2,actual
,2026-07-24 17:00:00+12:00,2026-07-24 17:30:00+12:00,0.167,KWH,,1,actual
,2026-07-24 17:30:00+12:00,2026-07-24 18:00:00+12:00,0.185,KWH,,1,actual
,2026-07-24 17:30:00+12:00,2026-07-24 18:00:00+12:00,0.001,KWH,,2,actual
,2026-07-24 18:00:00+12:00,2026-07-24 18:30:00+12:00,1.175,KWH,,1,actual
,2026-07-24 18:00:00+12:00,2026-07-24 18:30:00+12:00,0.009,KWH,,2,actual
,2026-07-24 18:30:00+12:00,2026-07-24 19:00:00+12:00,0.367,KWH,,2,actual
,2026-07-24 18:30:00+12:00,2026-07-24 19:00:00+12:00,0.861,KWH,,1,actual
,2026-07-24 19:00:00+12:00,2026-07-24 19:30:00+12:00,0.001,KWH,,2,actual
,2026-07-24 19:00:00+12:00,2026-07-24 19:30:00+12:00,0.901,KWH,,1,actual
,2026-07-24 19:30:00+12:00,2026-07-24 20:00:00+12:00,0,KWH,,2,actual
,2026-07-24 19:30:00+12:00,2026-07-24 20:00:00+12:00,1.347,KWH,,1,actual
,2026-07-24 20:00:00+12:00,2026-07-24 20:30:00+12:00,0.001,KWH,,2,actual
,2026-07-24 20:00:00+12:00,2026-07-24 20:30:00+12:00,1.66,KWH,,1,actual
,2026-07-24 20:30:00+12:00,2026-07-24 21:00:00+12:00,0.001,KWH,,2,actual
,2026-07-24 20:30:00+12:00,2026-07-24 21:00:00+12:00,1.684,KWH,,1,actual
,2026-07-24 21:00:00+12:00,2026-07-24 21:30:00+12:00,0.001,KWH,,2,actual
,2026-07-24 21:00:00+12:00,2026-07-24 21:30:00+12:00,1.264,KWH,,1,actual
,2026-07-24 21:30:00+12:00,2026-07-24 22:00:00+12:00,1.235,KWH,,1,actual
,2026-07-24 21:30:00+12:00,2026-07-24 22:00:00+12:00,0.001,KWH,,2,actual
,2026-07-24 22:00:00+12:00,2026-07-24 22:30:00+12:00,1.39,KWH,,1,actual
,2026-07-24 22:00:00+12:00,2026-07-24 22:30:00+12:00,0.072,KWH,,2,actual
,2026-07-24 22:30:00+12:00,2026-07-24 23:00:00+12:00,2.161,KWH,,1,actual
,2026-07-24 22:30:00+12:00,2026-07-24 23:00:00+12:00,0.557,KWH,,2,actual
,2026-07-24 23:00:00+12:00,2026-07-24 23:30:00+12:00,1.541,KWH,,1,actual
,2026-07-24 23:00:00+12:00,2026-07-24 23:30:00+12:00,0.549,KWH,,2,actual
,2026-07-24 23:30:00+12:00,2026-07-25 00:00:00+12:00,0.546,KWH,,2,actual
,2026-07-24 23:30:00+12:00,2026-07-25 00:00:00+12:00,1.533,KWH,,1,actual
,2026-07-25 00:00:00+12:00,2026-07-25 00:30:00+12:00,0.547,KWH,,2,actual
,2026-07-25 00:00:00+12:00,2026-07-25 00:30:00+12:00,1.097,KWH,,1,actual
,2026-07-25 00:30:00+12:00,2026-07-25 01:00:00+12:00,1.103,KWH,,1,actual
,2026-07-25 00:30:00+12:00,2026-07-25 01:00:00+12:00,0.444,KWH,,2,actual
,2026-07-25 01:00:00+12:00,2026-07-25 01:30:00+12:00,1.111,KWH,,1,actual
,2026-07-25 01:00:00+12:00,2026-07-25 01:30:00+12:00,0.001,KWH,,2,actual
,2026-07-25 01:30:00+12:00,2026-07-25 02:00:00+12:00,0,KWH,,2,actual
,2026-07-25 01:30:00+12:00,2026-07-25 02:00:00+12:00,1.019,KWH,,1,actual
,2026-07-25 02:00:00+12:00,2026-07-25 02:30:00+12:00,1.047,KWH,,1,actual
,2026-07-25 02:00:00+12:00,2026-07-25 02:30:00+12:00,0.001,KWH,,2,actual
,2026-07-25 02:30:00+12:00,2026-07-25 03:00:00+12:00,0.001,KWH,,2,actual
,2026-07-25 02:30:00+12:00,2026-07-25 03:00:00+12:00,1.031,KWH,,1,actual
,2026-07-25 03:00:00+12:00,2026-07-25 03:30:00+12:00,0.001,KWH,,2,actual
,2026-07-25 03:00:00+12:00,2026-07-25 03:30:00+12:00,0.976,KWH,,1,actual
,2026-07-25 03:30:00+12:00,2026-07-25 04:00:00+12:00,0.999,KWH,,1,actual
,2026-07-25 03:30:00+12:00,2026-07-25 04:00:00+12:00,0.001,KWH,,2,actual
,2026-07-25 04:00:00+12:00,2026-07-25 04:30:00+12:00,0.001,KWH,,2,actual
,2026-07-25 04:00:00+12:00,2026-07-25 04:30:00+12:00,1.038,KWH,,1,actual
,2026-07-25 04:30:00+12:00,2026-07-25 05:00:00+12:00,0.997,KWH,,1,actual
,2026-07-25 04:30:00+12:00,2026-07-25 05:00:00+12:00,0.001,KWH,,2,actual
,2026-07-25 05:00:00+12:00,2026-07-25 05:30:00+12:00,1.003,KWH,,1,actual
,2026-07-25 05:00:00+12:00,2026-07-25 05:30:00+12:00,0.001,KWH,,2,actual
,2026-07-25 05:30:00+12:00,2026-07-25 06:00:00+12:00,0.001,KWH,,2,actual
,2026-07-25 05:30:00+12:00,2026-07-25 06:00:00+12:00,1.378,KWH,,1,actual
,2026-07-25 06:00:00+12:00,2026-07-25 06:30:00+12:00,0.001,KWH,,2,actual
,2026-07-25 06:00:00+12:00,2026-07-25 06:30:00+12:00,1.422,KWH,,1,actual
,2026-07-25 06:30:00+12:00,2026-07-25 07:00:00+12:00,0.001,KWH,,2,actual
,2026-07-25 06:30:00+12:00,2026-07-25 07:00:00+12:00,1.38,KWH,,1,actual
,2026-07-25 07:00:00+12:00,2026-07-25 07:30:00+12:00,0.979,KWH,,1,actual
,2026-07-25 07:00:00+12:00,2026-07-25 07:30:00+12:00,0.156,KWH,,2,actual
,2026-07-25 07:30:00+12:00,2026-07-25 08:00:00+12:00,1.373,KWH,,1,actual
,2026-07-25 07:30:00+12:00,2026-07-25 08:00:00+12:00,0.543,KWH,,2,actual
,2026-07-25 08:00:00+12:00,2026-07-25 08:30:00+12:00,1.517,KWH,,1,actual
,2026-07-25 08:00:00+12:00,2026-07-25 08:30:00+12:00,0.54,KWH,,2,actual
,2026-07-25 08:30:00+12:00,2026-07-25 09:00:00+12:00,0.589,KWH,,2,actual
,2026-07-25 08:30:00+12:00,2026-07-25 09:00:00+12:00,0.956,KWH,,1,actual
,2026-07-25 09:00:00+12:00,2026-07-25 09:30:00+12:00,0.001,KWH,,2,actual
,2026-07-25 09:00:00+12:00,2026-07-25 09:30:00+12:00,0.575,KWH,,1,actual
,2026-07-25 09:30:00+12:00,2026-07-25 10:00:00+12:00,0.46,KWH,,2,actual
,2026-07-25 09:30:00+12:00,2026-07-25 10:00:00+12:00,0.729,KWH,,1,actual
,2026-07-25 10:00:00+12:00,2026-07-25 10:30:00+12:00,0.698,KWH,,1,actual
,2026-07-25 10:00:00+12:00,2026-07-25 10:30:00+12:00,0.534,KWH,,2,actual
,2026-07-25 10:30:00+12:00,2026-07-25 11:00:00+12:00,0.532,KWH,,2,actual
,2026-07-25 10:30:00+12:00,2026-07-25 11:00:00+12:00,0.714,KWH,,1,actual
,2026-07-25 11:00:00+12:00,2026-07-25 11:30:00+12:00,0.968,KWH,,1,actual
,2026-07-25 11:00:00+12:00,2026-07-25 11:30:00+12:00,0.532,KWH,,2,actual
,2026-07-25 11:30:00+12:00,2026-07-25 12:00:00+12:00,0.848,KWH,,1,actual
,2026-07-25 11:30:00+12:00,2026-07-25 12:00:00+12:00,0.534,KWH,,2,actual
,2026-07-25 12:00:00+12:00,2026-07-25 12:30:00+12:00,1.018,KWH,,1,actual
,2026-07-25 12:00:00+12:00,2026-07-25 12:30:00+12:00,0.537,KWH,,2,actual
,2026-07-25 12:30:00+12:00,2026-07-25 13:00:00+12:00,0.542,KWH,,2,actual
,2026-07-25 12:30:00+12:00,2026-07-25 13:00:00+12:00,2.562,KWH,,1,actual
,2026-07-25 13:00:00+12:00,2026-07-25 13:30:00+12:00,0.674,KWH,,1,actual
,2026-07-25 13:00:00+12:00,2026-07-25 13:30:00+12:00,0.339,KWH,,2,actual
,2026-07-25 13:30:00+12:00,2026-07-25 14:00:00+12:00,0.715,KWH,,1,actual
,2026-07-25 13:30:00+12:00,2026-07-25 14:00:00+12:00,0.001,KWH,,2,actual
,2026-07-25 14:00:00+12:00,2026-07-25 14:30:00+12:00,0.001,KWH,,2,actual
,2026-07-25 14:00:00+12:00,2026-07-25 14:30:00+12:00,0.738,KWH,,1,actual
,2026-07-25 14:30:00+12:00,2026-07-25 15:00:00+12:00,0.694,KWH,,1,actual
,2026-07-25 14:30:00+12:00,2026-07-25 15:00:00+12:00,0.001,KWH,,2,actual
,2026-07-25 15:00:00+12:00,2026-07-25 15:30:00+12:00,0.001,KWH,,2,actual
,2026-07-25 15:00:00+12:00,2026-07-25 15:30:00+12:00,0.697,KWH,,1,actual
,2026-07-25 15:30:00+12:00,2026-07-25 16:00:00+12:00,0.001,KWH,,2,actual
,2026-07-25 15:30:00+12:00,2026-07-25 16:00:00+12:00,0.697,KWH,,1,actual
,2026-07-25 16:00:00+12:00,2026-07-25 16:30:00+12:00,0.675,KWH,,1,actual
,2026-07-25 16:00:00+12:00,2026-07-25 16:30:00+12:00,0.001,KWH,,2,actual
,2026-07-25 16:30:00+12:00,2026-07-25 17:00:00+12:00,0.701,KWH,,1,actual
,2026-07-25 16:30:00+12:00,2026-07-25 17:00:00+12:00,0,KWH,,2,actual
,2026-07-25 17:00:00+12:00,2026-07-25 17:30:00+12:00,0.001,KWH,,2,actual
,2026-07-25 17:00:00+12:00,2026-07-25 17:30:00+12:00,1.469,KWH,,1,actual
,2026-07-25 17:30:00+12:00,2026-07-25 18:00:00+12:00,0.929,KWH,,1,actual
,2026-07-25 17:30:00+12:00,2026-07-25 18:00:00+12:00,0.001,KWH,,2,actual
,2026-07-25 18:00:00+12:00,2026-07-25 18:30:00+12:00,2.663,KWH,,1,actual
,2026-07-25 18:00:00+12:00,2026-07-25 18:30:00+12:00,0.341,KWH,,2,actual
,2026-07-25 18:30:00+12:00,2026-07-25 19:00:00+12:00,0.001,KWH,,2,actual
,2026-07-25 18:30:00+12:00,2026-07-25 19:00:00+12:00,1.505,KWH,,1,actual
,2026-07-25 19:00:00+12:00,2026-07-25 19:30:00+12:00,0.38,KWH,,2,actual
,2026-07-25 19:00:00+12:00,2026-07-25 19:30:00+12:00,1.435,KWH,,1,actual
,2026-07-25 19:30:00+12:00,2026-07-25 20:00:00+12:00,0.264,KWH,,2,actual
,2026-07-25 19:30:00+12:00,2026-07-25 20:00:00+12:00,1.309,KWH,,1,actual
,2026-07-25 20:00:00+12:00,2026-07-25 20:30:00+12:00,0.001,KWH,,2,actual
,2026-07-25 20:00:00+12:00,2026-07-25 20:30:00+12:00,1.303,KWH,,1,actual
,2026-07-25 20:30:00+12:00,2026-07-25 21:00:00+12:00,0.001,KWH,,2,actual
,2026-07-25 20:30:00+12:00,2026-07-25 21:00:00+12:00,1.245,KWH,,1,actual
,2026-07-25 21:00:00+12:00,2026-07-25 21:30:00+12:00,0.001,KWH,,2,actual
,2026-07-25 21:00:00+12:00,2026-07-25 21:30:00+12:00,1.15,KWH,,1,actual
,2026-07-25 21:30:00+12:00,2026-07-25 22:00:00+12:00,1.087,KWH,,1,actual
,2026-07-25 21:30:00+12:00,2026-07-25 22:00:00+12:00,0.001,KWH,,2,actual
,2026-07-25 22:00:00+12:00,2026-07-25 22:30:00+12:00,1.465,KWH,,1,actual
,2026-07-25 22:00:00+12:00,2026-07-25 22:30:00+12:00,0.285,KWH,,2,actual
,2026-07-25 22:30:00+12:00,2026-07-25 23:00:00+12:00,1.161,KWH,,1,actual
,2026-07-25 22:30:00+12:00,2026-07-25 23:00:00+12:00,0.547,KWH,,2,actual
,2026-07-25 23:00:00+12:00,2026-07-25 23:30:00+12:00,1.121,KWH,,1,actual
,2026-07-25 23:00:00+12:00,2026-07-25 23:30:00+12:00,0.547,KWH,,2,actual
,2026-07-25 23:30:00+12:00,2026-07-26 00:00:00+12:00,0.586,KWH,,2,actual
,2026-07-25 23:30:00+12:00,2026-07-26 00:00:00+12:00,1.083,KWH,,1,actual
,2026-07-26 00:00:00+12:00,2026-07-26 00:30:00+12:00,0.703,KWH,,2,actual
,2026-07-26 00:00:00+12:00,2026-07-26 00:30:00+12:00,1.047,KWH,,1,actual
,2026-07-26 00:30:00+12:00,2026-07-26 01:00:00+12:00,1.064,KWH,,1,actual
,2026-07-26 00:30:00+12:00,2026-07-26 01:00:00+12:00,0.676,KWH,,2,actual
,2026-07-26 01:00:00+12:00,2026-07-26 01:30:00+12:00,0.979,KWH,,1,actual
,2026-07-26 01:00:00+12:00,2026-07-26 01:30:00+12:00,0.001,KWH,,2,actual
,2026-07-26 01:30:00+12:00,2026-07-26 02:00:00+12:00,0.001,KWH,,2,actual
,2026-07-26 01:30:00+12:00,2026-07-26 02:00:00+12:00,0.815,KWH,,1,actual
,2026-07-26 02:00:00+12:00,2026-07-26 02:30:00+12:00,0.849,KWH,,1,actual
,2026-07-26 02:00:00+12:00,2026-07-26 02:30:00+12:00,0.001,KWH,,2,actual
,2026-07-26 02:30:00+12:00,2026-07-26 03:00:00+12:00,0.001,KWH,,2,actual
,2026-07-26 02:30:00+12:00,2026-07-26 03:00:00+12:00,0.955,KWH,,1,actual
,2026-07-26 03:00:00+12:00,2026-07-26 03:30:00+12:00,0.001,KWH,,2,actual
,2026-07-26 03:00:00+12:00,2026-07-26 03:30:00+12:00,0.97,KWH,,1,actual
,2026-07-26 03:30:00+12:00,2026-07-26 04:00:00+12:00,0.965,KWH,,1,actual
,2026-07-26 03:30:00+12:00,2026-07-26 04:00:00+12:00,0.001,KWH,,2,actual
,2026-07-26 04:00:00+12:00,2026-07-26 04:30:00+12:00,0.001,KWH,,2,actual
,2026-07-26 04:00:00+12:00,2026-07-26 04:30:00+12:00,1.071,KWH,,1,actual
,2026-07-26 04:30:00+12:00,2026-07-26 05:00:00+12:00,1.047,KWH,,1,actual
,2026-07-26 04:30:00+12:00,2026-07-26 05:00:00+12:00,0.001,KWH,,2,actual
,2026-07-26 05:00:00+12:00,2026-07-26 05:30:00+12:00,1.082,KWH,,1,actual
,2026-07-26 05:00:00+12:00,2026-07-26 05:30:00+12:00,0.001,KWH,,2,actual
,2026-07-26 05:30:00+12:00,2026-07-26 06:00:00+12:00,0,KWH,,2,actual
,2026-07-26 05:30:00+12:00,2026-07-26 06:00:00+12:00,1.522,KWH,,1,actual
,2026-07-26 06:00:00+12:00,2026-07-26 06:30:00+12:00,0.001,KWH,,2,actual
,2026-07-26 06:00:00+12:00,2026-07-26 06:30:00+12:00,1.543,KWH,,1,actual
,2026-07-26 06:30:00+12:00,2026-07-26 07:00:00+12:00,0.001,KWH,,2,actual
,2026-07-26 06:30:00+12:00,2026-07-26 07:00:00+12:00,1.585,KWH,,1,actual
,2026-07-26 07:00:00+12:00,2026-07-26 07:30:00+12:00,1.427,KWH,,1,actual
,2026-07-26 07:00:00+12:00,2026-07-26 07:30:00+12:00,0.001,KWH,,2,actual
,2026-07-26 07:30:00+12:00,2026-07-26 08:00:00+12:00,1.405,KWH,,1,actual
,2026-07-26 07:30:00+12:00,2026-07-26 08:00:00+12:00,0.001,KWH,,2,actual
,2026-07-26 08:00:00+12:00,2026-07-26 08:30:00+12:00,1.407,KWH,,1,actual
,2026-07-26 08:00:00+12:00,2026-07-26 08:30:00+12:00,0.001,KWH,,2,actual
,2026-07-26 08:30:00+12:00,2026-07-26 09:00:00+12:00,0.001,KWH,,2,actual
,2026-07-26 08:30:00+12:00,2026-07-26 09:00:00+12:00,0.595,KWH,,1,actual
,2026-07-26 09:00:00+12:00,2026-07-26 09:30:00+12:00,0.111,KWH,,2,actual
,2026-07-26 09:00:00+12:00,2026-07-26 09:30:00+12:00,0.604,KWH,,1,actual
,2026-07-26 09:30:00+12:00,2026-07-26 10:00:00+12:00,0.198,KWH,,2,actual
,2026-07-26 09:30:00+12:00,2026-07-26 10:00:00+12:00,0.927,KWH,,1,actual
,2026-07-26 10:00:00+12:00,2026-07-26 10:30:00+12:00,0.628,KWH,,1,actual
,2026-07-26 10:00:00+12:00,2026-07-26 10:30:00+12:00,0.001,KWH,,2,actual
,2026-07-26 10:30:00+12:00,2026-07-26 11:00:00+12:00,0.001,KWH,,2,actual
,2026-07-26 10:30:00+12:00,2026-07-26 11:00:00+12:00,0.64,KWH,,1,actual
,2026-07-26 11:00:00+12:00,2026-07-26 11:30:00+12:00,1.975,KWH,,1,actual
,2026-07-26 11:00:00+12:00,2026-07-26 11:30:00+12:00,0.39,KWH,,2,actual
,2026-07-26 11:30:00+12:00,2026-07-26 12:00:00+12:00,1.389,KWH,,1,actual
,2026-07-26 11:30:00+12:00,2026-07-26 12:00:00+12:00,0.546,KWH,,2,actual
,2026-07-26 12:00:00+12:00,2026-07-26 12:30:00+12:00,0.546,KWH,,2,actual
,2026-07-26 12:00:00+12:00,2026-07-26 12:30:00+12:00,0.518,KWH,,1,actual
,2026-07-26 12:30:00+12:00,2026-07-26 13:00:00+12:00,0.642,KWH,,1,actual
,2026-07-26 12:30:00+12:00,2026-07-26 13:00:00+12:00,0.051,KWH,,2,actual
,2026-07-26 13:00:00+12:00,2026-07-26 13:30:00+12:00,0.226,KWH,,2,actual
,2026-07-26 13:00:00+12:00,2026-07-26 13:30:00+12:00,0.519,KWH,,1,actual
,2026-07-26 13:30:00+12:00,2026-07-26 14:00:00+12:00,0.001,KWH,,2,actual
,2026-07-26 13:30:00+12:00,2026-07-26 14:00:00+12:00,0.508,KWH,,1,actual
,2026-07-26 14:00:00+12:00,2026-07-26 14:30:00+12:00,0.816,KWH,,1,actual
,2026-07-26 14:00:00+12:00,2026-07-26 14:30:00+12:00,0.001,KWH,,2,actual
,2026-07-26 14:30:00+12:00,2026-07-26 15:00:00+12:00,0.001,KWH,,2,actual
,2026-07-26 14:30:00+12:00,2026-07-26 15:00:00+12:00,0.544,KWH,,1,actual
,2026-07-26 15:00:00+12:00,2026-07-26 15:30:00+12:00,0.587,KWH,,1,actual
,2026-07-26 15:00:00+12:00,2026-07-26 15:30:00+12:00,0,KWH,,2,actual
,2026-07-26 15:30:00+12:00,2026-07-26 16:00:00+12:00,0.608,KWH,,1,actual
,2026-07-26 15:30:00+12:00,2026-07-26 16:00:00+12:00,0.557,KWH,,2,actual
,2026-07-26 16:00:00+12:00,2026-07-26 16:30:00+12:00,0.176,KWH,,2,actual
,2026-07-26 16:00:00+12:00,2026-07-26 16:30:00+12:00,0.587,KWH,,1,actual
,2026-07-26 16:30:00+12:00,2026-07-26 17:00:00+12:00,0.001,KWH,,2,actual
,2026-07-26 16:30:00+12:00,2026-07-26 17:00:00+12:00,0.588,KWH,,1,actual
,2026-07-26 17:00:00+12:00,2026-07-26 17:30:00+12:00,2.478,KWH,,1,actual
,2026-07-26 17:00:00+12:00,2026-07-26 17:30:00+12:00,0.345,KWH,,2,actual
,2026-07-26 17:30:00+12:00,2026-07-26 18:00:00+12:00,0.551,KWH,,2,actual
,2026-07-26 17:30:00+12:00,2026-07-26 18:00:00+12:00,2.516,KWH,,1,actual
,2026-07-26 18:00:00+12:00,2026-07-26 18:30:00+12:00,0.553,KWH,,2,actual
,2026-07-26 18:00:00+12:00,2026-07-26 18:30:00+12:00,3.901,KWH,,1,actual
,2026-07-26 18:30:00+12:00,2026-07-26 19:00:00+12:00,2.538,KWH,,1,actual
,2026-07-26 18:30:00+12:00,2026-07-26 19:00:00+12:00,0.556,KWH,,2,actual
,2026-07-26 19:00:00+12:00,2026-07-26 19:30:00+12:00,2.455,KWH,,1,actual
,2026-07-26 19:00:00+12:00,2026-07-26 19:30:00+12:00,0.598,KWH,,2,actual
,2026-07-26 19:30:00+12:00,2026-07-26 20:00:00+12:00,2.429,KWH,,1,actual
,2026-07-26 19:30:00+12:00,2026-07-26 20:00:00+12:00,0.095,KWH,,2,actual
,2026-07-26 20:00:00+12:00,2026-07-26 20:30:00+12:00,2.514,KWH,,1,actual
,2026-07-26 20:00:00+12:00,2026-07-26 20:30:00+12:00,0.001,KWH,,2,actual
,2026-07-26 20:30:00+12:00,2026-07-26 21:00:00+12:00,2.458,KWH,,1,actual
,2026-07-26 20:30:00+12:00,2026-07-26 21:00:00+12:00,0,KWH,,2,actual
,2026-07-26 21:00:00+12:00,2026-07-26 21:30:00+12:00,3.556,KWH,,1,actual
,2026-07-26 21:00:00+12:00,2026-07-26 21:30:00+12:00,0.001,KWH,,2,actual
,2026-07-26 21:30:00+12:00,2026-07-26 22:00:00+12:00,0.22,KWH,,2,actual
,2026-07-26 21:30:00+12:00,2026-07-26 22:00:00+12:00,2.924,KWH,,1,actual
,2026-07-26 22:00:00+12:00,2026-07-26 22:30:00+12:00,0.611,KWH,,2,actual
,2026-07-26 22:00:00+12:00,2026-07-26 22:30:00+12:00,2.988,KWH,,1,actual
,2026-07-26 22:30:00+12:00,2026-07-26 23:00:00+12:00,0.086,KWH,,2,actual
,2026-07-26 22:30:00+12:00,2026-07-26 23:00:00+12:00,3.363,KWH,,1,actual
,2026-07-26 23:00:00+12:00,2026-07-26 23:30:00+12:00,0,KWH,,2,actual
,2026-07-26 23:00:00+12:00,2026-07-26 23:30:00+12:00,5.054,KWH,,1,actual
,2026-07-26 23:30:00+12:00,2026-07-27 00:00:00+12:00,3.004,KWH,,1,actual
,2026-07-26 23:30:00+12:00,2026-07-27 00:00:00+12:00,0.176,KWH,,2,actual
,2026-07-27 00:00:00+12:00,2026-07-27 00:30:00+12:00,1.826,KWH,,1,actual
,2026-07-27 00:00:00+12:00,2026-07-27 00:30:00+12:00,0.189,KWH,,2,actual
,2026-07-27 00:30:00+12:00,2026-07-27 01:00:00+12:00,0.001,KWH,,2,actual
,2026-07-27 00:30:00+12:00,2026-07-27 01:00:00+12:00,1.07,KWH,,1,actual
,2026-07-27 01:00:00+12:00,2026-07-27 01:30:00+12:00,0.001,KWH,,2,actual
,2026-07-27 01:00:00+12:00,2026-07-27 01:30:00+12:00,0.848,KWH,,1,actual
,2026-07-27 01:30:00+12:00,2026-07-27 02:00:00+12:00,0.881,KWH,,1,actual
,2026-07-27 01:30:00+12:00,2026-07-27 02:00:00+12:00,0.001,KWH,,2,actual
,2026-07-27 02:00:00+12:00,2026-07-27 02:30:00+12:00,0.002,KWH,,2,actual
,2026-07-27 02:00:00+12:00,2026-07-27 02:30:00+12:00,0.965,KWH,,1,actual
,2026-07-27 02:30:00+12:00,2026-07-27 03:00:00+12:00,0.96,KWH,,1,actual
,2026-07-27 02:30:00+12:00,2026-07-27 03:00:00+12:00,0.001,KWH,,2,actual
,2026-07-27 03:00:00+12:00,2026-07-27 03:30:00+12:00,1.035,KWH,,1,actual
,2026-07-27 03:00:00+12:00,2026-07-27 03:30:00+12:00,0.001,KWH,,2,actual
,2026-07-27 03:30:00+12:00,2026-07-27 04:00:00+12:00,0.001,KWH,,2,actual
,2026-07-27 03:30:00+12:00,2026-07-27 04:00:00+12:00,1.068,KWH,,1,actual
,2026-07-27 04:00:00+12:00,2026-07-27 04:30:00+12:00,1.149,KWH,,1,actual
,2026-07-27 04:00:00+12:00,2026-07-27 04:30:00+12:00,0.001,KWH,,2,actual
,2026-07-27 04:30:00+12:00,2026-07-27 05:00:00+12:00,0.001,KWH,,2,actual
,2026-07-27 04:30:00+12:00,2026-07-27 05:00:00+12:00,1.175,KWH,,1,actual
,2026-07-27 05:00:00+12:00,2026-07-27 05:30:00+12:00,0.001,KWH,,2,actual
,2026-07-27 05:00:00+12:00,2026-07-27 05:30:00+12:00,1.188,KWH,,1,actual
,2026-07-27 05:30:00+12:00,2026-07-27 06:00:00+12:00,1.681,KWH,,1,actual
,2026-07-27 05:30:00+12:00,2026-07-27 06:00:00+12:00,0.001,KWH,,2,actual
,2026-07-27 06:00:00+12:00,2026-07-27 06:30:00+12:00,1.784,KWH,,1,actual
,2026-07-27 06:00:00+12:00,2026-07-27 06:30:00+12:00,0.001,KWH,,2,actual
,2026-07-27 06:30:00+12:00,2026-07-27 07:00:00+12:00,1.722,KWH,,1,actual
,2026-07-27 06:30:00+12:00,2026-07-27 07:00:00+12:00,0.055,KWH,,2,actual
,2026-07-27 07:00:00+12:00,2026-07-27 07:30:00+12:00,0.329,KWH,,2,actual
,2026-07-27 07:00:00+12:00,2026-07-27 07:30:00+12:00,1.498,KWH,,1,actual
,2026-07-27 07:30:00+12:00,2026-07-27 08:00:00+12:00,0.001,KWH,,2,actual
,2026-07-27 07:30:00+12:00,2026-07-27 08:00:00+12:00,1.604,KWH,,1,actual
,2026-07-27 08:00:00+12:00,2026-07-27 08:30:00+12:00,0.001,KWH,,2,actual
,2026-07-27 08:00:00+12:00,2026-07-27 08:30:00+12:00,2.132,KWH,,1,actual
,2026-07-27 08:30:00+12:00,2026-07-27 09:00:00+12:00,0.44,KWH,,1,actual
,2026-07-27 08:30:00+12:00,2026-07-27 09:00:00+12:00,0.001,KWH,,2,actual
,2026-07-27 09:00:00+12:00,2026-07-27 09:30:00+12:00,0.714,KWH,,1,actual
,2026-07-27 09:00:00+12:00,2026-07-27 09:30:00+12:00,0,KWH,,2,actual
,2026-07-27 09:30:00+12:00,2026-07-27 10:00:00+12:00,0.658,KWH,,1,actual
,2026-07-27 09:30:00+12:00,2026-07-27 10:00:00+12:00,0.001,KWH,,2,actual
,2026-07-27 10:00:00+12:00,2026-07-27 10:30:00+12:00,0.001,KWH,,2,actual
,2026-07-27 10:00:00+12:00,2026-07-27 10:30:00+12:00,0.657,KWH,,1,actual
,2026-07-27 10:30:00+12:00,2026-07-27 11:00:00+12:00,0.653,KWH,,1,actual
,2026-07-27 10:30:00+12:00,2026-07-27 11:00:00+12:00,0.001,KWH,,2,actual
,2026-07-27 11:00:00+12:00,2026-07-27 11:30:00+12:00,0.285,KWH,,2,actual
,2026-07-27 11:00:00+12:00,2026-07-27 11:30:00+12:00,0.369,KWH,,1,actual
,2026-07-27 11:30:00+12:00,2026-07-27 12:00:00+12:00,0.031,KWH,,2,actual
,2026-07-27 11:30:00+12:00,2026-07-27 12:00:00+12:00,0.305,KWH,,1,actual
,2026-07-27 12:00:00+12:00,2026-07-27 12:30:00+12:00,0.436,KWH,,1,actual
,2026-07-27 12:00:00+12:00,2026-07-27 12:30:00+12:00,0.001,KWH,,2,actual
,2026-07-27 12:30:00+12:00,2026-07-27 13:00:00+12:00,1.36,KWH,,1,actual
,2026-07-27 12:30:00+12:00,2026-07-27 13:00:00+12:00,0,KWH,,2,actual
,2026-07-27 13:00:00+12:00,2026-07-27 13:30:00+12:00,0.001,KWH,,2,actual
,2026-07-27 13:00:00+12:00,2026-07-27 13:30:00+12:00,1.391,KWH,,1,actual
,2026-07-27 13:30:00+12:00,2026-07-27 14:00:00+12:00,0.91,KWH,,1,actual
,2026-07-27 13:30:00+12:00,2026-07-27 14:00:00+12:00,0.001,KWH,,2,actual
,2026-07-27 14:00:00+12:00,2026-07-27 14:30:00+12:00,0.001,KWH,,2,actual
,2026-07-27 14:00:00+12:00,2026-07-27 14:30:00+12:00,0.909,KWH,,1,actual
,2026-07-27 14:30:00+12:00,2026-07-27 15:00:00+12:00,0.95,KWH,,1,actual
,2026-07-27 14:30:00+12:00,2026-07-27 15:00:00+12:00,0.172,KWH,,2,actual
,2026-07-27 15:00:00+12:00,2026-07-27 15:30:00+12:00,0.338,KWH,,2,actual
,2026-07-27 15:00:00+12:00,2026-07-27 15:30:00+12:00,1.049,KWH,,1,actual
,2026-07-27 15:30:00+12:00,2026-07-27 16:00:00+12:00,1.386,KWH,,1,actual
,2026-07-27 15:30:00+12:00,2026-07-27 16:00:00+12:00,0.001,KWH,,2,actual
,2026-07-27 16:00:00+12:00,2026-07-27 16:30:00+12:00,0.001,KWH,,2,actual
,2026-07-27 16:00:00+12:00,2026-07-27 16:30:00+12:00,1.019,KWH,,1,actual
,2026-07-27 16:30:00+12:00,2026-07-27 17:00:00+12:00,0.001,KWH,,2,actual
,2026-07-27 16:30:00+12:00,2026-07-27 17:00:00+12:00,0.678,KWH,,1,actual
,2026-07-27 17:00:00+12:00,2026-07-27 17:30:00+12:00,0.001,KWH,,2,actual
,2026-07-27 17:00:00+12:00,2026-07-27 17:30:00+12:00,0.841,KWH,,1,actual
,2026-07-27 17:30:00+12:00,2026-07-27 18:00:00+12:00,1.093,KWH,,1,actual
,2026-07-27 17:30:00+12:00,2026-07-27 18:00:00+12:00,0.001,KWH,,2,actual
,2026-07-27 18:00:00+12:00,2026-07-27 18:30:00+12:00,1.9,KWH,,1,actual
,2026-07-27 18:00:00+12:00,2026-07-27 18:30:00+12:00,0.237,KWH,,2,actual
,2026-07-27 18:30:00+12:00,2026-07-27 19:00:00+12:00,0.252,KWH,,2,actual
,2026-07-27 18:30:00+12:00,2026-07-27 19:00:00+12:00,1.775,KWH,,1,actual
,2026-07-27 19:00:00+12:00,2026-07-27 19:30:00+12:00,1.834,KWH,,1,actual
,2026-07-27 19:00:00+12:00,2026-07-27 19:30:00+12:00,0.001,KWH,,2,actual
,2026-07-27 19:30:00+12:00,2026-07-27 20:00:00+12:00,1.472,KWH,,1,actual
,2026-07-27 19:30:00+12:00,2026-07-27 20:00:00+12:00,0.001,KWH,,2,actual
,2026-07-27 20:00:00+12:00,2026-07-27 20:30:00+12:00,1.082,KWH,,1,actual
,2026-07-27 20:00:00+12:00,2026-07-27 20:30:00+12:00,0.001,KWH,,2,actual
,2026-07-27 20:30:00+12:00,2026-07-27 21:00:00+12:00,0.211,KWH,,2,actual
,2026-07-27 20:30:00+12:00,2026-07-27 21:00:00+12:00,1.473,KWH,,1,actual
,2026-07-27 21:00:00+12:00,2026-07-27 21:30:00+12:00,0.545,KWH,,2,actual
,2026-07-27 21:00:00+12:00,2026-07-27 21:30:00+12:00,1.175,KWH,,1,actual
,2026-07-27 21:30:00+12:00,2026-07-27 22:00:00+12:00,1.019,KWH,,1,actual
,2026-07-27 21:30:00+12:00,2026-07-27 22:00:00+12:00,0.543,KWH,,2,actual
,2026-07-27 22:00:00+12:00,2026-07-27 22:30:00+12:00,0.544,KWH,,2,actual
,2026-07-27 22:00:00+12:00,2026-07-27 22:30:00+12:00,0.986,KWH,,1,actual
,2026-07-27 22:30:00+12:00,2026-07-27 23:00:00+12:00,3.2,KWH,,1,actual
,2026-07-27 22:30:00+12:00,2026-07-27 23:00:00+12:00,0.547,KWH,,2,actual
,2026-07-27 23:00:00+12:00,2026-07-27 23:30:00+12:00,0.642,KWH,,2,actual
,2026-07-27 23:00:00+12:00,2026-07-27 23:30:00+12:00,2.51,KWH,,1,actual
,2026-07-27 23:30:00+12:00,2026-07-28 00:00:00+12:00,0.161,KWH,,2,actual
,2026-07-27 23:30:00+12:00,2026-07-28 00:00:00+12:00,2.306,KWH,,1,actual
